isco08_code,occupation_title,task_score,task_exposure,task_description
1111,Legislators,0.34,Low,"Presiding over or participating in the proceedings of legislative bodies and administrative councils of national, state, regional or local governments or legislative assemblies;"
1111,Legislators,0.3575,Low,"Determining, formulating and directing policies of national, state, regional or local governments;"
1111,Legislators,0.29,Low,"Making, ratifying, amending or repealing laws, public rules and regulations within a statutory or constitutional framework;"
1111,Legislators,0.25,Low,Serving on government administrative boards or official committees;
1111,Legislators,0.345,Low,Investigating matters of concern to the public and promoting the interests of the constituencies which they represent;
1111,Legislators,0.335,Low,"Attending community functions and meetings to provide service to the community, understand public opinion and provide information on government plans;"
1111,Legislators,0.2625,Low,"Negotiating with other legislators and representatives of interest groups in order to reconcile differing interests, and to create policies and agreements;"
1111,Legislators,0.325,Low,"As members of the government, directing senior administrators and officials of government departments and agencies in the interpretation and implementation of government policies."
1112,Senior government officials,0.35,Low,"Advising national, state, regional or local governments and legislators on policy matters;"
1112,Senior government officials,0.435,Low,"Advising on the preparation of government budgets, laws and regulations, including amendments;"
1112,Senior government officials,0.355,Low,Establishing objectives for government departments or agencies in accordance with government legislation and policy;
1112,Senior government officials,0.355,Low,Formulating or approving and evaluating programmes and procedures for the implementation of government policies in conjunction or consultation with government;
1112,Senior government officials,0.535,Medium,"Recommending, reviewing, evaluating and approving documents, briefs and reports submitted by middle managers and senior staff members;"
1112,Senior government officials,0.385,Low,Ensuring appropriate systems and procedures are developed and implemented to provide budgetary control;
1112,Senior government officials,0.24,Very Low,Coordinating activities with other senior government managers and officials;
1112,Senior government officials,0.375,Low,Making presentations to legislative and other government committees regarding policies programmes or budgets;
1112,Senior government officials,0.36,Low,Overseeing the interpretation and implementation of government policies and legislation by government departments and agencies.
1113,Traditional chiefs and heads of village,0.315,Low,Allocating the use of communal land and other resources among households in the community or village;
1113,Traditional chiefs and heads of village,0.1475,Very Low,Collecting and distributing surplus production of the community or village;
1113,Traditional chiefs and heads of village,0.235,Very Low,Settling disputes between members of the community or village;
1113,Traditional chiefs and heads of village,0.15,Very Low,Disciplining members of the community or village for violation of rules and customs;
1113,Traditional chiefs and heads of village,0.106,Very Low,"Performing ceremonial duties in connection with births, marriages, deaths, harvests and other important occasions;"
1113,Traditional chiefs and heads of village,0.295,Low,Representing the community or village on local or regional councils;
1113,Traditional chiefs and heads of village,0.365,Low,Informing the community or village about government rules and regulations.
1114,Senior officials of special-interest organizations,0.365,Low,"Determining and formulating the policies, rules and regulations of the organization;"
1114,Senior officials of special-interest organizations,0.37,Low,"Planning, directing and coordinating the general functioning of the organization;"
1114,Senior officials of special-interest organizations,0.4,Low,"Reviewing the operations and results of the organization and reporting to boards of directors and governing bodies, the organization‚Äôs membership and funding agencies;"
1114,Senior officials of special-interest organizations,0.28,Low,"Negotiating on behalf of the organization, its members and relevant special-interest groups;"
1114,Senior officials of special-interest organizations,0.4225,Low,"Promoting the interests of the organization, its members and relevant special-interest groups before the legislature, government or general public;"
1114,Senior officials of special-interest organizations,0.35,Low,"Planning, organizing and directing sections charged with implementing the organization's policies, programmes, rules and regulations;"
1114,Senior officials of special-interest organizations,0.3825,Low,Ensuring appropriate systems and procedures are developed and implemented to provide budgetary control;
1114,Senior officials of special-interest organizations,0.455,Low,Monitoring and evaluating performance of the organization or enterprise against established objectives and policies;
1114,Senior officials of special-interest organizations,0.29,Low,"Representing the organization at official occasions and board meetings, in negotiations, at conventions, public hearings and forums."
1120,Managing directors and chief executives,0.3575,Low,"Planning, directing and coordinating the general functioning of an enterprise or organization;"
1120,Managing directors and chief executives,0.415,Low,"Reviewing the operations and results of the enterprise, or organization and reporting to boards of directors and governing bodies;"
1120,Managing directors and chief executives,0.465,Low,"Determining objectives, strategies, policies and programmes for the enterprise or organization;"
1120,Managing directors and chief executives,0.315,Low,Providing overall leadership and management to the enterprise or organization;
1120,Managing directors and chief executives,0.4125,Low,"Establishing and managing budgets, controlling expenditure and ensuring the efficient use of resources;"
1120,Managing directors and chief executives,0.37,Low,"Authorising material, human and financial resources to implement organizational policies and programmes;"
1120,Managing directors and chief executives,0.465,Low,Monitoring and evaluating performance of the organization or enterprise against established objectives and policies;
1120,Managing directors and chief executives,0.335,Low,Consulting with senior subordinate staff and reviewing recommendations and reports;
1120,Managing directors and chief executives,0.335,Low,"Representing the organization at official occasions and board meetings, in negotiations, at conventions, seminars, public hearings and forums;"
1120,Managing directors and chief executives,0.32,Low,Selecting or approving the selection of senior staff;
1120,Managing directors and chief executives,0.345,Low,Ensuring the organization complies with relevant legislation and regulations.
1211,Finance managers,0.415,Low,"Planning, directing and coordinating the financial operations of an enterprise or organization;"
1211,Finance managers,0.435,Low,"Assessing the financial situation of the enterprise or organization, preparing budgets and overseeing financial operations;"
1211,Finance managers,0.3375,Low,Consulting with the chief executive and with managers of other departments or sections
1211,Finance managers,0.37,Low,"Establishing and managing budgets, controlling expenditure and ensuring the efficient use of resources;"
1211,Finance managers,0.36,Low,Establishing and directing operational and administrative procedures;
1211,Finance managers,0.38,Low,Planning and directing daily operations;
1211,Finance managers,0.32,Low,"Overseeing the selection, training and performance of staff;"
1211,Finance managers,0.365,Low,Representing the enterprise or organization in dealings with outside bodies.
1212,Human resource managers,0.36,Low,"Planning, directing and coordinating the personnel and industrial relations activities, policies and practices of an enterprise or organization;"
1212,Human resource managers,0.35,Low,"Planning and organizing procedures for recruitment, training, promotion, transfer and dismissal of staff;"
1212,Human resource managers,0.315,Low,Planning and organizing negotiations and procedures for determination of wage structures and level and for consultation with workers on conditions of employment;
1212,Human resource managers,0.275,Low,"Overseeing safety, health and related programmes and activities;"
1212,Human resource managers,0.375,Low,"Establishing and managing budgets, controlling expenditure and ensuring the efficient use of resources;"
1212,Human resource managers,0.35,Low,Establishing and directing operational and administrative procedures;
1212,Human resource managers,0.475,Low,Overseeing the development and implementation of management information systems;
1212,Human resource managers,0.305,Low,"Ensuring compliance with standards and legislation relating to employees rights, health and safety, equal opportunity and related concerns;"
1212,Human resource managers,0.36,Low,"Overseeing the selection, training and performance of staff for the entire enterprise or organization;"
1212,Human resource managers,0.385,Low,Consulting with senior management and with managers of other departments;
1212,Human resource managers,0.37,Low,Representing the enterprise or organization in dealings with outside bodies.
1213,Policy and planning managers,0.3625,Low,"Developing, implementing and monitoring strategic plans, programmes, policies, processes, systems and procedures to achieve goals, objectives and work standards;"
1213,Policy and planning managers,0.4125,Low,"Developing, directing, administering and participating in policy research and analysis;"
1213,Policy and planning managers,0.385,Low,Coordinating the implementation of policies and practices;
1213,Policy and planning managers,0.3585,Low,Establishing activity measures and measurements of accountability;
1213,Policy and planning managers,0.355,Low,Planning and directing daily operations;
1213,Policy and planning managers,0.355,Low,Leading and managing the activities of policy development and strategic planning staff;
1213,Policy and planning managers,0.28,Low,"Overseeing the selection, training and performance of staff;"
1213,Policy and planning managers,0.37,Low,Consulting with senior management and with managers of other departments;
1213,Policy and planning managers,0.355,Low,"Representing the enterprise or organization in negotiations, and at conventions, seminars, public hearings and forums."
1219,Business services and administration managers not elsewhere classified,0.355,Low,"Providing administrative, strategic planning and operational support, research and advice to senior management on matters such as the management of building facilities and administrative services;"
1219,Business services and administration managers not elsewhere classified,0.38,Low,Developing and managing the organization's administrative and physical resources;
1219,Business services and administration managers not elsewhere classified,0.565,Medium,Developing and implementing administrative and procedural statements and guidelines for use by staff in the organization;
1219,Business services and administration managers not elsewhere classified,0.555,Medium,"Analysing complex resource management issues and initiatives that affect the organization, and preparing associated reports, correspondence and submissions;"
1219,Business services and administration managers not elsewhere classified,0.565,Medium,Providing information and support for the preparation of financial reports and budgets;
1219,Business services and administration managers not elsewhere classified,0.37,Low,"Leading, managing and developing administrative staff to ensure smooth business operations and the provision of accurate and timely information;"
1219,Business services and administration managers not elsewhere classified,0.37,Low,"Representing the enterprise or organization in negotiations, and at conventions, seminars, public hearings and forums;"
1219,Business services and administration managers not elsewhere classified,0.365,Low,"Establishing and managing budgets, controlling expenditure and ensuring the efficient use of resources;"
1219,Business services and administration managers not elsewhere classified,0.365,Low,Planning and directing daily operations;
1219,Business services and administration managers not elsewhere classified,0.3,Low,"Overseeing the selection, training and performance of staff."
1221,Sales and marketing managers,0.435,Low,Planning and organizing special sales and marketing programmes based on sales records and market assessments;
1221,Sales and marketing managers,0.5925,Medium,"Determining price lists, discount and delivery terms, sales promotion budgets, sales methods, special incentives and campaigns;"
1221,Sales and marketing managers,0.445,Low,Establishing and directing operational and administrative procedures related to sales and marketing activities;
1221,Sales and marketing managers,0.385,Low,Leading and managing the activities of sales and marketing staff;
1221,Sales and marketing managers,0.355,Low,Planning and directing daily operations;
1221,Sales and marketing managers,0.3875,Low,Establishing and managing budgets and controlling expenditure to ensure the efficient use of resources;
1221,Sales and marketing managers,0.3025,Low,"Overseeing the selection, training and performance of staff;"
1221,Sales and marketing managers,0.395,Low,"Representing the enterprise or organization at sales and marketing conventions, trade exhibitions and other forums."
1222,Advertising and public relations managers,0.445,Low,"Planning, directing and coordinating the advertising and public relations activities of an enterprise or organization;"
1222,Advertising and public relations managers,0.35,Low,"Negotiating advertising contracts with clients or with newspapers, radio and television stations, sports and cultural organizations and advertising agencies;"
1222,Advertising and public relations managers,0.435,Low,"Planning and managing information programmes to inform legislators, the mass media and the general public about the plans, accomplishments and points of view of the enterprise or organization;"
1222,Advertising and public relations managers,0.415,Low,Leading and managing the activities of advertising and public relations staff;
1222,Advertising and public relations managers,0.416,Low,Establishing and managing budgets and controlling expenditure and ensuring the efficient use of resources;
1222,Advertising and public relations managers,0.345,Low,Establishing and directing operational and administrative procedures;
1222,Advertising and public relations managers,0.385,Low,Planning and directing daily operations;
1222,Advertising and public relations managers,0.315,Low,"Overseeing the selection, training and performance of staff."
1223,Research and development managers,0.5,Medium,"Planning, directing and coordinating research and development activities, in-house or commissioned from external research organizations, to develop new or improved technical processes, products, knowledge, or utilization of materials;"
1223,Research and development managers,0.395,Low,"Planning the overall research and development programme of an enterprise or organization, specifying goals and budgetary requirements;"
1223,Research and development managers,0.3575,Low,Leading and managing the activities of research and development staff;
1223,Research and development managers,0.4,Low,"Establishing and managing budgets, controlling expenditure and ensuring the efficient use of resources;"
1223,Research and development managers,0.465,Low,Establishing and directing operational and administrative procedures;
1223,Research and development managers,0.33,Low,Planning and directing daily operations;
1223,Research and development managers,0.3225,Low,"Overseeing the selection, training and performance of staff;"
1223,Research and development managers,0.41,Low,"Representing the enterprise or organization at conventions, seminars and conferences."
1311,Agricultural and forestry production managers,0.42,Low,Monitoring agricultural and forestry market activity and planning production to meet contract requirements and market demand;
1311,Agricultural and forestry production managers,0.565,Medium,"Establishing and managing budgets, monitoring production output and costs, recording information such as farm management practices, and preparing financial and operational reports;"
1311,Agricultural and forestry production managers,0.2575,Low,Conferring with buyers to arrange for the sale of crops and livestock;
1311,Agricultural and forestry production managers,0.235,Very Low,"Contracting with farmers or independent owners for production of crops and livestock, or for management of production;"
1311,Agricultural and forestry production managers,0.395,Low,"Planning the type, intensity and sequence of farm operations (e.g. determining the best times for planting, spraying and harvesting);"
1311,Agricultural and forestry production managers,0.25,Low,Analysing soil to determine types and quantities of fertilizer required for maximum production;
1311,Agricultural and forestry production managers,0.18,Very Low,"Purchasing machinery, equipment, and supplies such as tractors, seed, fertilizer, and chemicals;"
1311,Agricultural and forestry production managers,0.1875,Very Low,"Identifying and controlling agricultural and forest environmental toxins, weeds, pests and diseases;"
1311,Agricultural and forestry production managers,0.14,Very Low,"Organizing farming operations such as maintaining buildings, water supply systems and equipment;"
1311,Agricultural and forestry production managers,0.135,Very Low,"Directing and coordinating activities such as planting, irrigation, chemical application, harvesting, and grading;"
1311,Agricultural and forestry production managers,0.249,Very Low,"Inspecting plantations and fields to determine maturity dates of crops, or to estimate potential crop damage from weather;"
1311,Agricultural and forestry production managers,0.2225,Very Low,"Overseeing the selection, training and performance of agricultural and forestry workers and contractors."
1312,Aquaculture and fisheries production managers,0.28,Low,Monitoring aquaculture and fishery market activity and planning production and fishing activities to meet contract requirements and market demand;
1312,Aquaculture and fisheries production managers,0.41,Low,"Establishing and managing budgets, monitoring production output and costs, recording information such as fisheries management practices, and preparing financial and operational reports;"
1312,Aquaculture and fisheries production managers,0.275,Low,Conferring with buyers to arrange for the sale of produce and catches;
1312,Aquaculture and fisheries production managers,0.22,Very Low,"Contracting with fishing skippers or owners of vessels and aquaculture farms for fishing and aquaculture operations, or for management of production;"
1312,Aquaculture and fisheries production managers,0.1475,Very Low,Conducting and organizing aquaculture or fishery stock examinations in order to identify diseases or parasites;
1312,Aquaculture and fisheries production managers,0.2075,Very Low,"Devising and coordinating activities to improve fish hatching and growth rates, and to prevent disease in hatcheries;"
1312,Aquaculture and fisheries production managers,0.14,Very Low,Monitoring environments to maintain or improve conditions for aquatic life;
1312,Aquaculture and fisheries production managers,0.14,Very Low,"Directing and monitoring trapping and spawning of fish, egg incubation, and fry rearing, applying knowledge of management and fish culturing techniques;"
1312,Aquaculture and fisheries production managers,0.265,Low,Coordinating the selection and maintenance of brood stock;
1312,Aquaculture and fisheries production managers,0.14,Very Low,"Directing and monitoring the transfer of mature fish to lakes, ponds, streams, or commercial tanks;"
1312,Aquaculture and fisheries production managers,0.18,Very Low,"Purchasing machinery, equipment, and supplies such as vessels and nets;"
1312,Aquaculture and fisheries production managers,0.15,Very Low,"Organizing operations such as maintenance of ships, boats and equipment;"
1312,Aquaculture and fisheries production managers,0.3,Low,"Overseeing the selection, training and performance of aquaculture or fishery workers and contractors."
1321,Manufacturing managers,0.44,Low,"Determining, implementing and monitoring production strategies, policies and plans;"
1321,Manufacturing managers,0.485,Low,"Planning details of production activities in terms of output quality and quantity, cost, time available and labour requirements;"
1321,Manufacturing managers,0.325,Low,"Controlling the operation of production plant and quality procedures through planning of maintenance, designation of operating hours and supply of parts and tools;"
1321,Manufacturing managers,0.51,Medium,"Establishing and managing budgets, monitoring production output and costs, and adjusting processes and resources to minimize costs;"
1321,Manufacturing managers,0.435,Low,Consulting with and informing other managers about production matters;
1321,Manufacturing managers,0.1675,Very Low,Overseeing the acquisition and installation of new plant and equipment;
1321,Manufacturing managers,0.52,Medium,Controlling the preparation of production records and reports;
1321,Manufacturing managers,0.265,Low,Coordinating the implementation of occupational health and safety requirements;
1321,Manufacturing managers,0.405,Low,Identifying business opportunities and determining products to be manufactured;
1321,Manufacturing managers,0.315,Low,Researching and implementing regulatory and statutory requirements affecting manufacturing operations and the environment;
1321,Manufacturing managers,0.35,Low,Overseeing the provision of quotes for the manufacture of specialized goods and establishing contracts with customers and suppliers;
1321,Manufacturing managers,0.3275,Low,"Overseeing the selection, training and performance of staff."
1322,Mining managers,0.355,Low,"Conferring with other managers to set production quotas, plan extraction sites and develop policies for the removal of raw materials;"
1322,Mining managers,0.335,Low,"Evaluating efficiency of production sites to determine adequacy of personnel, equipment and technologies used, and make changes to work schedule or equipment when necessary;"
1322,Mining managers,0.435,Low,"Planning details of production activities in terms of output quality and quantity, cost, time available and labour requirements;"
1322,Mining managers,0.26,Low,"Controlling the operation of plant and quality procedures through planning of maintenance, designation of operating hours and supply of equipment;"
1322,Mining managers,0.465,Low,"Establishing and managing budgets, monitoring production output and costs, and adjusting processes and resources to minimize costs;"
1322,Mining managers,0.18,Very Low,Overseeing the acquisition and installation of new plant and equipment;
1322,Mining managers,0.5475,Medium,Controlling the preparation of production records and reports;
1322,Mining managers,0.256,Low,Coordinating the implementation of health and safety requirements;
1322,Mining managers,0.32,Low,Researching and implementing regulatory and statutory requirements affecting mineral extraction operations and the environment;
1322,Mining managers,0.32,Low,"Overseeing the selection, training and performance of staff."
1323,Construction managers,0.365,Low,Interpreting architectural drawings and specifications;
1323,Construction managers,0.36,Low,"Coordinating labour resources and procurement and delivery of materials, plant and equipment;"
1323,Construction managers,0.28,Low,"Negotiating with building owners, property developers and subcontractors involved in the construction process to ensure projects are completed on time and within budget;"
1323,Construction managers,0.4625,Low,Preparing tenders and contract bids;
1323,Construction managers,0.385,Low,Operating and implementing coordinated work programmes for sites;
1323,Construction managers,0.2925,Low,"Ensuring adherence to building legislation and standards of performance, quality, cost and safety;"
1323,Construction managers,0.34,Low,Arranging submission of plans to local authorities;
1323,Construction managers,0.255,Low,"Building under contract, or subcontracting specialized building services;"
1323,Construction managers,0.315,Low,Arranging building inspections by relevant authorities;
1323,Construction managers,0.385,Low,"Establishing and managing budgets, controlling expenditure and ensuring the efficient use of resources;"
1323,Construction managers,0.2825,Low,"Overseeing the selection, training and performance of staff and subcontractors;"
1324,"Supply, distribution and related managers",0.44,Low,"Determining, implementing and monitoring purchasing, storage and distribution strategies, policies and plans;"
1324,"Supply, distribution and related managers",0.41,Low,Preparing and implementing plans to maintain required stock levels at minimum cost;
1324,"Supply, distribution and related managers",0.315,Low,"Negotiating contracts with suppliers to meet quality, cost and delivery requirements;"
1324,"Supply, distribution and related managers",0.445,Low,Monitoring and reviewing storage and inventory systems to meet supply requirements and control stock levels;
1324,"Supply, distribution and related managers",0.37,Low,"Overseeing the dispatch of road vehicles, trains, vessels or aircraft;"
1324,"Supply, distribution and related managers",0.35,Low,"Operating recording systems to track all movements of goods, and ensuring reordering and restocking at optimal times;"
1324,"Supply, distribution and related managers",0.435,Low,Liaising with other departments and customers concerning requirements for outward goods and associated forwarding transportation;
1324,"Supply, distribution and related managers",0.4575,Low,"Overseeing the recording of purchase, storage and distribution transactions;"
1324,"Supply, distribution and related managers",0.385,Low,"Establishing and managing budgets, controlling expenditure and ensuring the efficient use of resources;"
1324,"Supply, distribution and related managers",0.37,Low,Establishing and directing operational and administrative procedures;
1324,"Supply, distribution and related managers",0.325,Low,Planning and directing daily operations;
1324,"Supply, distribution and related managers",0.3175,Low,"Overseeing the selection, training and performance of staff."
1330,Information and communications technology service managers,0.435,Low,"Consulting with users, management, vendors, and technicians to assess computing needs and system requirements and specifying technology to meet those needs;"
1330,Information and communications technology service managers,0.4375,Low,"Formulating and directing information and communication technology (ICT) strategies, policies and plans;"
1330,Information and communications technology service managers,0.465,Low,Directing the selection and installation of ICT resources and the provision of user training;
1330,Information and communications technology service managers,0.505,Medium,"Directing ICT operations, analysing workflow, establishing priorities, developing standards and setting deadlines;"
1330,Information and communications technology service managers,0.51,Medium,Overseeing the security of ICT systems;
1330,Information and communications technology service managers,0.35,Low,"Assigning, reviewing, managing and leading the work of systems analysts, programmers, and other computer-related workers;"
1330,Information and communications technology service managers,0.56,Medium,Evaluating the organization's technology use and needs and recommending improvements such as hardware and software upgrades;
1330,Information and communications technology service managers,0.435,Low,"Establishing and managing budgets, controlling expenditure and ensuring the efficient use of resources;"
1330,Information and communications technology service managers,0.44,Low,Establishing and directing operational and administrative procedures;
1330,Information and communications technology service managers,0.31,Low,"Overseeing the selection, training and performance of staff;"
1330,Information and communications technology service managers,0.395,Low,"Representing the enterprise or organization at ICT related conventions, seminars and conferences."
1341,Child care services managers,0.165,Very Low,"Developing and implementing programmes to enhance the physical, social, emotional and intellectual development of young children;"
1341,Child care services managers,0.4175,Low,"Establishing and monitoring budgets and determining allocation of funds for staff, supplies, materials, equipment and maintenance;"
1341,Child care services managers,0.19,Very Low,"Overseeing and coordinating the provision care for children in before-school, after-school, day, and vacation care centres;"
1341,Child care services managers,0.185,Very Low,Directing and supervising child carers in providing care and supervision for young children;
1341,Child care services managers,0.235,Very Low,"Managing physical facilities and making sure all buildings and equipment are maintained to ensure the centre is a safe area for children, staff and visitors;"
1341,Child care services managers,0.37,Low,"Reviewing and interpreting government codes, and developing procedures to meet codes (e.g., concerning safety and security);"
1341,Child care services managers,0.185,Very Low,Monitoring children‚Äôs progress and conferring with parents or guardians;
1341,Child care services managers,0.615,Medium,Preparing and maintaining records and accounts for a child care centre;
1341,Child care services managers,0.3325,Low,Recruiting and evaluating staff and coordinating their professional development.
1342,Health services managers,0.355,Low,"Providing overall direction and management for the service, facility, organization or centre;"
1342,Health services managers,0.34,Low,"Directing, supervising and evaluating the work activities of medical, nursing, technical, clerical, service, maintenance, and other personnel;"
1342,Health services managers,0.385,Low,Establishing objectives and evaluative or operational criteria for units they manage;
1342,Health services managers,0.32,Low,"Directing or conducting recruitment, hiring and training of personnel;"
1342,Health services managers,0.35,Low,"Developing, implementing and monitoring procedures, policies and performance standards for medical, nursing, technical and administrative staff;"
1342,Health services managers,0.34,Low,"Monitoring the use of diagnostic services, inpatient beds, facilities and staff to ensure effective use of resources, and assess the need for additional staff, equipment, and services;"
1342,Health services managers,0.485,Low,"Controlling administrative operations such as budget planning, report preparation and expenditure on supplies, equipment and services;"
1342,Health services managers,0.415,Low,"Liaising with other health and welfare service providers, boards and funding bodies to coordinate the provision of services;"
1342,Health services managers,0.35,Low,Advising government bodies about measures to improve health and welfare services and facilities;
1342,Health services managers,0.29,Low,"Representing the organization in negotiations, and at conventions, seminars, public hearings and forums."
1343,Aged care services managers,0.35,Low,"Providing overall direction and management for a service, facility, organization or centre;"
1343,Aged care services managers,0.3025,Low,"Directing, supervising and evaluating the work activities of medical, nursing, technical, clerical, service, maintenance, and other personnel;"
1343,Aged care services managers,0.365,Low,Establishing objectives and evaluative or operational criteria for units they manage;
1343,Aged care services managers,0.31,Low,"Directing or conducting recruitment, hiring and training of personnel;"
1343,Aged care services managers,0.32,Low,"Developing, implementing and monitoring procedures, policies and performance standards for nursing, personal care, technical and administrative staff;"
1343,Aged care services managers,0.155,Very Low,Coordinating and administering welfare programmes and care services for the elderly;
1343,Aged care services managers,0.535,Medium,"Controlling administrative operations such as budget planning, report preparation, and expenditure on supplies, equipment and services;"
1343,Aged care services managers,0.365,Low,"Liaising with other health and welfare providers, boards and funding bodies to coordinate the provision of services;"
1343,Aged care services managers,0.385,Low,Advising government bodies about measures to improve health and welfare services and facilities;
1343,Aged care services managers,0.35,Low,"Representing the organization in negotiations, and at conventions, seminars, public hearings and forums."
1344,Social welfare managers,0.355,Low,"Providing overall direction and management for a service, facility, organization or centre;"
1344,Social welfare managers,0.3675,Low,"Developing, implementing and monitoring procedures, policies and standards for staff;"
1344,Social welfare managers,0.38,Low,"Monitoring and evaluating resources devoted to the provision of welfare, housing, and other social services;"
1344,Social welfare managers,0.535,Medium,"Controlling administrative operations such as budget planning, report preparation, and expenditure on supplies, equipment and services;"
1344,Social welfare managers,0.295,Low,"Liaising with other welfare and health services providers, boards and funding bodies to discuss areas of health and welfare service cooperation and coordination;"
1344,Social welfare managers,0.39,Low,Advising government bodies about measures to improve welfare services and facilities;
1344,Social welfare managers,0.335,Low,"Representing the organization in negotiations, and at conventions, seminars, public hearings and forums;"
1344,Social welfare managers,0.36,Low,"Establishing and managing budgets, controlling expenditure and ensuring the efficient use of resources;"
1344,Social welfare managers,0.36,Low,Establishing and directing operational and administrative procedures;
1344,Social welfare managers,0.315,Low,"Overseeing the selection, training and performance of staff."
1345,Education managers,0.41,Low,Determining educational programmes based on frameworks established by education authorities and governing bodies;
1345,Education managers,0.435,Low,Implementing systems and procedures to monitor school performance and student enrolments;
1345,Education managers,0.4,Low,Directing administrative and clerical activities concerning student admissions and educational services;
1345,Education managers,0.565,Medium,"Controlling administrative operations such as budget planning, report preparation, and expenditure on supplies, equipment and services;"
1345,Education managers,0.305,Low,"Providing leadership and guidance to teaching, academic and administrative staff as well as to students;"
1345,Education managers,0.2625,Low,"Evaluating the work of teachers and lecturers by visiting classrooms, observing teaching methods, reviewing instructional objectives and examining learning materials;"
1345,Education managers,0.475,Low,"Promoting the educational programme, and representing the service or institution in the wider community;"
1345,Education managers,0.2575,Low,Supervising the maintenance of educational facilities;
1345,Education managers,0.26,Low,Developing and enforcing a disciplinary code to create a safe and conducive environment for students and teachers;
1345,Education managers,0.3175,Low,Organizing and implementing methods of raising additional funds in conjunction with parent and community groups and sponsors;
1345,Education managers,0.305,Low,"Controlling selection, training and supervision of staff."
1346,Financial and insurance services branch managers,0.365,Low,"Planning, directing and coordinating the activities of staff in the branch;"
1346,Financial and insurance services branch managers,0.29,Low,Establishing and maintaining relationships with individual and business customers;
1346,Financial and insurance services branch managers,0.605,Medium,Providing advice and assistance to customers on their financial and insurance needs and with matters such as changes in law that may affect customers;
1346,Financial and insurance services branch managers,0.635,Medium,"Examining, evaluating and processing loan and insurance applications;"
1346,Financial and insurance services branch managers,0.55,Medium,Monitoring credit extension decisions;
1346,Financial and insurance services branch managers,0.545,Medium,Conducting financial investigations;
1346,Financial and insurance services branch managers,0.53,Medium,"Overseeing the flow of cash and financial instruments, and the preparation of financial and regulatory reports;"
1346,Financial and insurance services branch managers,0.565,Medium,"Approving or rejecting, or coordinating the approval or rejection of, lines of credit commercial, real estate and personal loans;"
1346,Financial and insurance services branch managers,0.39,Low,Coordinating cooperation with other branches of the company;
1346,Financial and insurance services branch managers,0.385,Low,"Managing budgets, controlling expenditure and ensuring the efficient use of resources;"
1346,Financial and insurance services branch managers,0.3025,Low,"Overseeing the selection, training and performance of staff."
1349,Professional services managers not elsewhere classified,0.345,Low,"Providing overall direction and management for a service, facility, organization or centre;"
1349,Professional services managers not elsewhere classified,0.355,Low,"Developing, implementing and monitoring procedures, policies and standards for staff;"
1349,Professional services managers not elsewhere classified,0.365,Low,"Directing, supervising and evaluating the work activities of professional technical, clerical, service, maintenance, and other personnel;"
1349,Professional services managers not elsewhere classified,0.41,Low,Monitoring and evaluating resources devoted to the provision of services;
1349,Professional services managers not elsewhere classified,0.555,Medium,"Controlling administrative operations such as budget planning, report preparation, and expenditure on supplies, equipment and services;"
1349,Professional services managers not elsewhere classified,0.435,Low,"Planning, directing and coordinating the provision of services;"
1349,Professional services managers not elsewhere classified,0.3325,Low,Coordinating cooperation with other service provision agencies in the same or related fields;
1349,Professional services managers not elsewhere classified,0.335,Low,"Managing budgets, controlling expenditure and ensuring the efficient use of resources;"
1349,Professional services managers not elsewhere classified,0.32,Low,"Overseeing the selection, training and performance of staff."
1411,Hotel managers,0.365,Low,"Directing and overseeing reservation, reception, room service and housekeeping activities;"
1411,Hotel managers,0.2075,Very Low,Supervising security arrangements and garden and property maintenance;
1411,Hotel managers,0.32,Low,"Planning and supervising bar, restaurant, function and conference activities;"
1411,Hotel managers,0.3725,Low,"Observing liquor, gaming, and other laws and regulations;"
1411,Hotel managers,0.5,Medium,Assessing and reviewing customer satisfaction;
1411,Hotel managers,0.44,Low,Overseeing accounting and purchasing activities;
1411,Hotel managers,0.44,Low,Undertaking budgeting for the establishment;
1411,Hotel managers,0.28,Low,"Controlling selection, training and supervision of staff;"
1411,Hotel managers,0.205,Very Low,Ensuring compliance with occupational health and safety regulations;
1411,Hotel managers,0.6,Medium,"Providing guests with local tourism information, and arranging tours and transportation."
1412,Restaurant managers,0.4375,Low,Planning menus in consultation with chefs and cooks;
1412,Restaurant managers,0.3525,Low,Planning and organizing special functions;
1412,Restaurant managers,0.485,Low,Arranging the purchasing and pricing of goods according to budget;
1412,Restaurant managers,0.595,Medium,Maintaining records of stock levels and financial transactions;
1412,Restaurant managers,0.2325,Very Low,"Ensuring dining, kitchen and food storage facilities comply with health regulations and are clean, functional and of suitable appearance;"
1412,Restaurant managers,0.35,Low,Conferring with customers to assess their satisfaction with meals and service;
1412,Restaurant managers,0.275,Low,"Selecting, set staff work schedules, training and supervising waiting and kitchen staff;"
1412,Restaurant managers,0.38,Low,"Taking reservations, greeting guests and assisting in taking orders;"
1412,Restaurant managers,0.2575,Low,Negotiating arrangements with clients and suppliers;
1412,Restaurant managers,0.265,Low,Ensuring compliance with occupational health and safety regulations.
1420,Retail and wholesale trade managers,0.356,Low,"Determining product mix, stock levels and service standards;"
1420,Retail and wholesale trade managers,0.435,Low,"Formulating and implementing purchasing and marketing policies, and setting prices;"
1420,Retail and wholesale trade managers,0.635,Medium,Promoting and advertising the establishment‚Äôs goods and services;
1420,Retail and wholesale trade managers,0.6,Medium,Maintaining records of stock levels and financial transactions;
1420,Retail and wholesale trade managers,0.485,Low,Undertaking budgeting for the establishment;
1420,Retail and wholesale trade managers,0.28,Low,"Controlling selection, training and supervision of staff;"
1420,Retail and wholesale trade managers,0.26,Low,Ensuring compliance with occupational health and safety regulations.
1431,"Sports, recreation and cultural centre managers",0.3475,Low,"Planning and organizing the range and mix of entertainment, attractions, cultural activities, and sports and fitness programmes to be offered by the centre;"
1431,"Sports, recreation and cultural centre managers",0.0975,Very Low,Ensuring that facilities are kept clean and in good condition;
1431,"Sports, recreation and cultural centre managers",0.35,Low,Keeping abreast of new trends and developments in the creative arts and arranging theatrical productions and performances by bands and orchestras;
1431,"Sports, recreation and cultural centre managers",0.38,Low,"Advising on the facilities available and promoting publicity in relation to events, shows and activities;"
1431,"Sports, recreation and cultural centre managers",0.3525,Low,Checking and keeping custody of all cash receipts and making regular stock checks;
1431,"Sports, recreation and cultural centre managers",0.435,Low,"Establishing and managing budgets, controlling expenditure and ensuring the efficient use of resources;"
1431,"Sports, recreation and cultural centre managers",0.3625,Low,Planning and directing daily operations;
1431,"Sports, recreation and cultural centre managers",0.335,Low,"Controlling the selection, supervision and performance of staff;"
1431,"Sports, recreation and cultural centre managers",0.2425,Very Low,Ensuring compliance with health and safety regulations.
2111,Physicists and astronomers,0.5125,Medium,"Conducting research and improving or developing concepts, theories, instrumentation, software and operational methods related to physics and astronomy;"
2111,Physicists and astronomers,0.29,Low,"Conducting experiments, tests and analyses on the structure and properties of matter in fields such as mechanics, thermodynamics, electronics, communications, power generation and distribution, aerodynamics, optics and lasers, remote sensing, medicine, sonics, magnetism, and nuclear physics;"
2111,Physicists and astronomers,0.56,Medium,"Evaluating results of investigations and experiments and expressing conclusions, mainly using mathematical techniques and models;"
2111,Physicists and astronomers,0.455,Low,"Applying principles, techniques and processes to develop or improve industrial, medical, military and other practical applications of the principles and techniques of physics or astronomy;"
2111,Physicists and astronomers,0.185,Very Low,Ensuring the safe and effective delivery of radiation (ionising and non-ionising) to patients to achieve a diagnostic or therapeutic result as prescribed by a medical practitioner;
2111,Physicists and astronomers,0.263,Low,Ensuring the accurate measurement and characterization of physical quantities used in medical applications;
2111,Physicists and astronomers,0.25,Low,"Testing, commissioning and evaluating equipment used in applications such as imaging, medical treatment and dosimetry;"
2111,Physicists and astronomers,0.2575,Low,Advising and consulting with medical practitioners and other health care professionals in optimizing the balance between the beneficial and deleterious effects of radiation;
2111,Physicists and astronomers,0.5425,Medium,"Observing, analysing and interpreting celestial phenomena and developing methods, numerical models and techniques to extend knowledge of fields such as navigation, satellite communication, space exploration, celestial bodies and cosmic radiation;"
2111,Physicists and astronomers,0.3525,Low,"Developing, implementing and maintaining standards and protocols for the measurement of physical phenomena and for the use of nuclear technology in industrial and medical applications;"
2111,Physicists and astronomers,0.51,Medium,Preparing scientific papers and reports.
2112,Meteorologists,0.56,Medium,"Investigating direction and speed of air movements, pressures, temperatures, humidity, physical and chemical transformation of pollutants and other phenomena such as cloud formation and precipitation, electrical disturbances or solar radiation;"
2112,Meteorologists,0.6525,Medium,"Studying data collected from meteorological stations, radar and satellite imagery and computer model output to plot and forecast weather conditions;"
2112,Meteorologists,0.63,Medium,"Preparing and reporting short-term or long-term weather maps, forecasts and warnings relating to atmospheric phenomena such as cyclones, storms and other hazards to life and property and disseminating information about atmospheric conditions through a variety of media including radio, television, print and the Internet;"
2112,Meteorologists,0.26,Low,"Conducting experiments in fog dispersal, cloud seeding, rain enhancement and other types of weather modification programmes;"
2112,Meteorologists,0.6375,Medium,Developing and testing mathematical computer models of weather and climate for experimental or operational use;
2112,Meteorologists,0.43,Low,Participating in studies of the effect of weather on the environment;
2112,Meteorologists,0.4925,Low,"Analysing the impact of industrial projects and human activity on the climate and quality of the air and working with the social science, engineering and economic communities to develop appropriate mitigation strategies;"
2112,Meteorologists,0.6,Medium,"Engaging in the design and development of new equipment and procedures for meteorological data collection, remote sensing, or for related applications;"
2112,Meteorologists,0.565,Medium,"Conducting research on and improving or developing concepts, theories and operational methods related to the composition, structure and dynamics of the atmosphere and preparing scientific papers and reports on the outcome of this research."
2113,Chemists,0.55,Medium,"Conducting research and improving or developing concepts, instruments, theories and operational methods related to chemistry;"
2113,Chemists,0.3675,Low,"Conducting experiments, tests and analyses to investigate chemical composition and energy and chemical changes in various natural or synthetic substances, materials and products;"
2113,Chemists,0.385,Low,"Developing procedures for environmental control, quality control and various other procedures for manufacturers or users;"
2113,Chemists,0.385,Low,Conducting programmes of sample and data collection and analysis to identify and quantify environmental toxicants;
2113,Chemists,0.35,Low,"Participating in interdisciplinary research and development projects working with chemical engineers, biologists, microbiologists, agronomists, geologists or other professionals;"
2113,Chemists,0.225,Very Low,Using micro-organisms to convert substances into new compounds;
2113,Chemists,0.29,Low,Determining ways to strengthen or combine materials or develop new materials.
2113,Chemists,0.425,Low,Reproducing and synthesizing naturally occurring substances and creating new artificial substances;
2113,Chemists,0.51,Medium,Preparing scientific papers and reports.
2114,Geologists and geophysicists,0.39,Low,"Conducting research and improving or developing concepts, theories and operational methods related to geology and geophysics;"
2114,Geologists and geophysicists,0.2775,Low,"Studying composition and structure of the Earth's crust, examining rocks, minerals, fossils and other materials to determine processes affecting the development of the Earth, trace evolution of past life, establish nature and chronology of geological formations and assess their commercial applications;"
2114,Geologists and geophysicists,0.485,Low,"Interpreting research data and preparing geological reports, maps, charts and diagrams, reports and papers;"
2114,Geologists and geophysicists,0.335,Low,"Applying geological knowledge to problems encountered in civil engineering projects such as the construction of dams, bridges, tunnels, and large buildings; and land reclamation projects;"
2114,Geologists and geophysicists,0.38,Low,"Using various remote sensing programmes to investigate and measure seismic, gravitational, electrical, thermal, and magnetic forces affecting the Earth;"
2114,Geologists and geophysicists,0.27,Low,"Estimating weight, size and mass of the Earth and composition and structure of its interior, and studying the nature, activity and predictability of volcanoes, glaciers and earthquakes;"
2114,Geologists and geophysicists,0.51,Medium,"Charting the Earth's magnetic field and applying this and other collected data for broadcasting, navigation and other purposes;"
2114,Geologists and geophysicists,0.5,Medium,"Studying and measuring physical properties of seas and the atmosphere and their inter-relationship, such as the exchange of thermal energy;"
2114,Geologists and geophysicists,0.25,Low,"Locating and determining the nature and extent of oil, gas and mineral deposits using seismological, gravimetric, magnetic, electrical or radiometric methods;"
2114,Geologists and geophysicists,0.235,Very Low,"Identifying deposits of construction materials and determining their characteristics and suitability for use as concrete aggregates, road fill or for other applications;"
2114,Geologists and geophysicists,0.33,Low,"Researching the movement, distribution and physical properties of ground and surface waters;"
2114,Geologists and geophysicists,0.3975,Low,"Advising in areas such as waste management, route and site selection and the restoration of contaminated sites."
2120,"Mathematicians, actuaries and statisticians",0.5425,Medium,"Studying, improving and developing mathematical, actuarial and statistical theories and techniques;"
2120,"Mathematicians, actuaries and statisticians",0.56,Medium,"Advising on or applying mathematical principles, models and techniques to a wide range of tasks in the fields of engineering, natural, social or life sciences;"
2120,"Mathematicians, actuaries and statisticians",0.55,Medium,"Conducting logical analyses of management problems, especially in terms of input-output effectiveness, and formulating mathematical models of each problem usually for programmeming and solution by computer;"
2120,"Mathematicians, actuaries and statisticians",0.6325,Medium,"Designing and putting into operation pension schemes and life, health, social and other types of insurance systems;"
2120,"Mathematicians, actuaries and statisticians",0.5675,Medium,"Applying mathematics, statistics, probability and risk theory to assess potential financial impacts of future events;"
2120,"Mathematicians, actuaries and statisticians",0.6725,Medium,"Planning and organizing surveys and other statistical collections, and designing questionnaires;"
2120,"Mathematicians, actuaries and statisticians",0.63,Medium,"Evaluating, processing, analysing, and interpreting statistical data and preparing them for publication;"
2120,"Mathematicians, actuaries and statisticians",0.5825,Medium,"Advising on or applying various data collection methods and statistical methods and techniques, and determining reliability of findings, especially in such fields as business or medicine as well as in other areas of natural, social or life sciences;"
2120,"Mathematicians, actuaries and statisticians",0.5275,Medium,Preparing scientific papers and reports;
2120,"Mathematicians, actuaries and statisticians",0.35,Low,"Supervising the work of mathematical, actuarial and statistical assistants and statistical clerks."
2131,"Biologists, botanists, zoologists and related professionals",0.3375,Low,"Undertaking research in laboratories and in the field to increase scientific knowledge of living organisms; to discover new information; to test hypotheses; to solve problems in areas such as the environment, agriculture and health; and to develop new products, processes and techniques for pharmaceutical, agricultural and environmental use;"
2131,"Biologists, botanists, zoologists and related professionals",0.465,Low,Designing and conducting experiments and tests;
2131,"Biologists, botanists, zoologists and related professionals",0.2325,Very Low,"Gathering human, animal, insect and plant specimens and data, and studying their origin, development, chemical and physical form, structure, composition, and life and reproductive processes;"
2131,"Biologists, botanists, zoologists and related professionals",0.35,Low,"Examining living organisms using a variety of specialised equipment, instruments, technologies and techniques such as electron microscopes, telemetry, global positioning systems, biotechnology, satellite imaging, genetic engineering, digital imaging analysis, polymerase chain reaction and computer modelling;"
2131,"Biologists, botanists, zoologists and related professionals",0.31,Low,"Identifying, classifying, recording and monitoring living organisms and maintaining databases;"
2131,"Biologists, botanists, zoologists and related professionals",0.515,Medium,Writing scientific papers and reports detailing research and any new findings which are then made available to the scientific community in scientific journals or at conferences for scrutiny and further debate;
2131,"Biologists, botanists, zoologists and related professionals",0.465,Low,Designing and carrying out environmental impact assessments to identify changes caused by natural or human factors;
2131,"Biologists, botanists, zoologists and related professionals",0.5,Medium,"Providing advice to governments, organizations and businesses in areas such as conservation, management of natural resources, the effects of climate change and pollution."
2132,"Farming, forestry and fisheries advisers",0.2,Very Low,"Collecting and analysing data and samples related to produce, feed, soil, water quality and other factors affecting farm, forest or fishery production;"
2132,"Farming, forestry and fisheries advisers",0.345,Low,"Advising on techniques for improving the production of crops, livestock and fish, and alternative production options;"
2132,"Farming, forestry and fisheries advisers",0.32,Low,"Advising on livestock and crop disease, control of pests and weeds, soil improvement, animal husbandry and feeding programmes;"
2132,"Farming, forestry and fisheries advisers",0.285,Low,"Studying the environmental factors affecting commercial crop production, pasture growth, animal breeding, fish stocks and the growth and health of forest trees;"
2132,"Farming, forestry and fisheries advisers",0.235,Very Low,"Studying the effects of cultivation techniques, soils, insects, diseases and fisheries practices on animal, crop, forestry and fisheries yield;"
2132,"Farming, forestry and fisheries advisers",0.14,Very Low,"Studying fish migration, growth, feeding and spawning and devising methods of collecting, fertilizing, incubating and hatching fish eggs;"
2132,"Farming, forestry and fisheries advisers",0.265,Low,"Researching into characteristics, use capability and productivity of soils and applying findings to development of improved agricultural, horticultural and forestry practices;"
2132,"Farming, forestry and fisheries advisers",0.365,Low,Developing procedures and techniques for solving agricultural problems and improving the efficiency of production;
2132,"Farming, forestry and fisheries advisers",0.31,Low,"Managing forest and fisheries resources to maximize their long-term commercial, recreational and environmental benefits;"
2132,"Farming, forestry and fisheries advisers",0.175,Very Low,"Studying the propagation and culture of forest trees, methods for improving the growth of stock, and the effects of thinning on forest yields;"
2132,"Farming, forestry and fisheries advisers",0.245,Very Low,"Investigating, planning and implementing management procedures to cope with the effects of fires, floods, droughts, soil erosion, pests and diseases;"
2132,"Farming, forestry and fisheries advisers",0.5375,Medium,"Preparing scientific reports and conducting advisory information sessions and lectures for farming, forestry and fishing communities and other groups."
2133,Environmental protection professionals,0.405,Low,"Conducting research, performing tests, collecting samples, performing field and laboratory analysis to identify sources of environmental problems and recommending ways to prevent, control and remediate the impact of environmental problems;"
2133,Environmental protection professionals,0.365,Low,"Assessing the likely impact that potential or proposed activities, projects and developments may have on the environment, and recommending whether such developments should proceed;"
2133,Environmental protection professionals,0.4,Low,"Developing and coordinating the implementation of environmental management systems to enable organizations to identify, monitor and control the impact of their activities, products and services on the environment;"
2133,Environmental protection professionals,0.375,Low,"Conducting audits to evaluate environmental impact of existing activities, processes, wastes, noises and substances;"
2133,Environmental protection professionals,0.301,Low,"Assessing an organization's compliance with government and internal environmental regulations and guidelines, identifying violations and determining appropriate remedial action;"
2133,Environmental protection professionals,0.3925,Low,Providing technical advice and support services to organizations on how best to deal with environmental problems in order to reduce environmental damage and minimize financial loss;
2133,Environmental protection professionals,0.4475,Low,Developing conservation plans.
2141,Industrial and production engineers,0.4625,Low,"Studying functional statements, organizational charts and project information to determine functions and responsibilities of workers and work units and to identify areas of duplication;"
2141,Industrial and production engineers,0.44,Low,Establishing work measurement programmes and analysing work samples to develop standards for labour utilization;
2141,Industrial and production engineers,0.46,Low,"Analysing workforce utilization, facility layout, operational data and production schedules and costs to determine optimum worker and equipment efficiencies;"
2141,Industrial and production engineers,0.39,Low,"Developing specifications for manufacture, and determining materials, equipment, piping, material flows, capacities and layout of plant and systems;"
2141,Industrial and production engineers,0.285,Low,"Organizing and managing project labour and the delivery of materials, plant and equipment;"
2141,Industrial and production engineers,0.3575,Low,"Establishing standards and policies for installation, modification, quality control, testing, inspection and maintenance according to engineering principles and safety regulations;"
2141,Industrial and production engineers,0.24,Very Low,Inspecting plant to improve and maintain performance;
2141,Industrial and production engineers,0.32,Low,"Directing the maintenance of plant buildings and equipment, and coordinating the requirements for new designs, surveys and maintenance schedules;"
2141,Industrial and production engineers,0.3575,Low,"Advising management on new production methods, techniques and equipment;"
2141,Industrial and production engineers,0.3575,Low,"Liaising with materials buying, storing and controlling departments to ensure a steady flow of supplies."
2142,Civil engineers,0.42,Low,Conducting research and developing new or improved theories and methods related to civil engineering;
2142,Civil engineers,0.315,Low,"Advising on and designing structures such as bridges, dams, docks, roads, airports, railways, canals, pipelines, waste-disposal and flood-control systems, and industrial and other large buildings;"
2142,Civil engineers,0.31,Low,"Determining and specifying construction methods, materials and quality standards, and directing construction work;"
2142,Civil engineers,0.26,Low,Establishing control systems to ensure efficient functioning of structures as well as safety and environmental protection;
2142,Civil engineers,0.23,Very Low,Organising and directing maintenance and repair of existing civil engineering structures;
2142,Civil engineers,0.295,Low,Analysing the behaviour of soil and rock when placed under pressure by proposed structures and designing structural foundations;
2142,Civil engineers,0.285,Low,Analysing the stability of structures and testing the behaviour and durability of materials used in their construction.
2143,Environmental engineers,0.51,Medium,"Conducting research, assessing and reporting on the environmental impact of existing and proposed construction, civil engineering and other activities;"
2143,Environmental engineers,0.25,Low,Inspecting industrial and municipal facilities and programmes to evaluate operational effectiveness and ensure compliance with environmental regulations;
2143,Environmental engineers,0.39,Low,"Designing and overseeing the development of systems, processes and equipment for control, management, or remediation of water, air, or soil quality;"
2143,Environmental engineers,0.4125,Low,"Providing environmental engineering assistance in network analysis, regulatory analysis, and planning or reviewing database development;"
2143,Environmental engineers,0.39,Low,"Obtaining, updating, and maintaining plans, permits, and standard operating procedures;"
2143,Environmental engineers,0.3575,Low,"Providing engineering and technical support for environmental remediation and litigation projects, including remediation system design and determination of regulatory applicability;"
2143,Environmental engineers,0.435,Low,Monitoring progress of environmental improvement programmes;
2143,Environmental engineers,0.3525,Low,Advising corporations and government agencies of procedures to follow in cleaning up contaminated sites to protect people and the environment;
2143,Environmental engineers,0.335,Low,"Collaborating with environmental scientists, planners, hazardous waste technicians, engineers from other disciplines and specialists in law and business to address environmental problems."
2144,Mechanical engineers,0.3375,Low,"Advising on and designing machinery and tools for manufacturing, mining, construction, agricultural, and other industrial purposes;"
2144,Mechanical engineers,0.2225,Very Low,"Advising on and designing steam, internal combustion and other non-electric motors and engines used for propulsion of railway locomotives, road vehicles or aircraft, or for driving industrial or other machinery;"
2144,Mechanical engineers,0.335,Low,"Advising on and designing: hulls, superstructures and propulsion systems of ships; mechanical plant and equipment for the release, control and utilization of energy; heating, ventilation and refrigeration systems, steering gear, pumps and other mechanical equipment;"
2144,Mechanical engineers,0.36,Low,"Advising on and designing airframes, undercarriages and other equipment for aircraft as well as suspension systems, brakes, vehicle bodies and other components of road vehicles;"
2144,Mechanical engineers,0.435,Low,"Advising on and designing non-electrical parts of apparatus or products such as word processors, computers, precision instruments, cameras and projectors;"
2144,Mechanical engineers,0.29625,Low,"Establishing control standards and procedures to ensure efficient functioning and safety of machines, machinery, tools, motors, engines, industrial plant, equipment, or systems;"
2144,Mechanical engineers,0.2775,Low,"Ensuring that equipment, operation and maintenance comply with design specifications and safety standards."
2145,Chemical engineers,0.3105,Low,"Conducting research and advising on, and developing commercial-scale chemical processes to refine crude oil and other liquids or gases, and to produce substances and items such as petroleum derivatives, explosives, food and drink products, medicines, or synthetic materials;"
2145,Chemical engineers,0.3725,Low,"Specifying chemical production methods, materials and quality standards and ensuring that they conform to specifications;"
2145,Chemical engineers,0.2875,Low,Establishing control standards and procedures to ensure safety and efficiency of chemical production operations and safety of workers operating equipment or of those working in close proximity to ongoing chemical reactions;
2145,Chemical engineers,0.2625,Low,Designing chemical plant equipment and devising processes for manufacturing chemicals and products;
2145,Chemical engineers,0.31,Low,"Performing tests throughout stages of production to determine degree of control over variables, including temperature, density, specific gravity and pressure;"
2145,Chemical engineers,0.405,Low,Developing safety procedures to be employed;
2145,Chemical engineers,0.62,Medium,Preparing estimates of production costs and production progress reports for management;
2145,Chemical engineers,0.245,Very Low,Performing laboratory studies of steps in manufacture of new products and testing proposed process in small scale operation such as a pilot plant.
2146,"Mining engineers, metallurgists and related professionals",0.285,Low,"Determining the location and planning the extraction of coal, metallic ores, non-metallic minerals, and building materials, such as stone and gravel;"
2146,"Mining engineers, metallurgists and related professionals",0.31,Low,"Determining most suitable methods of efficient mining and extraction and types of machinery to be used, planning layout and directing construction of shafts and tunnels;"
2146,"Mining engineers, metallurgists and related professionals",0.2675,Low,"Determining drilling site and devising methods of controlling the flow of water, oil or gas from wells;"
2146,"Mining engineers, metallurgists and related professionals",0.365,Low,"Planning and directing storage, initial treatment and transportation of water, oil or gas;"
2146,"Mining engineers, metallurgists and related professionals",0.1925,Very Low,"Establishing safety standards and procedures and first-aid facilities, especially underground;"
2146,"Mining engineers, metallurgists and related professionals",0.3075,Low,"Conducting research, developing methods of extracting metals from their ores and advising on their application;"
2146,"Mining engineers, metallurgists and related professionals",0.295,Low,"Investigating properties of metals and alloys, developing new alloys and advising on and supervising technical aspects of metal and alloy manufacture and processing;"
2146,"Mining engineers, metallurgists and related professionals",0.35,Low,Maintaining technical liaison and consultancy with other relevant specialists such as geologists and geophysicists;
2146,"Mining engineers, metallurgists and related professionals",0.26,Low,Examining deposits or mines to evaluate profitability.
2149,Engineering professionals not elsewhere classified,0.375,Low,"Applying knowledge of engineering to the design, development and evaluation of biological and health systems and products such as artificial organs, prostheses and instrumentation;"
2149,Engineering professionals not elsewhere classified,0.3075,Low,"Designing devices used in various medical procedures and  imaging systems such as magnetic resonance imaging, and devices for automating insulin injections or controlling body functions;"
2149,Engineering professionals not elsewhere classified,0.385,Low,"Designing components of optical instruments such as lenses, microscopes, telescopes, lasers, optical disc systems and other equipment that utilize the properties of light;"
2149,Engineering professionals not elsewhere classified,0.13,Very Low,"Designing, testing, and coordinating the development of explosive ordnance material to meet military procurement specifications;"
2149,Engineering professionals not elsewhere classified,0.345,Low,Designing and overseeing construction and operation of nuclear reactors and power plants and nuclear fuels reprocessing and reclamation systems;
2149,Engineering professionals not elsewhere classified,0.315,Low,"Designing and developing nuclear equipment such as reactor cores, radiation shielding and associated instrumentation and control mechanisms;"
2149,Engineering professionals not elsewhere classified,0.25,Low,Assessing damage and providing calculations for marine salvage operations;
2149,Engineering professionals not elsewhere classified,0.37,Low,"Studying and advising on engineering aspects of particular manufacturing processes, such as those related to glass, ceramics, textiles, leather products, wood and printing;"
2149,Engineering professionals not elsewhere classified,0.265,Low,Identifying potential hazards and introducing safety procedures and devices.
2151,Electrical engineers,0.4375,Low,"Advising on and designing power stations and systems which generate, transmit and distribute electrical power;"
2151,Electrical engineers,0.2975,Low,"Supervising, controlling and monitoring the operation of electrical generation, transmission and distribution systems;"
2151,Electrical engineers,0.3575,Low,"Advising on and designing systems for electrical motors, electrical traction and other equipment, or electrical domestic appliances;"
2151,Electrical engineers,0.23,Very Low,Specifying electrical installation and application in industrial and other buildings and objects;
2151,Electrical engineers,0.35,Low,"Establishing control standards and procedures to monitor performance and safety of electrical generating and distribution systems, motors and equipment;"
2151,Electrical engineers,0.2125,Very Low,"Determining manufacturing methods for electrical systems, as well as maintenance and repair of existing electrical systems, motors and equipment."
2152,Electronics engineers,0.525,Medium,"Advising on and designing electronic devices or components, circuits, semi-conductors and systems;"
2152,Electronics engineers,0.35,Low,"Specifying production or installation methods, materials and quality standards, and directing production or installation work of electronic products and systems;"
2152,Electronics engineers,0.3325,Low,"Establishing control standards and procedures to ensure efficient functioning and safety of electronic systems, motors and equipment;"
2152,Electronics engineers,0.224,Very Low,Organising and directing maintenance and repair of existing electronic systems and equipment;
2152,Electronics engineers,0.45625,Low,"Designing electronic circuits and components for use in fields such as aerospace guidance and propulsion control, acoustics, or instruments and controls;"
2152,Electronics engineers,0.55,Medium,"Researching and advising on radar, telemetry and remote control systems, microwaves and other electronic equipment;"
2152,Electronics engineers,0.605,Medium,Designing and developing signal processing algorithms and implementing these through appropriate choice of hardware and software;
2152,Electronics engineers,0.3475,Low,"Developing apparatus and procedures to test electronic components, circuits and systems."
2153,Telecommunications engineers,0.54,Medium,"Advising on and designing telecommunications devices or components, systems, equipment and distribution centres;"
2153,Telecommunications engineers,0.45,Low,"Specifying production or installation methods, materials, quality and safety standards and directing production or installation work of telecommunications products and systems;"
2153,Telecommunications engineers,0.255,Low,"Organizing and directing maintenance and repair of existing telecommunication systems, motors and equipment;"
2153,Telecommunications engineers,0.55,Medium,Researching and advising on telecommunications equipment;
2153,Telecommunications engineers,0.565,Medium,"Planning and designing communications networks based on wired, fibre optical and wireless communication media;"
2153,Telecommunications engineers,0.615,Medium,Designing and developing signal processing algorithms and implementing these through appropriate choice of hardware and software;
2153,Telecommunications engineers,0.4,Low,"Designing telecommunications networks and radio and television distribution systems, including both cable and over the air."
2161,Building architects,0.4,Low,Developing new or improved architectural theories and methods;
2161,Building architects,0.29,Low,"Inspecting sites and consulting clients, management and other stakeholders to determine type, style and size of proposed buildings and alterations to existing buildings;"
2161,Building architects,0.325,Low,"Providing information regarding designs, materials and estimated building times;"
2161,Building architects,0.47,Low,"Preparing project documentation, including sketches and scale drawings, and integrating structural, mechanical and aesthetic elements in final designs;"
2161,Building architects,0.46,Low,Writing specifications and contract documents for use by builders and calling tenders on behalf of clients;
2161,Building architects,0.36,Low,"Making necessary contacts to ensure feasibility of projects regarding style, cost, timing and compliance with regulations;"
2161,Building architects,0.4125,Low,"Identifying and finding best solutions for problems regarding function and quality of interior environments of buildings and making necessary designs, drawings and plans;"
2161,Building architects,0.225,Very Low,Monitoring construction or rehabilitation work to ensure compliance with specifications and quality standards;
2161,Building architects,0.4,Low,Maintaining technical liaison and consultancy with other relevant specialists.
2162,Landscape architects,0.36,Low,Developing new or improved theories and methods and providing advice on policy related to landscape architecture;
2162,Landscape architects,0.2725,Low,"Inspecting sites and consulting clients, management and other stakeholders to determine type, style and size of proposed buildings, parks, roads and other open spaces;"
2162,Landscape architects,0.465,Low,"Compiling and analysing site and community data about geographical and ecological features, landforms, soils, vegetation, site hydrology, visual characteristics and human-made structures, to formulate land use and development recommendations, feasibility studies and environmental impact statements;"
2162,Landscape architects,0.4175,Low,"Preparing reports, strategic plans, site plans, working drawings, specifications and cost estimates for land development, showing location and details of proposals, including ground modelling, structures, vegetation and access;"
2162,Landscape architects,0.44,Low,Writing specifications and contract documents for use by builders and civil engineering contractors and calling tenders on behalf of clients;
2162,Landscape architects,0.385,Low,"Making necessary contacts to ensure feasibility of projects regarding style, cost, timing and compliance with regulations;"
2162,Landscape architects,0.4125,Low,"Identifying and finding best solutions for problems regarding function and quality of exterior environments and making necessary designs, drawings and plans;"
2162,Landscape architects,0.22,Very Low,Monitoring construction or rehabilitation work to ensure compliance with specifications and quality standards;
2162,Landscape architects,0.365,Low,Maintaining technical liaison and consultancy with other relevant specialists.
2163,Product and garment designers,0.3525,Low,Determining the objectives and constraints of the design brief by consulting with clients and stakeholders;
2163,Product and garment designers,0.315,Low,"Formulating design concepts for clothing, textiles, industrial, commercial and consumer products, and jewellery;"
2163,Product and garment designers,0.35,Low,"Harmonizing aesthetic considerations with technical, functional, ecological and production requirements;"
2163,Product and garment designers,0.435,Low,"Preparing sketches, diagrams, illustrations, plans, samples and models to communicate design concepts;"
2163,Product and garment designers,0.35,Low,"Negotiating design solutions with clients, management, and sales and manufacturing staff;"
2163,Product and garment designers,0.335,Low,"Selecting, specifying and recommending functional and aesthetic materials, production methods and finishes for manufacture;"
2163,Product and garment designers,0.51,Medium,Detailing and documenting the selected design for production;
2163,Product and garment designers,0.2,Very Low,Preparing and commissioning prototypes and samples;
2163,Product and garment designers,0.3,Low,"Supervising the preparation of patterns, programmes and tooling, and of the manufacturing process."
2164,Town and traffic planners,0.39,Low,Planning layout and coordinating development of urban areas;
2164,Town and traffic planners,0.44,Low,"Compiling and analysing data on economic, legal, political, cultural, demographic, sociological, physical and environmental factors affecting land use;"
2164,Town and traffic planners,0.33,Low,"Conferring with government authorities, communities and specialists in fields such as architecture, planning, social science the environment and the law;"
2164,Town and traffic planners,0.415,Low,"Devising and recommending use and development of land, and presenting narrative and graphic plans, programmes and designs to groups and individuals;"
2164,Town and traffic planners,0.4175,Low,"Advising governments, companies and communities on urban and regional planning issues and proposals;"
2164,Town and traffic planners,0.42,Low,Reviewing and evaluating environmental impact reports;
2164,Town and traffic planners,0.34,Low,"Planning and coordinating the development of land areas for parks, schools, institutions, airports, roadways and related projects, and for commercial, industrial and residential sites;"
2164,Town and traffic planners,0.5125,Medium,Planning and advising on routing and control of road traffic and public transportation systems for efficiency and safety.
2165,Cartographers and surveyors,0.215,Very Low,"Surveying, measuring and describing land surfaces, mines, underground surfaces, sea, river and lake beds;"
2165,Cartographers and surveyors,0.6,Medium,Noting exact position of various features and recording survey data in digital form;
2165,Cartographers and surveyors,0.41,Low,Making charts and maps to be used in determining navigable waters and channels and in planning construction of marine structures;
2165,Cartographers and surveyors,0.38,Low,Planning and conducting aerial photographic surveys;
2165,Cartographers and surveyors,0.53,Medium,"Designing, compiling and revising maps and charts using aerial and other photographs, satellite imagery, survey documents and data, existing maps and records, reports and statistics;"
2165,Cartographers and surveyors,0.49,Low,"Undertaking research and development of surveying and photogrammetric measurement systems, cadastral systems and land information systems;"
2165,Cartographers and surveyors,0.5,Medium,"Studying and advising on technical, aesthetic and economic aspects of map production;"
2165,Cartographers and surveyors,0.385,Low,Maintaining technical liaison and consultancy with other relevant specialists.
2166,Graphic and multimedia designers,0.41,Low,Determining the objectives and constraints of the design brief by consulting with clients and stakeholders;
2166,Graphic and multimedia designers,0.525,Medium,Undertaking research and analysing functional communication requirements;
2166,Graphic and multimedia designers,0.585,Medium,Formulating design concepts for the subject to be communicated;
2166,Graphic and multimedia designers,0.5625,Medium,"Preparing sketches, diagrams, illustrations and layouts to communicate design concepts;"
2166,Graphic and multimedia designers,0.52,Medium,"Designing complex graphics and animation to satisfy functional, aesthetic and creative requirements of the design brief;"
2166,Graphic and multimedia designers,0.6125,Medium,"Creating two-dimensional and three-dimensional images depicting objects in motion or illustrating a process, using computer animation or modelling programmes;"
2166,Graphic and multimedia designers,0.37,Low,"Negotiating design solutions with clients, management, sales and production staff;"
2166,Graphic and multimedia designers,0.4175,Low,"Selecting, specifying or recommending functional and aesthetic materials and media for publication, delivery or display;"
2166,Graphic and multimedia designers,0.5525,Medium,Detailing and documenting the selected design for production;
2166,Graphic and multimedia designers,0.375,Low,Supervising or carrying out production in the chosen media.
2211,Generalist medical practitioners,0.155,Very Low,Conducting physical examinations of patients and interviewing them and their families to determine their health status;
2211,Generalist medical practitioners,0.3,Low,"Ordering laboratory tests, X-rays and other diagnostic procedures and analysing findings to determine the nature of disorders or illnesses;"
2211,Generalist medical practitioners,0.215,Very Low,"Providing continuing medical care for patients including prescribing, administering, counselling on and monitoring curative treatments and preventive measures;"
2211,Generalist medical practitioners,0.13,Very Low,Performing surgery and other clinical procedures;
2211,Generalist medical practitioners,0.31,Low,"Advising individuals, families and communities on health, nutrition and lifestyle which aid prevention or treatment of disease and disorders;"
2211,Generalist medical practitioners,0.305,Low,"Providing referrals to patients and families for specialized care in hospitals, rehabilitation centres or other types of health care centres;"
2211,Generalist medical practitioners,0.22,Very Low,"Identifying, managing and providing referrals for complications before, during and after childbirth;"
2211,Generalist medical practitioners,0.355,Low,Recording patients' medical information and history and exchanging information with specialist practitioners and other health workers as required for continuing medical care;
2211,Generalist medical practitioners,0.3725,Low,"Reporting births, deaths and notifiable diseases to government authorities to meet legal and professional requirements;"
2211,Generalist medical practitioners,0.4775,Low,Conducting research in human health and medical services and disseminating the findings such as through scientific reports
2211,Generalist medical practitioners,0.3125,Low,Planning and participating in programmes designed to prevent the occurrence and spread of common diseases.
2212,Specialist medical practitioners,0.165,Very Low,Conducting physical examinations of patients and interviewing them and their families to determine their health status;
2212,Specialist medical practitioners,0.335,Low,Considering medical information provided by a referring doctor or other health care provider;
2212,Specialist medical practitioners,0.285,Low,Ordering specialized diagnostic tests to determine the nature of disorders or illnesses;
2212,Specialist medical practitioners,0.18,Very Low,"Prescribing, administering and monitoring patients' responses to treatments, medications, anaesthetics, psychotherapies, physical rehabilitation programmes and other preventive and curative measures;"
2212,Specialist medical practitioners,0.1225,Very Low,Performing surgery of a general or specialized nature;
2212,Specialist medical practitioners,0.1075,Very Low,"Managing complications before, during and after childbirth;"
2212,Specialist medical practitioners,0.365,Low,Recording patients' medical information and exchanging information with other health professionals to ensure the provision of comprehensive care;
2212,Specialist medical practitioners,0.375,Low,"Reporting births, deaths and notifiable diseases to government authorities to meet legal and professional requirements;"
2212,Specialist medical practitioners,0.43,Low,"Providing information to patients and families and communities about preventive measures, treatment and care for specific ailments;"
2212,Specialist medical practitioners,0.155,Very Low,Performing autopsies to determine cause of death;
2212,Specialist medical practitioners,0.388,Low,Conducting research into specific human disorders and illnesses and preventive or curative methods and disseminating the findings such as through scientific reports;
2212,Specialist medical practitioners,0.35,Low,Planning and participating in programmes designed to prevent the occurrence and spread of specific diseases.
2221,Nursing professionals,0.205,Very Low,"Planning, providing and evaluating nursing care for patients according to the practice and standards of modern nursing;"
2221,Nursing professionals,0.285,Low,Coordinating the care of patients in consultation with other health professionals and members of health teams;
2221,Nursing professionals,0.3,Low,"Developing and implementing care plans for the biological, social and psychological treatment of patients in collaboration with other health professionals;"
2221,Nursing professionals,0.11,Very Low,"Planning and providing personal care, treatments and therapies including administering medications, and monitoring responses to treatment or care plan;"
2221,Nursing professionals,0.0625,Very Low,Cleaning wounds and applying surgical dressings and bandages
2221,Nursing professionals,0.12,Very Low,"Monitoring pain and discomfort experienced by patients and alleviating pain using a variety of therapies, including the use of painkilling drugs;"
2221,Nursing professionals,0.355,Low,"Planning and participating in health education programmes, health promotion and nurse education activities in clinical and community settings;"
2221,Nursing professionals,0.365,Low,"Answering questions from patients and families and providing information about prevention of ill-health, treatment and care;"
2221,Nursing professionals,0.2575,Low,"Supervising and coordinating the work of other nursing, health and personal care workers;"
2221,Nursing professionals,0.46,Low,Conducting research on nursing practices and procedures and disseminating findings such as through scientific papers and reports.
2222,Midwifery professionals,0.235,Very Low,"Planning, providing and evaluating care and support services for women and babies before, during and after pregnancy and childbirth according to the practice and standards of modern midwifery care;"
2222,Midwifery professionals,0.2675,Low,"Providing advice to women and families and conducting community education on health, nutrition, hygiene, exercise, birth and emergency plans, breastfeeding, infant care, family planning and contraception, lifestyle and other topics related to pregnancy and childbirth;"
2222,Midwifery professionals,0.2175,Very Low,"Assessing progress during pregnancy and childbirth, managing complications and recognizing warning signs requiring referral to a medical doctor with specialized skills in obstetrics;"
2222,Midwifery professionals,0.2,Very Low,"Monitoring the health status of newborns, managing complications and recognizing warning signs requiring referral to a medical doctor with specialized skills in neonatology;"
2222,Midwifery professionals,0.135,Very Low,"Monitoring pain and discomfort experienced by women during labour and delivery and alleviating pain using a variety of therapies, including the use of painkilling drugs;"
2222,Midwifery professionals,0.5425,Medium,Reporting births to government authorities to meet legal and professional requirements;
2222,Midwifery professionals,0.515,Medium,Conducting research on midwifery practices and procedures and disseminating findings such as through scientific papers and reports;
2222,Midwifery professionals,0.28,Low,Planning and conducting midwifery education activities in clinical and community settings.
2230,Traditional and complementary medicine professionals,0.185,Very Low,Conducting physical examinations of patients and interviewing them and their families to determine their health status;
2230,Traditional and complementary medicine professionals,0.215,Very Low,"Developing and implementing treatment plans for physical, mental and psychosocial ailments using applications such as acupuncture, ayurvedic, homeopathic and herbal medicine;"
2230,Traditional and complementary medicine professionals,0.3625,Low,Evaluating and documenting patients' progress through treatment plans;
2230,Traditional and complementary medicine professionals,0.385,Low,"Providing health, nutrition and lifestyle advice to individuals, families and communities;"
2230,Traditional and complementary medicine professionals,0.265,Low,"Prescribing and preparing traditional medicines, such as herbal, plant, mineral and animal extracts, to stimulate the body's capacity for self-healing;"
2230,Traditional and complementary medicine professionals,0.3675,Low,Exchanging  information about patients with other health care workers as needed to ensure continuing and comprehensive health care;
2230,Traditional and complementary medicine professionals,0.4875,Low,Conducting research into traditional and complementary medicines and treatments and disseminating findings such as through scientific papers and reports.
2240,Paramedical practitioners,0.165,Very Low,"Conducting physical examinations of patients and interviewing them and their families to determine their health status, and recording patients' medical information;"
2240,Paramedical practitioners,0.0925,Very Low,"Performing basic or more routine medical and surgical procedures, including prescribing and administering treatments, medications and other preventive or curative measures, especially for common diseases and disorders;"
2240,Paramedical practitioners,0.235,Very Low,"Administering or ordering diagnostic tests, such as x-ray, electrocardiogram, and laboratory tests;"
2240,Paramedical practitioners,0.095,Very Low,"Performing therapeutic procedures, such as injections, immunizations, suturing and wound care, and infection management;"
2240,Paramedical practitioners,0.1535,Very Low,Assisting medical doctors with complex surgical procedures;
2240,Paramedical practitioners,0.245,Very Low,"Monitoring patients' progress and response to treatment, and identifying signs and symptoms requiring referral to medical doctors;"
2240,Paramedical practitioners,0.335,Low,"Advising patients and families on diet, exercise and other habits which aid prevention or treatment of disease and disorders;"
2240,Paramedical practitioners,0.275,Low,"Identifying and referring complex or unusual cases to medical doctors, hospitals or other places for specialized care;"
2240,Paramedical practitioners,0.505,Medium,"Reporting births, deaths and notifiable diseases to government authorities to meet legal and professional reporting requirements."
2250,Veterinarians,0.21,Very Low,"Determining the presence and nature of abnormal conditions by physical examination, laboratory testing and through diagnostic imaging techniques including radiography and ultrasound;"
2250,Veterinarians,0.115,Very Low,"Treating animals medically and surgically, and administering and prescribing drugs, analgesics, and general and local anaesthetics;"
2250,Veterinarians,0.085,Very Low,"Performing surgery, dressing wounds and setting broken bones;"
2250,Veterinarians,0.1075,Very Low,Rendering obstetric and dental services to animals;
2250,Veterinarians,0.165,Very Low,Participating in programmes designed to prevent the occurrence and spread of animal diseases;
2250,Veterinarians,0.15,Very Low,"Inoculating animals against, and testing for, infectious diseases and notifying authorities of outbreaks of infectious animal diseases;"
2250,Veterinarians,0.13,Very Low,Performing autopsies to determine cause of death;
2250,Veterinarians,0.22,Very Low,"Advising clients on health, nutrition and feeding, hygiene, breeding and care of animals;"
2250,Veterinarians,0.095,Very Low,Providing euthanasia services for animals.
2261,Dentists,0.135,Very Low,"Diagnosing diseases, injuries, irregularities and malformations of teeth and associated structures in the mouth and jaw using a range of methods such as radiographs, salivary tests and medical histories;"
2261,Dentists,0.12,Very Low,"Providing preventative oral health care such as periodontal treatments, fluoride applications and oral health promotion;"
2261,Dentists,0.066,Very Low,Administering anaesthetics to limit the amount of pain experienced by patients during procedures;
2261,Dentists,0.1675,Very Low,Prescribing medication for relief of ongoing  pain after procedures;
2261,Dentists,0.095,Very Low,"Providing restorative oral care such as implants, complex crown and bridge restorations, and orthodontics, and repairing damaged and decayed teeth;"
2261,Dentists,0.115,Very Low,"Providing surgical treatments such as extraction of teeth, biopsy of tissue, and performing orthodontic treatment;"
2261,Dentists,0.105,Very Low,Measuring and taking impressions of patients' jaws and teeth in order to determine the shape and size of dental prostheses;
2261,Dentists,0.15,Very Low,"Designing, making and fitting prosthodontic appliances such as space maintainers, bridges, and dentures, or writing fabrication instructions or prescriptions for dental prosthetic technicians;"
2261,Dentists,0.11,Very Low,Restoring oral function with removable and fixed oral prostheses;
2261,Dentists,0.205,Very Low,Assisting in diagnosing general diseases having oral manifestations such as diabetes;
2261,Dentists,0.255,Low,"Educating patients and families on dental hygiene, nutrition and other measures to take care of oral health;"
2261,Dentists,0.2675,Low,"Supervising dental hygienists, dental assistants and other staff."
2262,Pharmacists,0.335,Low,"Receiving prescriptions for medicinal products from medical doctors and other health professionals, checking patients' medicine histories, and ensuring proper dosage and methods of administration and drug compatibility before dispensing;"
2262,Pharmacists,0.24,Very Low,"Preparing or supervising the preparation and labelling of liquid medicines, ointments, powders, tablets and other medications to fill prescriptions;"
2262,Pharmacists,0.5025,Medium,"Providing information and advice to prescribers and clients regarding drug interactions, incompatibility and contraindications, side effects, dosage and proper medication storage;"
2262,Pharmacists,0.31,Low,"Collaborating with other health care professionals to plan, monitor, review, and evaluate the quality and effectiveness of the medicine therapy of individual patients, and the effectiveness of particular drugs or therapies;"
2262,Pharmacists,0.4075,Low,"Maintaining prescription files and recording issue of narcotics, poisons and habit-forming drugs in accordance with legal and professional requirements;"
2262,Pharmacists,0.1075,Very Low,"Storing and preserving vaccines, serums and other drugs subject to deterioration;"
2262,Pharmacists,0.3475,Low,Advising clients on and supplying non-prescription medicines and diagnostic and therapeutic aids for common conditions;
2262,Pharmacists,0.3375,Low,"Supervising and coordinating the work of pharmacy technicians, pharmacy interns and pharmacy sales assistants;"
2262,Pharmacists,0.32,Low,"Conducting research to develop and improve pharmaceuticals, cosmetics and related chemical products;"
2262,Pharmacists,0.335,Low,"Conferring with chemists, engineering professionals and other professionals about manufacturing techniques and ingredients;"
2262,Pharmacists,0.358,Low,"Testing and analysing drugs to determine their identity, purity and strength in relation to specified standards;"
2262,Pharmacists,0.365,Low,"Evaluating labels, packaging and advertising of drug products;"
2262,Pharmacists,0.355,Low,Developing information and risks of particular drugs.
2263,Environmental and occupational health and hygiene professionals,0.265,Low,"Developing, implementing and reviewing programmes and policies to minimize potential environmental and occupational risks to health and safety;"
2263,Environmental and occupational health and hygiene professionals,0.3625,Low,"Preparing and implementing plans and strategies for the safe, economic and suitable disposal of commercial, industrial, medical and household wastes;"
2263,Environmental and occupational health and hygiene professionals,0.2625,Low,"Implementing prevention programmes and strategies for communicable diseases, food safety, waste water treatment and disposal systems, recreation and domestic water quality, contaminated and hazardous substances;"
2263,Environmental and occupational health and hygiene professionals,0.245,Very Low,"Identifying, reporting and documenting hazards, and assessing and controlling risks in the environment and workplace and advising on compliance with relevant law and regulations;"
2263,Environmental and occupational health and hygiene professionals,0.245,Very Low,"Developing, implementing and monitoring programmes to minimize workplace and environmental pollution involving chemical, physical and biological hazards;"
2263,Environmental and occupational health and hygiene professionals,0.28,Low,"Advising on methods to prevent, eliminate, control or reduce the exposure of workers, students, the public and the environment to radiological and other hazards;"
2263,Environmental and occupational health and hygiene professionals,0.235,Very Low,"Promoting ergonomic principles within the workplace such as matching furniture, equipment and work activities to the needs of employees;"
2263,Environmental and occupational health and hygiene professionals,0.36,Low,"Providing education, information, training and advice to persons at all levels on aspects of occupational hygiene and environmental health;"
2263,Environmental and occupational health and hygiene professionals,0.2625,Low,"Recording and investigating injuries and equipment damage, and reporting safety performance;"
2263,Environmental and occupational health and hygiene professionals,0.285,Low,"Coordinating arrangements for the compensation, rehabilitation and return to work of injured workers."
2264,Physiotherapists,0.165,Very Low,"Administering muscle, nerve, joint  functional ability and other tests to identify and assess physical problems of patients;"
2264,Physiotherapists,0.19,Very Low,"Establishing treatment goals with patients and designing treatment programmes to reduce physical pain, strengthen muscles, improve cardiothoracic, cardiovascular and respiratory functions, restore joint mobility and improve balance and coordination;"
2264,Physiotherapists,0.165,Very Low,"Developing, implementing and monitoring programmes and treatments using the therapeutic properties of exercise, heat, cold, massage, manipulation, hydrotherapy, electrotherapy, ultraviolet and infra-red light and ultrasound in the treatment of patients;"
2264,Physiotherapists,0.2275,Very Low,Instructing patients and their families in procedures to be continued outside clinical settings;
2264,Physiotherapists,0.56,Medium,"Recording information on patients' health status and responses to treatment in medical records-keeping systems, and sharing information with other health professionals as required to ensure continuing and comprehensive care;"
2264,Physiotherapists,0.355,Low,Developing and implementing programmes for screening and prevention of common physical ailments and disorders;
2264,Physiotherapists,0.3225,Low,Supervising the work of physiotherapy assistants and others.
2265,Dieticians and nutritionists,0.3375,Low,"Instructing individuals, families and communities on nutrition, the planning of diets and preparation of food to maximize health benefits and reduce potential risks to health;"
2265,Dieticians and nutritionists,0.415,Low,"Planning diets and menus, supervising the preparation and serving of meals, and monitoring food intake and quality to provide nutritional care in settings offering food services;"
2265,Dieticians and nutritionists,0.365,Low,"Compiling and assessing data relating to health and nutritional status of individuals, groups and communities based on nutritional values of food served or consumed;"
2265,Dieticians and nutritionists,0.4,Low,"Planning and conducting nutrition assessments, intervention programmes, and education and training to improve nutritional levels among individuals and communities;"
2265,Dieticians and nutritionists,0.4,Low,Consulting with other health professionals and care providers to manage the dietary and nutritional needs of patients;
2265,Dieticians and nutritionists,0.415,Low,Developing and evaluating food and nutrition products to meet nutritional requirements;
2265,Dieticians and nutritionists,0.565,Medium,Conducting research on nutrition and disseminating the findings at scientific conferences and in other settings.
2266,Audiologists and speech therapists,0.235,Very Low,"Evaluating hearing, speech and language performance in patients to determine the nature of hearing and communication disorders;"
2266,Audiologists and speech therapists,0.28,Low,"Administering hearing or speech/language tests or other examinations using specialized diagnostic instruments and equipment, and interpreting test results alongside other medical, social and behavioural diagnostic data to determine appropriate courses of treatment;"
2266,Audiologists and speech therapists,0.235,Very Low,"Planning, directing and participating in counselling, screening, speech rehabilitation and other programmes related to hearing and communication;"
2266,Audiologists and speech therapists,0.17,Very Low,Prescribing hearing aids and other assistive devices according to patients‚Äô needs and instructing them in their use;
2266,Audiologists and speech therapists,0.221,Very Low,Planning and conducting treatment programmes to manage physical disorders affecting speech and swallowing;
2266,Audiologists and speech therapists,0.2525,Low,"Counselling and guiding hearing and/or language-impaired individuals, their families, teachers and employers;"
2266,Audiologists and speech therapists,0.27,Low,Referring patients and families to additional medical or educational services if needed.
2267,Optometrists and ophthalmic opticians,0.15,Very Low,Examining patients‚Äô eyes and conducting diagnostic tests to assess ocular health and determine the nature and extent of vision problems and abnormalities;
2267,Optometrists and ophthalmic opticians,0.255,Low,"Testing visual function using specialized instruments and equipment for measuring visual acuity and refractive error, function of visual pathways, visual fields, eye movements, freedom of vision and intraocular pressure;"
2267,Optometrists and ophthalmic opticians,0.215,Very Low,"Detecting, diagnosing and managing eye disease, including prescribing medications for the treatment of eye disease;"
2267,Optometrists and ophthalmic opticians,0.265,Low,Consulting  with and referring patients to ophthalmologists or other health professionals if additional medical treatment is necessary;
2267,Optometrists and ophthalmic opticians,0.185,Very Low,"Detecting and diagnosing eye movement disorders and defects of binocular function, and planning and managing treatment programmes, including counselling patients in eye exercises to coordinate movement and focusing of eyes;"
2267,Optometrists and ophthalmic opticians,0.36,Low,"Prescribing corrective eyeglasses, contact lenses and other vision aids, and checking optical devices for performance, safety, comfort and lifestyle;"
2267,Optometrists and ophthalmic opticians,0.23,Very Low,"Advising on visual health matters such as contact lens care, vision care for the elderly, optics, visual ergonomics, and occupational and industrial eye safety."
2269,Health professionals not elsewhere classified,0.165,Very Low,"Interviewing patients and conducting diagnostic tests  to determine their health status, functional limitations, and the nature of physical or mental disorders, illnesses or other health problems;"
2269,Health professionals not elsewhere classified,0.2,Very Low,"Developing and implementing treatment plans for injuries, illnesses and other physical and mental impairments;"
2269,Health professionals not elsewhere classified,0.295,Low,"Evaluating and documenting patients' progress through treatment plans, and referring patients and families to medical doctors or other health care providers for specialized, rehabilitative or other care services as needed;"
2269,Health professionals not elsewhere classified,0.1075,Very Low,"Administering therapeutic care and treatment to patients, including through application of manual and physical chiropractic and osteopathic techniques;"
2269,Health professionals not elsewhere classified,0.28,Low,"Recommending environmental adaptations in the home, leisure, work and school environments on an individual or group basis to enable individuals with functional limitations to perform their daily activities and occupations;"
2269,Health professionals not elsewhere classified,0.255,Low,"Planning and implementing therapeutic programmes on an individual and group basis for improving and maintaining physical, cognitive, emotional and social functioning, including through the use of arts and crafts, dance and movement, music and other recreational activities;"
2269,Health professionals not elsewhere classified,0.165,Very Low,"Identifying and prescribing treatments for conditions affecting the foot, ankle and related structures of the leg due to illness, disease or other physical impairment, and prescribing corrective footwear and advising on foot care to manage foot ailments;"
2269,Health professionals not elsewhere classified,0.0925,Very Low,Performing minor surgical procedures such as on the foot and ankles.
2310,University and higher education teachers,0.3625,Low,Designing and modifying curricula and preparing courses of study in accordance with requirements;
2310,University and higher education teachers,0.2325,Very Low,"Preparing and delivering lectures and conducting tutorials, seminars and laboratory experiments;"
2310,University and higher education teachers,0.285,Low,Stimulating discussion and independent thought among students;
2310,University and higher education teachers,0.275,Low,"Supervising, where appropriate, experimental and practical work undertaken by students;"
2310,University and higher education teachers,0.555,Medium,"Administering, evaluating and marking examination papers and tests;"
2310,University and higher education teachers,0.35,Low,Directing research of post-graduate students or other members of department;
2310,University and higher education teachers,0.44,Low,"Researching into and developing concepts, theories and operational methods for application in industrial and other fields;"
2310,University and higher education teachers,0.535,Medium,"Preparing scholarly books, papers or articles;"
2310,University and higher education teachers,0.29,Low,Participating in departmental and faculty meetings and in conferences and seminars;
2320,Vocational education teachers,0.435,Low,Developing curricula and planning course content and methods of instruction;
2320,Vocational education teachers,0.36,Low,"Determining training needs of students or workers and liaising with individuals, industry and other education sectors to ensure provision of relevant education and training programmes;"
2320,Vocational education teachers,0.315,Low,Presenting lectures and conducting discussions to increase students' knowledge and competence;
2320,Vocational education teachers,0.21,Very Low,"Instructing and monitoring students in the use of tools, equipment and materials and the prevention of injury and damage;"
2320,Vocational education teachers,0.2975,Low,"Observing and evaluating students' work to determine progress, provide feedback, and make suggestions for improvement;"
2320,Vocational education teachers,0.34,Low,"Administering oral, written or performance tests to measure progress, evaluate training effectiveness and assess competency;"
2320,Vocational education teachers,0.65,Medium,"Preparing reports and maintaining records such as student grades, attendance rolls, and training activity details;"
2320,Vocational education teachers,0.315,Low,"Supervising independent or group projects, field placements, laboratory work or other training;"
2320,Vocational education teachers,0.245,Very Low,Providing individualized instruction and tutorial or remedial instruction;
2320,Vocational education teachers,0.315,Low,"Conducting on-the-job training sessions to teach and demonstrate principles, techniques, procedures, or methods of designated subjects."
2330,Secondary education teachers,0.465,Low,Designing and modifying curricula and preparing educational courses of study in accordance with curriculum guidelines;
2330,Secondary education teachers,0.225,Very Low,Establishing and enforcing rules for behaviour and procedures for maintaining order among students;
2330,Secondary education teachers,0.265,Low,"Preparing and giving lessons, discussions and demonstrations in one or more subjects;"
2330,Secondary education teachers,0.32,Low,"Establishing clear objectives for all lessons, units, and projects and communicating those objectives to students;"
2330,Secondary education teachers,0.235,Very Low,Preparing materials and classrooms for class activities;
2330,Secondary education teachers,0.26,Low,Adapting teaching methods and instructional materials to meet students' varying needs and interests;
2330,Secondary education teachers,0.26,Low,Observing and evaluating students‚Äô performance and behaviour;
2330,Secondary education teachers,0.35,Low,"Preparing, administering and marking tests, assignments and examinations to evaluate pupils' progress;"
2330,Secondary education teachers,0.34,Low,Preparing reports about pupils' work and conferring with other teachers and parents;
2330,Secondary education teachers,0.255,Low,Participating in meetings concerning the school's educational or organizational policies;
2330,Secondary education teachers,0.305,Low,"Planning, organizing and participating in school activities such as excursions, sporting events and concerts."
2341,Primary school teachers,0.465,Low,Preparing daily and longer term lesson plans in accordance with curriculum guidelines;
2341,Primary school teachers,0.195,Very Low,"Instructing children individually and in groups, using various teaching methods and materials (e.g. computers, books, games), adapting to children‚Äôs varying needs;"
2341,Primary school teachers,0.16,Very Low,Maintaining discipline and good working habits in the classroom;
2341,Primary school teachers,0.2625,Low,"Planning and conduct activities with the children such as sporting activities, concerts and excursions;"
2341,Primary school teachers,0.3375,Low,Assigning and grading class work and homework;
2341,Primary school teachers,0.285,Low,"Preparing, administering, and grading tests and assignments to evaluate children‚Äôs progress;"
2341,Primary school teachers,0.205,Very Low,Observing and evaluating children‚Äôs performance and behaviour;
2341,Primary school teachers,0.1925,Very Low,"Supervising children during classes and at other times in the school day, including the playground during breaks;"
2341,Primary school teachers,0.25,Low,"Participating in staff meetings and other sessions, and conferring with other teachers concerning educational issues;"
2341,Primary school teachers,0.26,Low,Preparing for and attending parent meetings to discuss children‚Äôs progress and problems.
2342,Early childhood educators,0.28,Low,"Planning and organizing individual and group activities designed to facilitate the development of children's motor skills, cooperative and social skills, confidence and understanding;"
2342,Early childhood educators,0.215,Very Low,"Promoting language development through story-telling, role-play, songs, rhymes and informal conversations and discussions;"
2342,Early childhood educators,0.1775,Very Low,"Leading children in activities that provide opportunities for creative expression through the media of art, dramatic play, music and physical fitness;"
2342,Early childhood educators,0.19,Very Low,"Observing children in order to evaluate progress and to detect signs of developmental, emotional or health related problems;"
2342,Early childhood educators,0.25,Low,"Observing and assessing nutritional health, welfare and safety needs of students and identifying factors which may impede students' progress;"
2342,Early childhood educators,0.18,Very Low,Supervising children's activities to ensure safety and resolve conflicts;
2342,Early childhood educators,0.11,Very Low,"Guiding and assisting children in the development of proper eating, dressing and toilet habits;"
2342,Early childhood educators,0.245,Very Low,Discussing progress or problems of children with parents and other staff members and identifying appropriate actions and referrals to other services;
2342,Early childhood educators,0.225,Very Low,Establishing and maintaining collaborative relationships with other service providers working with young children.
2351,Education methods specialists,0.415,Low,"Researching into current developments in curricula, teaching methods and other educational practices, and advising on necessary changes and possible improvements;"
2351,Education methods specialists,0.485,Low,Evaluating and advising on contents of courses and methods of examination;
2351,Education methods specialists,0.36,Low,"Researching into audiovisual and other teaching aids and advising on, planning and organizing their introduction in educational establishments;"
2351,Education methods specialists,0.5975,Medium,"Documenting subjects and courses developed, and evaluating new courses;"
2351,Education methods specialists,0.335,Low,"Providing ongoing professional development, training and consultative services to teachers;"
2351,Education methods specialists,0.3,Low,Organizing and conducting workshops and conferences to train teachers in new programmes and methods;
2351,Education methods specialists,0.4975,Low,"Developing the structure, content and objectives of new educational courses and programmes;"
2351,Education methods specialists,0.27,Low,"Visiting schools periodically and conferring with administrative and teaching staff on questions relating to curricula, teaching methods, equipment and other matters;"
2351,Education methods specialists,0.235,Very Low,"Visiting classrooms to observe teaching techniques and to evaluate teachers performance, and scholastic results obtained;"
2351,Education methods specialists,0.435,Low,"Preparing reports and making recommendations to educational authorities concerning possible changes and improvements in curricula, teaching methods, and other matters."
2352,Special needs teachers,0.2625,Low,"Assessing students' abilities and limitations with regard to intellectual, physical, social and emotional impairments, exceptional intellectual gifts, or other specific problems;"
2352,Special needs teachers,0.315,Low,"Designing or modifying curricula and preparing and delivering programmes, lessons and activities adapted to students‚Äô abilities and needs;"
2352,Special needs teachers,0.235,Very Low,Giving instruction on an individual or group basis using special techniques or aids appropriate to students‚Äô needs;
2352,Special needs teachers,0.245,Very Low,"Employing special educational strategies and techniques during instruction to improve the development of sensory- and perceptual-motor skills, language, cognition, and memory;"
2352,Special needs teachers,0.255,Low,Establishing  and enforcing rules for behaviour and policies and procedures to maintain order among students;
2352,Special needs teachers,0.1875,Very Low,"Teaching academic subjects and practical and self-help skills to students with  hearing, sight and other impairments;"
2352,Special needs teachers,0.23,Very Low,"Stimulating and developing students‚Äô confidence interests, abilities, manual skills and coordination;"
2352,Special needs teachers,0.24,Very Low,Conferring with other staff members to plan and schedule lessons for special needs students;
2352,Special needs teachers,0.565,Medium,Preparing and maintaining student data and other records and submitting reports;
2352,Special needs teachers,0.335,Low,Administering various forms of assessment and evaluating progress of each student;
2352,Special needs teachers,0.25,Low,"Conferring with students, parents, head teacher and other relevant professionals involved in the students‚Äô care to develop individual educational plans designed to promote students' development."
2353,Other language teachers,0.2875,Low,"Assessing the level of ability and the extent of language difficulties of students,  and establishing students' needs and learning goals;"
2353,Other language teachers,0.255,Low,"Planning, preparing and delivering lessons and workshops for groups and individuals with content and rate of progression adapted to students‚Äô abilities and needs;"
2353,Other language teachers,0.5,Medium,Designing and producing teaching materials and adapting existing materials;
2353,Other language teachers,0.32,Low,Assessing students' progress;
2353,Other language teachers,0.235,Very Low,Assisting students in classroom settings where subjects are taught in a language other than the students‚Äô native language;
2353,Other language teachers,0.265,Low,Providing assistance to other teachers by designing special teaching programmes for students still learning the main language of instruction;
2353,Other language teachers,0.515,Medium,"Assigning and correcting work, and preparing and grading exams;"
2353,Other language teachers,0.335,Low,"Assessing, recording and reporting on students‚Äô progress."
2354,Other music teachers,0.2675,Low,Assessing the students‚Äô level of ability and determining needs and learning goals;
2354,Other music teachers,0.3,Low,"Planning, preparing and delivering programmes of study, lessons and workshops for individual students and groups;"
2354,Other music teachers,0.41,Low,Preparing and presenting material on the theory and interpretation of music;
2354,Other music teachers,0.235,Very Low,Instructing and demonstrating practical aspects of singing or of playing a particular instrument;
2354,Other music teachers,0.35,Low,Teaching students to read and write musical notation;
2354,Other music teachers,0.3375,Low,"Assigning exercises and teaching pieces of music relevant to students‚Äô level of ability, interests and talents;"
2354,Other music teachers,0.3,Low,"Assessing students and offering advice, criticism and encouragement;"
2354,Other music teachers,0.56,Medium,"Revising curricula, course content, course materials and methods of instruction;"
2354,Other music teachers,0.35,Low,"Preparing students for examinations, performances and assessments;"
2354,Other music teachers,0.45,Low,Arranging visits and tours to musical performances;
2354,Other music teachers,0.33,Low,Organizing and assisting in auditions or performances of students' work.
2355,Other arts teachers,0.285,Low,Assessing the students‚Äô level of ability and determining learning needs;
2355,Other arts teachers,0.315,Low,"Planning, preparing and delivering programmes of study, lessons and workshops for individual students and groups;"
2355,Other arts teachers,0.495,Low,Preparing and presenting material on the theory of the subject area being studied;
2355,Other arts teachers,0.1875,Very Low,"Instructing and demonstrating practical aspects of drama, dance, visual or other arts;"
2355,Other arts teachers,0.34,Low,"Assigning exercises and work relevant to students‚Äô level of ability, interests and talents;"
2355,Other arts teachers,0.265,Low,"Assessing students and offering advice, criticism and encouragement;"
2355,Other arts teachers,0.49,Low,"Revising curricula, course content, course materials and methods of instruction;"
2355,Other arts teachers,0.295,Low,"Preparing students for examinations, performance and assessments;"
2355,Other arts teachers,0.46,Low,Arranging visits and tours to exhibitions and  performances;
2355,Other arts teachers,0.33,Low,Organising and assisting in performances or exhibitions of students' work.
2356,Information technology trainers,0.415,Low,Identifying the information technology training needs and requirements of individual users and organizations;
2356,Information technology trainers,0.53,Medium,"Preparing and developing instructional training material and aids such as handbooks, visual aids, online tutorials, demonstration models, and supporting training reference documentation;"
2356,Information technology trainers,0.36,Low,"Designing, coordinating, scheduling and conducting training and development programmes that can be delivered in the form of individual and group instruction, and facilitating workshops meetings; demonstrations and conferences;"
2356,Information technology trainers,0.37,Low,"Monitoring and performing ongoing evaluation and assessment of training quality and effectiveness, and reviewing and modifying training objectives, methods and course deliverables;"
2356,Information technology trainers,0.56,Medium,"Gathering, investigating and researching background materials to gain a full understanding of the subject matter and systems;"
2356,Information technology trainers,0.585,Medium,"Keeping up-to-date with new product version releases, advances in software, and general information technology trends, writing end user products and materials such as user training, tutorial and instruction manuals, online help, and operating and maintenance instructions."
2359,Teaching professionals not elsewhere classified,0.15,Very Low,In such cases tasks performed would include -
2359,Teaching professionals not elsewhere classified,0.31,Low,Assessing students‚Äô level of ability and determining learning needs;
2359,Teaching professionals not elsewhere classified,0.36,Low,"Planning, preparing and delivering programmes of study, lessons and workshops for individual students and groups;"
2359,Teaching professionals not elsewhere classified,0.495,Low,Preparing and presenting material on the theory of the subject area being studied;
2359,Teaching professionals not elsewhere classified,0.26,Low,Instructing and demonstrating practical aspects of the subject area being studied;
2359,Teaching professionals not elsewhere classified,0.345,Low,"Assigning exercises and work relevant to students‚Äô level of ability, interests and aptitude;"
2359,Teaching professionals not elsewhere classified,0.2875,Low,"Assessing students and offering advice, criticism and encouragement;"
2359,Teaching professionals not elsewhere classified,0.525,Medium,"Revising curricula, course content, course materials and methods of instruction"
2359,Teaching professionals not elsewhere classified,0.335,Low,Preparing students for examinations and assessments;
2359,Teaching professionals not elsewhere classified,0.31,Low,"Counselling students regarding educational issues such as course and programme selection, class scheduling, school adjustment, truancy, study habits and career planning;"
2359,Teaching professionals not elsewhere classified,0.265,Low,"Counselling students to help them understand and overcome personal, social or behavioural problems affecting their education;"
2359,Teaching professionals not elsewhere classified,0.28,Low,Preparing students for later educational experiences by encouraging them to explore learning opportunities and to persevere with challenging tasks.
2411,Accountants,0.4625,Low,"Advising on, planning and installing budgetary, accounts controlling and other accounting policies and systems;"
2411,Accountants,0.65,Medium,"Preparing and certifying financial statements for presentation to management, shareholders and statutory or other bodies;"
2411,Accountants,0.465,Low,"Preparing tax returns, advising on taxation problems and contesting disputed claims before tax officials;"
2411,Accountants,0.515,Medium,Preparing or reporting on profit forecasts and budgets;
2411,Accountants,0.415,Low,"Conducting financial investigations in such matters as suspected fraud, insolvency and bankruptcy;"
2411,Accountants,0.4335,Low,Auditing accounts and bookkeeping records;
2411,Accountants,0.565,Medium,"Conducting investigations and advising management on financial aspects of productivity, stockholdings, sales, new products, etc.;"
2411,Accountants,0.6,Medium,Devising and controlling a system to determine unit cost of products and services.
2412,Financial and investment advisers,0.385,Low,Building and maintaining a client base;
2412,Financial and investment advisers,0.635,Medium,"Interviewing clients to determine financial status and objectives, risk tolerance and other information needed to develop financial plans and investment strategies;"
2412,Financial and investment advisers,0.4925,Low,"Setting financial objectives, and developing and implementing strategies for achieving the financial objectives;"
2412,Financial and investment advisers,0.6625,Medium,Arranging to buy and sell stocks and bonds for clients;
2412,Financial and investment advisers,0.6225,Medium,"Monitoring investment performance, and reviewing and revising investment plans based on modified needs and changes in markets;"
2412,Financial and investment advisers,0.65,Medium,Recommending and arranging insurance cover for clients.
2413,Financial analysts,0.645,Medium,"Analysing financial information to produce forecasts of business, industry, and economic conditions for use in making investment decisions;"
2413,Financial analysts,0.46,Low,"Maintaining knowledge and staying abreast of developments in the fields of industrial technology, business, finance, and economic theory;"
2413,Financial analysts,0.62,Medium,"Interpreting data affecting investment programmes, such as price, yield, stability, future trends in investment risks and economic influences;"
2413,Financial analysts,0.635,Medium,"Monitoring economic, industrial, and corporate developments through analysis of information obtained from financial publications and services, investment banking firms, government agencies, trade publications, company sources and personal interviews;"
2413,Financial analysts,0.635,Medium,"Recommending investments and investment timing to companies, investment firm staff or the investing public;"
2413,Financial analysts,0.635,Medium,Determining the prices at which securities should be syndicated and offered to the public;
2413,Financial analysts,0.6225,Medium,Preparing plans of action for investment based on financial analyses;
2413,Financial analysts,0.635,Medium,Evaluating and comparing the relative quality of various securities in a given industry;
2413,Financial analysts,0.675,Medium,"Presenting oral and written reports on general economic trends, individual corporations, and entire industries."
2421,Management and organization analysts,0.385,Low,"Assisting and encouraging the development of objectives, strategies and plans aimed at achieving customer satisfaction and the efficient use of organizations‚Äô resources;"
2421,Management and organization analysts,0.405,Low,Analysing and evaluating current systems and structures;
2421,Management and organization analysts,0.285,Low,Discussing current systems with staff and observing systems at all levels of organization;
2421,Management and organization analysts,0.451,Low,Directing clients towards more efficient organization and developing solutions to organizational problems;
2421,Management and organization analysts,0.535,Medium,Undertaking and reviewing work studies by analysing existing and proposed methods and procedures such as administrative and clerical procedures;
2421,Management and organization analysts,0.585,Medium,"Recording and analysing organizations‚Äô workflow charts, records, reports, manuals and job descriptions;"
2421,Management and organization analysts,0.47,Low,"Preparing and recommending proposals to revise methods and procedures, alter work flows, redefine job functions and resolve organizational problems;"
2421,Management and organization analysts,0.615,Medium,"Assisting in implementing approved recommendations, issuing revised instructions and procedure manuals, and drafting other documentation;"
2421,Management and organization analysts,0.41,Low,Reviewing operating procedures and advising of departures from procedures and standards.
2422,Policy administration professionals,0.31,Low,Liaising and consulting with programme administrators and other interested parties to identify policy needs;
2422,Policy administration professionals,0.415,Low,Reviewing existing policies and legislation to identify anomalies and out-of-date provisions;
2422,Policy administration professionals,0.5,Medium,"Researching social, economic and industrial trends, and client expectations of programmes and services provided;"
2422,Policy administration professionals,0.44,Low,"Formulating and analysing policy options, preparing briefing papers and recommendations for policy changes, and advising on preferred options;"
2422,Policy administration professionals,0.39,Low,"Assessing impacts, financial implications, interactions with other programmes and political and administrative feasibility of policies;"
2422,Policy administration professionals,0.435,Low,Conducting threat and risk assessments and developing responses;
2422,Policy administration professionals,0.435,Low,Reviewing operations and programmes to ensure consistency with policies of the organization.
2423,Personnel and careers professionals,0.39,Low,"Advising on and performing personnel functions relating to employee recruitment, placement, training, promotion, compensation, and employee-management relations or other areas of personnel policy;"
2423,Personnel and careers professionals,0.53,Medium,"Studying and analysing jobs performed in an establishment by various means, including interviews with workers, supervisors and management, and writing detailed position, job or occupation descriptions from information obtained;"
2423,Personnel and careers professionals,0.505,Medium,Preparing occupational information or working on occupational classification systems;
2423,Personnel and careers professionals,0.385,Low,"Advising and working on the foregoing and other aspects of job and occupational analysis in such fields as personnel administration, workforce research and planning, training or occupational information and vocational guidance;"
2423,Personnel and careers professionals,0.43,Low,"Studying and advising individuals on employment opportunities, career choices and further education or training that may be desirable."
2424,Training and staff development professionals,0.35,Low,Identifying training needs and requirements of individuals and organizations;
2424,Training and staff development professionals,0.365,Low,Setting human resource development objectives and evaluating learning outcomes;
2424,Training and staff development professionals,0.485,Low,"Preparing and developing instructional training material and aids such as handbooks, visual aids, online tutorials, demonstration models and supporting training reference documentation;"
2424,Training and staff development professionals,0.37,Low,"Designing, coordinating, scheduling and conducting training and development programmes that can be delivered in the form of individual and group instruction, and facilitating workshops, meetings, demonstrations and conferences;"
2424,Training and staff development professionals,0.3525,Low,Liaising with external training providers to arrange delivery of specific training and development programmes;
2424,Training and staff development professionals,0.3775,Low,"Promoting internal and external training and development, and evaluating these promotional activities;"
2424,Training and staff development professionals,0.35,Low,"Monitoring and performing ongoing evaluation and assessment of internal and external training quality and effectiveness, and reviewing and modifying training objectives, methods and course deliverables;"
2424,Training and staff development professionals,0.605,Medium,"Gathering, investigating and researching background materials to gain an understanding of various subject matters and systems."
2431,Advertising and marketing professionals,0.51,Medium,"Planning, developing and organizing advertising policies and campaigns to support sales objectives;"
2431,Advertising and marketing professionals,0.465,Low,"Advising managers and clients on strategies and campaigns to reach target markets, creating consumer awareness and effectively promoting the attributes of goods and services;"
2431,Advertising and marketing professionals,0.665,Medium,"Writing advertising copy and media scripts, and arranging television and film production and media placement;"
2431,Advertising and marketing professionals,0.65,Medium,Collecting and analysing data regarding consumer patterns and preferences;
2431,Advertising and marketing professionals,0.585,Medium,Interpreting and predicting current and future consumer trends;
2431,Advertising and marketing professionals,0.61,Medium,Researching potential demand and market characteristics for new goods and services;
2431,Advertising and marketing professionals,0.465,Low,"Supporting business growth and development through the preparation and execution of marketing objectives, policies and programmes;"
2431,Advertising and marketing professionals,0.605,Medium,Commissioning and undertaking market research to identify market opportunities for new and existing goods and services;
2431,Advertising and marketing professionals,0.4375,Low,"Advising on all elements of marketing such as product mix, pricing, advertising and sales promotion, selling and distribution channels."
2432,Public relations professionals,0.44,Low,Planning and organizing publicity campaigns and communication strategies;
2432,Public relations professionals,0.485,Low,"Advising executives on the public relations implications of their policies, programmes and practices preparing and controlling the issue of news and press releases;"
2432,Public relations professionals,0.585,Medium,"Undertaking and commissioning public opinion research, analysing the findings and planning public relations and promotional campaigns;"
2432,Public relations professionals,0.3325,Low,"Organizing special events, seminars, entertainment, competitions and social functions to promote goodwill and favourable publicity;"
2432,Public relations professionals,0.465,Low,Representing organizations and arranging interviews with publicity media;
2432,Public relations professionals,0.33,Low,"Attending business, social and other functions to promote the organization;"
2432,Public relations professionals,0.335,Low,Commissioning and obtaining photographs and other illustrative material;
2432,Public relations professionals,0.48,Low,"Selecting, appraising and revising material submitted by publicity writers, photographers, illustrators and others to create favourable publicity."
2433,Technical and medical sales professionals (excluding ICT),0.65,Medium,Compiling lists of prospective client businesses using directories and other sources;
2433,Technical and medical sales professionals (excluding ICT),0.66,Medium,"Acquiring and updating knowledge of employers‚Äô and competitors‚Äô goods and services, and market conditions;"
2433,Technical and medical sales professionals (excluding ICT),0.3625,Low,Visiting regular and prospective client businesses to establish and act on selling opportunities;
2433,Technical and medical sales professionals (excluding ICT),0.459,Low,Assessing clients' needs and resources and recommending appropriate goods or services;
2433,Technical and medical sales professionals (excluding ICT),0.42,Low,Providing input to product design where goods or services must be tailored to suit clients‚Äô needs;
2433,Technical and medical sales professionals (excluding ICT),0.595,Medium,Developing reports and proposals as part of sales presentation to demonstrate benefits from use of goods or service;
2433,Technical and medical sales professionals (excluding ICT),0.35,Low,Estimating costs of installing and maintaining equipment or service;
2433,Technical and medical sales professionals (excluding ICT),0.5,Medium,"Monitoring customers‚Äô changing needs and competitor activity, and reporting these developments to sales management;"
2433,Technical and medical sales professionals (excluding ICT),0.485,Low,"Quoting and negotiating prices and credit terms, and preparing and administering sales contracts;"
2433,Technical and medical sales professionals (excluding ICT),0.505,Medium,"Arranging delivery of goods, installation of equipment and the provision of services;"
2433,Technical and medical sales professionals (excluding ICT),0.525,Medium,Reporting to sales management on sales made and the marketability of goods and services;
2433,Technical and medical sales professionals (excluding ICT),0.48,Low,Consulting with clients after sale to ensure a satisfactory resolution of any problems and provide ongoing support.
2434,Information and communications technology sales professionals,0.4725,Low,"Soliciting orders and selling goods to retail, industrial, wholesale and other establishments;"
2434,Information and communications technology sales professionals,0.45,Low,"Selling technical equipment, supplies and related services to business establishments or individuals;"
2434,Information and communications technology sales professionals,0.48,Low,"Discussing the needs of new and existing customers and providing specialized information about how particular equipment, supplies and services meet those needs;"
2434,Information and communications technology sales professionals,0.515,Medium,"Quoting and negotiating prices and credit terms, and completing contracts and recording orders;"
2434,Information and communications technology sales professionals,0.65,Medium,Updating customer records and preparing sales reports;
2434,Information and communications technology sales professionals,0.4,Low,"Arranging delivery of goods, installation of equipment and the provision of services;"
2434,Information and communications technology sales professionals,0.62,Medium,Reporting customers' reactions and requirements to manufacturers.
2511,Systems analysts,0.495,Low,Consulting with users to formulate and document requirements and with management to ensure agreement on systems principles;
2511,Systems analysts,0.455,Low,"Identifying and analysing business processes, procedures and work practices;"
2511,Systems analysts,0.485,Low,Identifying and evaluating inefficiencies and recommending optimal business practices and system functionality and behaviour;
2511,Systems analysts,0.45,Low,"Taking responsibility for deploying functional solutions, such as creating, adopting and implementing system test plans;"
2511,Systems analysts,0.5625,Medium,Developing functional specifications for use by systems developers;
2511,Systems analysts,0.435,Low,Expanding or modifying systems to improve workflow or serve new purposes;
2511,Systems analysts,0.5475,Medium,Coordinating and linking the computer systems within an organization to increase compatibility.
2512,Software developers,0.605,Medium,"Researching, analysing and evaluating requirements for software applications and operating systems;"
2512,Software developers,0.5,Medium,"Researching, designing, and developing computer software systems;"
2512,Software developers,0.4525,Low,Consulting with engineering staff to evaluate interfaces between hardware and software;
2512,Software developers,0.655,Medium,Developing and directing software testing and validation procedures;
2512,Software developers,0.5,Medium,"Modifying existing software to correct errors, to adapt it to new hardware or to upgrade interfaces and improve performance;"
2512,Software developers,0.52,Medium,Directing software programming and development of documentation;
2512,Software developers,0.53,Medium,"Assessing, developing, upgrading and documenting maintenance procedures for operating systems, communications environments and applications software;"
2512,Software developers,0.45,Low,Consulting with customers concerning maintenance of software system.
2513,Web and multimedia developers,0.65,Medium,"Analysing, designing and developing Internet sites by applying a mixture of artistry and creativity with software programming and scripting languages and interfacing with operating environments;"
2513,Web and multimedia developers,0.66,Medium,"Designing and developing digital animations, imaging, presentations, games, audio and video clips, and Internet applications using multimedia software, tools and utilities, interactive graphics and programming languages;"
2513,Web and multimedia developers,0.48,Low,"Communicating with network specialists regarding web-related issues, such as security and hosting web sites, to control and enforce Internet and web server security, space allocation, user access, business continuity, web site backup and disaster recovery planning;"
2513,Web and multimedia developers,0.6675,Medium,"Designing, developing and integrating computer code with other specialised inputs, such as image files, audio files and scripting languages, to produce, maintain and support web sites;"
2513,Web and multimedia developers,0.565,Medium,"Assisting in analysing, specifying and developing Internet strategies, web-based methodologies and development plans."
2514,Applications programmers,0.685,Medium,Writing and maintaining programme code outlined in instructions and specifications in accordance with quality accredited standards;
2514,Applications programmers,0.555,Medium,"Revising, repairing or expanding existing programmes to increase operating efficiency or adapt to new requirements;"
2514,Applications programmers,0.535,Medium,Conducting trial runs of programmes and software applications to confirm that they will produce the desired information;
2514,Applications programmers,0.615,Medium,Compiling and writing documentation of programme development;
2514,Applications programmers,0.465,Low,"Identifying and communicating technical problems, processes and solutions."
2519,Software and applications developers and analysts not elsewhere classified,0.665,Medium,Developing and documenting software testing plans;
2519,Software and applications developers and analysts not elsewhere classified,0.35,Low,Installing software and hardware and configuring operating system software in preparation for testing;
2519,Software and applications developers and analysts not elsewhere classified,0.396,Low,Verifying that programmes function according to user requirements and established guidelines;
2519,Software and applications developers and analysts not elsewhere classified,0.6625,Medium,"Executing, analysing and documenting results of software application tests and information and telecommunication systems tests;"
2519,Software and applications developers and analysts not elsewhere classified,0.6775,Medium,"Developing and implementing software and information system testing policies, procedures and scripts."
2521,Database designers and administrators,0.625,Medium,"Designing and developing database architecture, data structures, tables, dictionaries and naming conventions for information systems projects;"
2521,Database designers and administrators,0.665,Medium,"Designing, constructing, modifying, integrating, implementing and testing database management systems;"
2521,Database designers and administrators,0.535,Medium,"Conducting research and providing advice on the selection, application and implementation of database management tools;"
2521,Database designers and administrators,0.53,Medium,"Developing and implementing data administration policy, documentation, standards and models;"
2521,Database designers and administrators,0.615,Medium,Developing policies and procedures for database access and usage and for the backup and recovery of data;
2521,Database designers and administrators,0.435,Low,"Performing the operational establishment and preventive maintenance of backups, recovery procedures, and enforcing security and integrity controls."
2522,Systems administrators,0.585,Medium,"Maintaining and administering computer networks and related computing environments including computer hardware, systems software, applications software and all configurations;"
2522,Systems administrators,0.61,Medium,"Recommending changes to improve systems and network configurations, and determining hardware or software requirements related to such changes;"
2522,Systems administrators,0.475,Low,Diagnosing hardware and software problems;
2522,Systems administrators,0.575,Medium,Performing data backups and disaster recovery operations;
2522,Systems administrators,0.585,Medium,"Operating master consoles to monitor the performance of computer systems and networks, and to coordinate computer network access and use."
2523,Computer network professionals,0.585,Medium,"Analysing, developing, interpreting and evaluating complex system design and architecture specifications, data models and diagrams in the development, configuration and integration of computer systems;"
2523,Computer network professionals,0.53,Medium,"Researching, analysing, evaluating and monitoring network infrastructure to ensure networks are configured to operate at optimal performance;"
2523,Computer network professionals,0.565,Medium,"Assessing and recommending improvements to network operations and integrated hardware, software, communications and operating systems;"
2523,Computer network professionals,0.435,Low,Providing specialist skills in supporting and troubleshooting network problems and emergencies;
2523,Computer network professionals,0.45,Low,"Installing, configuring, testing, maintaining and administering new and upgraded networks, software database applications, servers and workstations;"
2523,Computer network professionals,0.565,Medium,"Preparing and maintaining procedures and documentation for network inventory, and recording diagnosis and resolution of network faults, enhancements and modifications to networks and maintenance instructions;"
2523,Computer network professionals,0.48,Low,"Monitoring network traffic and activity, capacity and usage to ensure continued integrity and optimal network performance."
2529,Database and network professionals not elsewhere classified,0.53,Medium,"Developing plans to safeguard computer files against accidental or unauthorized modification, destruction or disclosure and to meet emergency data processing needs;"
2529,Database and network professionals not elsewhere classified,0.465,Low,Training users and promoting security awareness to ensure system security and to improve server and network efficiency;
2529,Database and network professionals not elsewhere classified,0.485,Low,"Conferring with users to discuss issues such as computer data access needs, security violations, and programming changes;"
2529,Database and network professionals not elsewhere classified,0.6,Medium,Monitoring current reports of computer viruses to determine when to update virus protection systems;
2529,Database and network professionals not elsewhere classified,0.485,Low,"Modifying computer security files to incorporate new software, correct errors or change individual access status;"
2529,Database and network professionals not elsewhere classified,0.44,Low,Monitoring use of data files and regulate access to safeguard information in computer files;
2529,Database and network professionals not elsewhere classified,0.4725,Low,Performing risk assessments and executing tests of data processing system to ensure functioning of data processing activities and security measures;
2529,Database and network professionals not elsewhere classified,0.415,Low,Encrypting data transmissions and erecting firewalls to conceal confidential information as it is being transmitted and to keep out tainted digital transfers.
2611,Lawyers,0.3175,Low,Giving clients legal advice on a wide variety of subjects and undertaking legal business on clients‚Äô behalf;
2611,Lawyers,0.4,Low,"Researching legal principles, statutes and previous court decisions related to specific cases;"
2611,Lawyers,0.32,Low,"Gathering evidence to formulate a defence or to initiate legal actions, by such means as interviewing clients and witnesses to ascertain the facts of a case;"
2611,Lawyers,0.565,Medium,Evaluating findings and develop strategies and arguments in preparation for presentation of cases;
2611,Lawyers,0.3,Low,"Pleading clients‚Äô cases before courts of law, tribunals and administrative boards or instructing barristers to plead in higher courts of justice;"
2611,Lawyers,0.32,Low,Accepting briefs and pleading in the higher court;
2611,Lawyers,0.25,Low,Acting as prosecutor on behalf of the Government;
2611,Lawyers,0.335,Low,Negotiating settlements in matters which involve legal disputes;
2611,Lawyers,0.365,Low,Drafting legislation and preparing government regulations based on existing laws;
2611,Lawyers,0.46,Low,"Drawing up legal documents such as contracts, real estate transactions and wills and preparing statements of legal opinions."
2612,Judges,0.15,Very Low,Presiding over trials and hearings;
2612,Judges,0.33,Low,Interpreting and enforcing rules of procedure and making rulings regarding the admissibility of evidence;
2612,Judges,0.355,Low,"Determining the rights and obligations of the parties involved, and, in cases tried by jury;"
2612,Judges,0.35,Low,Instructing the jury on points of law that are applicable to the case;
2612,Judges,0.325,Low,Weighing and considering evidence in non-jury trials and deciding legal guilt or innocence or degree of liability of the accused or defendant;
2612,Judges,0.265,Low,"Passing sentence on persons convicted in criminal cases, determining damages or other appropriate remedy in civil cases and issuing court orders;"
2612,Judges,0.4125,Low,Researching legal issues and writing opinions on the issues.
2619,Legal professionals not elsewhere classified,0.4,Low,"Giving advice on legal aspects of various personal, business and administrative problems;"
2619,Legal professionals not elsewhere classified,0.4,Low,Drawing up legal documents and contracts;
2619,Legal professionals not elsewhere classified,0.4475,Low,Arranging property transfers;
2619,Legal professionals not elsewhere classified,0.244,Very Low,"Determining, by inquest, the causes of any death not obviously due to natural causes."
2621,Archivists and curators,0.585,Medium,"Evaluating and preserving records for administrative, historical, legal, evidential and other purposes;"
2621,Archivists and curators,0.5525,Medium,"Directing or carrying out the preparation of indexes, bibliographies, microfilm copies and other reference aids to the collected material and making them available to users;"
2621,Archivists and curators,0.46,Low,"Researching the origin, distribution and use of materials and objects of cultural and historical interest;"
2621,Archivists and curators,0.315,Low,"Organizing, developing and maintaining collections of artistic, cultural, scientific or historically significant items;"
2621,Archivists and curators,0.345,Low,Directing or undertaking classification and cataloguing of museum and art gallery collections and organizing exhibitions;
2621,Archivists and curators,0.465,Low,"Researching into, appraising, organizing and preserving historically significant and valuable documents such as government papers, private papers, photographs, maps, manuscripts and audiovisual materials;"
2621,Archivists and curators,0.54,Medium,Preparing scholarly papers and reports;
2621,Archivists and curators,0.665,Medium,Planning and implementing the computerized management of archives and electronic records;
2621,Archivists and curators,0.35,Low,"Organizing exhibitions at museums and art galleries, publicizing exhibits and arranging special displays for general, specialized or educational interest;"
2621,Archivists and curators,0.45,Low,Appraising and acquiring archival materials to build and develop an archival collection for research purposes.
2622,Librarians and related information professionals,0.535,Medium,"Organizing, developing and maintaining a systematic collection of books, periodicals and other printed or audiovisually and digitally recorded material;"
2622,Librarians and related information professionals,0.5125,Medium,Selecting and recommending acquisitions of books and other printed or audiovisually and digitally recorded material;
2622,Librarians and related information professionals,0.545,Medium,"Organizing, classifying and cataloguing library material;"
2622,Librarians and related information professionals,0.5025,Medium,Managing library borrowing and interlibrary loan facilities and information networks;
2622,Librarians and related information professionals,0.56,Medium,Retrieving material and providing information to business and other users based on the collection itself or on library and information-network systems;
2622,Librarians and related information professionals,0.545,Medium,Conducting research and analysing or modifying library and information services in accordance with changes in users' needs;
2622,Librarians and related information professionals,0.615,Medium,"Devising and implementing schemes and conceptual models for the storage, organization, classification and retrieval of information;"
2622,Librarians and related information professionals,0.55,Medium,Preparing scholarly papers and reports;
2622,Librarians and related information professionals,0.615,Medium,"Performing manual, on-line and interactive media reference searches, making interlibrary loans and performing other functions to assist users in accessing library materials."
2631,Economists,0.465,Low,"Forecasting changes in the economic environment for short-term budgeting, long-term planning and investment evaluation;"
2631,Economists,0.5825,Medium,"Formulating recommendations, policies and plans for the economy, corporate strategies and investment, and undertaking feasibility studies for projects;"
2631,Economists,0.57,Medium,"Monitoring economic data to assess the effectiveness, and advise on the appropriateness, of monetary and fiscal policies;"
2631,Economists,0.535,Medium,Forecasting production and consumption of specific products and services based on records of past production and consumption and general economic and industry-specific conditions;
2631,Economists,0.62,Medium,"Preparing forecasts of income and expenditure, interest rates and exchange rates;"
2631,Economists,0.65,Medium,"Analysing factors that determine labour force participation, employment, wages, unemployment and other labour market outcomes;"
2631,Economists,0.575,Medium,Applying mathematical formulae and statistical techniques and apply to test economic theories and devise solutions to economic problems;
2631,Economists,0.6425,Medium,"Compiling, analysing and interpreting economic data using economic theory and a variety of statistical and other techniques;"
2631,Economists,0.575,Medium,"Evaluating the outcome of political decisions concerning public economy and finances and advising on economic policy and possible courses of action in the light of past, present and projected economic factors and trends;"
2631,Economists,0.535,Medium,Preparing scholarly papers and reports;
2631,Economists,0.555,Medium,Examining problems related to the economic activities of individual companies;
2631,Economists,0.35,Low,"Conducting research on market conditions in local, regional or national areas to set sales and pricing levels for goods and services, to assess market potential and future trends and to develop business strategies."
2632,"Sociologists, anthropologists and related professionals",0.555,Medium,"Conducting research on the origin, development, structure, social patterns, organizations and interrelationships of human society;"
2632,"Sociologists, anthropologists and related professionals",0.445,Low,Tracing the origin and evolution of humanity through the study of changing characteristics and cultural and social institutions;
2632,"Sociologists, anthropologists and related professionals",0.2125,Very Low,"Tracing the development of humanity through the material remains of its past, such as dwellings, temples, tools, pottery, coins, weapons or sculpture;"
2632,"Sociologists, anthropologists and related professionals",0.545,Medium,"Studying physical and climatic aspects of areas and regions, and correlating these findings with economic, social and cultural activities;"
2632,"Sociologists, anthropologists and related professionals",0.46,Low,"Developing theories, models and methods to interpret and describe social phenomena;"
2632,"Sociologists, anthropologists and related professionals",0.3725,Low,Evaluating the outcome of political decisions concerning social policy;
2632,"Sociologists, anthropologists and related professionals",0.615,Medium,Analysing and evaluating social data;
2632,"Sociologists, anthropologists and related professionals",0.56,Medium,"Advising on the practical application of findings in the formulation of economic and social policies for population groups and regions, and for the development of markets;"
2632,"Sociologists, anthropologists and related professionals",0.535,Medium,Preparing scholarly papers and reports.
2633,"Philosophers, historians and political scientists",0.365,Low,"Researching, mostly by reasoning, into the general causes, principles and meanings of the world, human actions, experience and existence, and interpreting and developing philosophical concepts and theories;"
2633,"Philosophers, historians and political scientists",0.505,Medium,"Consulting and comparing primary sources, such as original or contemporary records of past events, and secondary sources such as archaeological or anthropological findings;"
2633,"Philosophers, historians and political scientists",0.535,Medium,"Extracting relevant material, checking its authenticity, and researching into and describing the history of a particular period, country or region, or a particular facet - for example economic, social or political - of its history;"
2633,"Philosophers, historians and political scientists",0.4725,Low,"Conducting research in such fields as political philosophy, or past and present theory and practice of political systems, institutions or behaviour;"
2633,"Philosophers, historians and political scientists",0.4175,Low,"Observing contemporary political institutions and opinions, collecting data on them from various sources, including interviews with government and political party officials and other relevant persons;"
2633,"Philosophers, historians and political scientists",0.415,Low,"Developing theories, models and methods to interpret and describe the nature of human experience and historical and political events and behaviour;"
2633,"Philosophers, historians and political scientists",0.535,Medium,"Presenting findings and conclusions for publication or use by government, political parties or other organizations and interested persons;"
2633,"Philosophers, historians and political scientists",0.525,Medium,Preparing scholarly papers and reports.
2634,Psychologists,0.35,Low,"Planning and carrying out tests to measure mental, physical and other characteristics such as intelligence, abilities, aptitudes, potentialities, etc., interpreting and evaluating results, and providing advice;"
2634,Psychologists,0.365,Low,"Analysing the effect of heredity, social, occupational and other factors on individual thought and behaviour;"
2634,Psychologists,0.285,Low,"Conducting counselling or therapeutic interviews with individuals and groups, and providing follow-up services;"
2634,Psychologists,0.26,Low,"Maintaining required contacts, such as those with family members, educational authorities or employers, and recommending possible solutions to, and treatment of, problems;"
2634,Psychologists,0.3,Low,"Studying psychological factors in the diagnosis, treatment and prevention of mental illnesses and emotional or personality disorders, and conferring with related professionals;"
2634,Psychologists,0.54,Medium,Preparing scholarly papers and reports;
2634,Psychologists,0.365,Low,"Formulating achievement, diagnostic and predictive tests for use by teachers in planning methods and content of instruction;"
2634,Psychologists,0.68,Medium,"Conducting surveys and research studies on job design, work groups, morale, motivation, supervision and management;"
2634,Psychologists,0.37,Low,"Developing theories, models and methods to interpret and describe human behaviour."
2635,Social work and counselling professionals,0.28,Low,"Interviewing clients individually, in families, or in groups, to assess their situation and problems and determine the types of services required;"
2635,Social work and counselling professionals,0.435,Low,Analysing the client's situation and presenting alternative approaches to resolving problems;
2635,Social work and counselling professionals,0.455,Low,Compiling case records or reports for courts and other legal proceedings;
2635,Social work and counselling professionals,0.1975,Very Low,"Providing counselling, therapy and mediation services and facilitating group sessions to assist clients to develop skills and insights needed to deal with and resolve their social and personal problems;"
2635,Social work and counselling professionals,0.335,Low,"Planning and implementing programmes of assistance for clients including crisis intervention and referral to agencies that provide financial assistance, legal aid, housing, medical treatment and other services;"
2635,Social work and counselling professionals,0.135,Very Low,Investigating cases of abuse or neglect and taking action to protect children and other at risk persons;
2635,Social work and counselling professionals,0.24,Very Low,"Working with offenders during and after sentence, to help them to integrate into the community and to change attitudes and behaviour in order to reduce further offending;"
2635,Social work and counselling professionals,0.17,Very Low,"Providing advice to prison governors and to probation and parole review boards that helps determine whether, and under what conditions, an offender should be incarcerated, released from prison or undergo alternative correctional measures;"
2635,Social work and counselling professionals,0.3075,Low,Acting as advocates for client groups in the community and lobbying for solutions to problems affecting them;
2635,Social work and counselling professionals,0.3,Low,Developing prevention and intervention programmes to meet community needs;
2635,Social work and counselling professionals,0.26,Low,"Maintaining contact with other social service agencies, educational institutions and health care providers involved with clients to provide information and obtain feedback on clients' overall situation and progress."
2636,Religious professionals,0.0525,Very Low,"Perpetuating sacred traditions, practices and beliefs;"
2636,Religious professionals,0.056,Very Low,"Conducting religious services, rites and ceremonies;"
2636,Religious professionals,0.255,Low,"Undertaking various administrative and social duties, including participating in committees and meetings of religious organizations;"
2636,Religious professionals,0.061,Very Low,Providing spiritual and moral guidance in accordance with the religion professed;
2636,Religious professionals,0.075,Very Low,Propagating religious doctrines in own country or abroad;
2636,Religious professionals,0.1825,Very Low,Preparing and presenting religious sermons;
2636,Religious professionals,0.1525,Very Low,Developing and directing study courses and religious education programmes;
2636,Religious professionals,0.27,Low,"Counselling individuals regarding interpersonal, health, financial, and religious problems;"
2636,Religious professionals,0.3875,Low,"Scheduling and participating in special events such as camps, conferences, seminars, and retreats."
2641,Authors and related writers,0.445,Low,"Conceiving, writing and editing novels, plays, scripts, poetry and other material for publication or presentation;"
2641,Authors and related writers,0.55,Medium,Conducting research to establish factual content and to obtain other necessary information;
2641,Authors and related writers,0.43,Low,"Writing scripts and continuities and preparing programmes for stage, film, radio and television productions;"
2641,Authors and related writers,0.625,Medium,"Analysing material, such as specifications, notes and drawings, and creating manuals, instructions for use, user guides and other documents to explain clearly and concisely the installation, operation and maintenance of software, electronic, mechanical and other equipment;"
2641,Authors and related writers,0.56,Medium,"Writing brochures, handbooks and similar technical publications;"
2641,Authors and related writers,0.6625,Medium,"Selecting material for publication, checking style, grammar and accuracy of content, arranging for any necessary revisions and checks proof copies before printing."
2642,Journalists,0.455,Low,"Collecting local, national and international news through interviews, investigation and observation, attending public events, seeking out records, reviewing written work, attending film and stage performances;"
2642,Journalists,0.6,Medium,"Collecting, reporting and commenting on news and current affairs for publication in newspapers and periodicals, or for broadcasting by radio, television or webcast media;"
2642,Journalists,0.6375,Medium,"Receiving, analysing and verifying news and other copy for accuracy;"
2642,Journalists,0.365,Low,"Interviewing politicians and other public figures at press conferences and on other occasions, including individual interviews recorded for radio, television or webcast media;"
2642,Journalists,0.525,Medium,"Researching and reporting on developments in specialized fields such as medicine, science and technology;"
2642,Journalists,0.51,Medium,Writing editorials and commentaries on topics of current interest to stimulate public interest and express the views of a publication or broadcasting station;
2642,Journalists,0.42,Low,"Writing critical reviews of literary, musical and other artistic works based on knowledge, judgement and experience for newspapers, television, radio and other media;"
2642,Journalists,0.615,Medium,"Selecting material for publication, checking style, grammar, accuracy and legality of content and arranging for any necessary revisions;"
2642,Journalists,0.665,Medium,Liaising with production staff in checking final proof copies immediately prior to printing;
2642,Journalists,0.565,Medium,"Selecting, assembling and preparing publicity material about business or other organizations for issue through press, radio, television and other media."
2643,"Translators, interpreters and other linguists",0.4,Low,"Studying relationships between ancient parent languages and modern language groups, tracing the origin and evolution of words, grammar and language forms, and presenting findings;"
2643,"Translators, interpreters and other linguists",0.615,Medium,"Advising on or preparing language classification systems, grammars, dictionaries and similar materials;"
2643,"Translators, interpreters and other linguists",0.64,Medium,"Translating from one language into another and ensuring that the correct meaning of the original is retained, that legal, technical or scientific works are correctly rendered, and that the phraseology and terminology of the spirit and style of literary works are conveyed as far as possible;"
2643,"Translators, interpreters and other linguists",0.665,Medium,Developing methods for the use of computers and other instruments to improve productivity and quality of translation;
2643,"Translators, interpreters and other linguists",0.535,Medium,"Interpreting from a spoken or a signed language into another spoken or signed language , in particular at conferences, meetings and similar occasions, and ensuring that the correct meaning and, as far as possible, the spirit of the original are transmitted;"
2643,"Translators, interpreters and other linguists",0.7,Medium,Revising and correcting translated material.
2651,Visual artists,0.2125,Very Low,"Conceiving and developing ideas, designs and styles for paintings, drawings and sculptures;"
2651,Visual artists,0.255,Low,"Arranging objects, positioning models, and selecting landscapes and other visual forms according to chosen subject matter;"
2651,Visual artists,0.24,Very Low,"Selecting artistic media, method and materials;"
2651,Visual artists,0.148,Very Low,"Creating representational or abstract three-dimensional or relief forms by shaping, carving and working and combining materials such as, wood, stone, clay, metal, ice or paper;"
2651,Visual artists,0.23,Very Low,"Creating representational or abstract drawings and paintings using pencils, ink, chalk, oil paints, water colours or through the application of other techniques;"
2651,Visual artists,0.15,Very Low,"Creating drawings and engraving or etching them on metal, wood, or other materials;"
2651,Visual artists,0.255,Low,"Creating cartoons to depict persons and events, often in caricature;"
2651,Visual artists,0.19,Very Low,"Restoring damaged, soiled and faded paintings and other art objects."
2652,"Musicians, singers and composers",0.22,Very Low,"Creating melodic, harmonic and rhythmic structures to express ideas and emotions in musical form;"
2652,"Musicians, singers and composers",0.4325,Low,Translating ideas and concepts into standard musical signs and symbols for reproduction and performance;
2652,"Musicians, singers and composers",0.35,Low,"Adapting or arranging music for particular instrumental or vocal groups, instruments or occasions;"
2652,"Musicians, singers and composers",0.265,Low,Conducting instrumental or vocal groups;
2652,"Musicians, singers and composers",0.35,Low,Selecting music for performances and assigning instrumental parts to musicians;
2652,"Musicians, singers and composers",0.12625,Very Low,Playing one or more musical instruments as a soloist or as a member of an orchestra or a musical group;
2652,"Musicians, singers and composers",0.24,Very Low,Singing as soloists or members of vocal groups or other bands;
2652,"Musicians, singers and composers",0.259,Low,Practising and rehearsing to maintain a high standard of performance.
2653,Dancers and choreographers,0.22,Very Low,"Conceiving and creating dances, which often convey a story, theme, idea or mood, by a pattern of steps, movements and gestures;"
2653,Dancers and choreographers,0.1225,Very Low,"Performing dances as a soloist, with a partner or as a member of a dancing group before live audiences or for film, television or other visual media;"
2653,Dancers and choreographers,0.09625,Very Low,"Training ,exercising and attending dance classes to maintain the required levels of ability and fitness;"
2653,Dancers and choreographers,0.235,Very Low,Directing and participating in rehearsals to practice dance steps and techniques required for a performance;
2653,Dancers and choreographers,0.1225,Very Low,Auditioning for dance roles or for memberships in dance companies;
2653,Dancers and choreographers,0.365,Low,Coordinating the production music with the music directors.
2654,"Film, stage and related directors and producers",0.4075,Low,"Choosing writers, studying scripts to determine artistic interpretation, and instructing actors on acting methods;"
2654,"Film, stage and related directors and producers",0.2725,Low,"Directing all aspects of dramatic productions on stage, television, radio or in motion pictures, including choice of actors, and final decisions concerning costumes, set designs, sound or lighting effects;"
2654,"Film, stage and related directors and producers",0.406,Low,"Planning, organizing and controlling the various stages and scheduling involved in the production of presentations, motion pictures, television shows and radio programmes;"
2654,"Film, stage and related directors and producers",0.3225,Low,"Engaging and supervising all technical personnel, and determining the treatment, scope and scheduling of production;"
2654,"Film, stage and related directors and producers",0.41,Low,Maintaining production archives and negotiating royalties;
2654,"Film, stage and related directors and producers",0.45,Low,"Creating, planning, writing scripts for recording, videotaping and editing programmes;"
2654,"Film, stage and related directors and producers",0.2875,Low,"Supervising the positioning of scenery, props and lighting and sound equipment."
2655,Actors,0.2,Very Low,"Learning lines and cues and playing parts in dramatic productions on stage, commercials, television, radio or in motion pictures;"
2655,Actors,0.32,Low,Assuming characters created by a playwright or author and communicating this to an audience;
2655,Actors,0.435,Low,Telling stories or reading literary works aloud to educate or entertain listeners;
2655,Actors,0.265,Low,Attending auditions and casting calls in order to audition for roles;
2655,Actors,0.305,Low,Preparing for performances through rehearsals under the instruction and guidance of production directors;
2655,Actors,0.56,Medium,"Reading scripts and undertaking research to gain understanding of parts, themes and characteristics;"
2655,Actors,0.115,Very Low,"Acting parts and portraying roles as developed in rehearsals in film, television, radio and stage productions."
2656,"Announcers on radio, television and other media",0.5375,Medium,Reading news bulletins and making other announcements on radio or television;
2656,"Announcers on radio, television and other media",0.415,Low,"Introducing performing artists or persons being interviewed, and making related announcements on radio and television, or in theatres, night-clubs and other establishments;"
2656,"Announcers on radio, television and other media",0.335,Low,"Interviewing persons in public, especially on radio and television;"
2656,"Announcers on radio, television and other media",0.635,Medium,Studying background information in order to prepare for programmes or interviews;
2656,"Announcers on radio, television and other media",0.44,Low,"Commenting on music and other matters, such as weather or traffic conditions."
2659,Creative and performing artists not elsewhere classified,0.175,Very Low,Performing amusing antics and telling funny stories;
2659,Creative and performing artists not elsewhere classified,0.1125,Very Low,"Performing tricks of illusion and sleight of hand, and feats of hypnotism;"
2659,Creative and performing artists not elsewhere classified,0.0475,Very Low,"Performing difficult and spectacular acrobatics, and gymnastic or juggling feats;"
2659,Creative and performing artists not elsewhere classified,0.1825,Very Low,Training and performing with animals.
3111,Chemical and physical science technicians,0.17,Very Low,"Collecting samples and preparing materials and equipment for experiments, tests and analyses;"
3111,Chemical and physical science technicians,0.2575,Low,"Carrying out routine laboratory tests and performing a variety of technical support functions to assist chemical and physical scientists in research, development, analysis and testing;"
3111,Chemical and physical science technicians,0.4125,Low,"Controlling the quality and quantity of laboratory supplies by testing samples and monitoring usage and preparing detailed estimates of quantities and costs of materials and labour required for projects, according to the specifications given;"
3111,Chemical and physical science technicians,0.2875,Low,"Setting up, operating, and maintaining laboratory instruments and equipment, monitoring experiments, making observations, and calculating and recording results;"
3111,Chemical and physical science technicians,0.1475,Very Low,Preparing materials for experimentation such as freezing and slicing specimens and mixing chemicals;
3111,Chemical and physical science technicians,0.27,Low,"Collecting and testing earth and water samples, recording observations and analysing data in support of geologists or geophysicists."
3112,Civil engineering technicians,0.195,Very Low,Performing or assisting with field and laboratory tests of soils and construction materials;
3112,Civil engineering technicians,0.3575,Low,"Providing technical assistance connected with the construction of buildings and other structures, and with surveys or the preparation of survey reports;"
3112,Civil engineering technicians,0.305,Low,"Ensuring compliance with design specifications, relevant legislation and regulations, and maintenance of desired standards of materials and work;"
3112,Civil engineering technicians,0.285,Low,Applying technical knowledge of building and civil engineering principles and practices in order to identify and solve problems arising;
3112,Civil engineering technicians,0.41,Low,"Assisting with the preparation of detailed estimates of quantities and costs of materials and labour required for projects, according to the specifications given;"
3112,Civil engineering technicians,0.17,Very Low,Organizing maintenance and repairs;
3112,Civil engineering technicians,0.26,Low,"Inspecting buildings and structures during and after construction to ensure that they comply with building, grading, zoning and safety laws and approved plans, specifications and standards, as well as with other rules concerning quality and safety of buildings;"
3112,Civil engineering technicians,0.24,Very Low,"Inspecting industrial plant, hotels, cinemas and other buildings and structures to detect fire hazards and advise on how they can be removed;"
3112,Civil engineering technicians,0.265,Low,"Advising on the installation of fire detectors and sprinkler systems and the use of materials in the construction of buildings, and means of transportation to reduce risk of fire and extent of damage and danger if fire occurs."
3113,Electrical engineering technicians,0.3125,Low,"Providing technical assistance in research on and development of electrical equipment and facilities, or testing prototypes;"
3113,Electrical engineering technicians,0.295,Low,Designing and preparing blueprints of electrical installations and circuitry according to the specifications given;
3113,Electrical engineering technicians,0.3,Low,"Preparing detailed estimates of quantities and costs of materials and labour required for manufacture and installation, according to the specifications given;"
3113,Electrical engineering technicians,0.28,Low,"Monitoring technical aspects of the manufacture, installation, utilization, maintenance and repair of electrical systems and equipment to ensure satisfactory performance and compliance with specifications and regulations;"
3113,Electrical engineering technicians,0.25,Low,"Planning installation methods, checking completed installation for safety and controls or undertaking the initial running of the new electrical equipment or systems;"
3113,Electrical engineering technicians,0.184,Very Low,"Assembling, installing, testing, calibrating, modifying and repairing electrical equipment and installations to conform with regulations and safety requirements."
3114,Electronics engineering technicians,0.335,Low,"Providing technical assistance in research and development of electronic equipment, or testing prototypes;"
3114,Electronics engineering technicians,0.575,Medium,Designing and preparing blueprints of electronic circuitry according to the specifications given;
3114,Electronics engineering technicians,0.46,Low,"Preparing detailed estimates of quantities and costs of materials and labour required for the manufacture and installation of electronic equipment, according to the specifications given;"
3114,Electronics engineering technicians,0.3525,Low,"Monitoring technical aspects of the manufacture, utilization, maintenance and repair of electronic equipment to ensure satisfactory performance and ensure compliance with specifications and regulations;"
3114,Electronics engineering technicians,0.35,Low,"Assisting in the design, development, installation, operation and maintenance of electronic systems;"
3114,Electronics engineering technicians,0.2525,Low,"Planning installation methods, checking completed installation for safety and controls or undertaking the initial running of the new electronic equipment or system;"
3114,Electronics engineering technicians,0.3325,Low,"Conducting tests of electronic systems, collecting and analysing data, and assembling circuitry in support of electronics engineers."
3115,Mechanical engineering technicians,0.275,Low,"Providing technical assistance in research on and development of machines and mechanical installations, facilities and components, or testing prototypes;"
3115,Mechanical engineering technicians,0.285,Low,"Designing and preparing layouts of machines and mechanical installations, facilities and components according to the specifications given;"
3115,Mechanical engineering technicians,0.415,Low,Preparing detailed estimates of quantities and costs of materials and labour required for manufacture and installation according to the specifications given;
3115,Mechanical engineering technicians,0.2625,Low,"Monitoring technical aspects of manufacture, utilization, maintenance and repair of machines and mechanical installations, facilities and components to ensure satisfactory performance and compliance with specifications and regulations;"
3115,Mechanical engineering technicians,0.25,Low,"Developing and monitoring the implementation of safety standards and procedures for marine survey work in relation to ships' hulls, equipment and cargoes;"
3115,Mechanical engineering technicians,0.1375,Very Low,"Assembling and installing new and modified mechanical assemblies, components, machine tools and controls, and hydraulic power systems;"
3115,Mechanical engineering technicians,0.1775,Very Low,"Conducting tests of mechanical systems, collecting and analysing data and assembling and installing mechanical assemblies in support of mechanical engineers;"
3115,Mechanical engineering technicians,0.3125,Low,"Ensuring that mechanical engineering designs and finished work are within specifications, regulations and contract provisions."
3116,Chemical engineering technicians,0.335,Low,"Assisting in research on and development of industrial chemical processes, plant and equipment, or testing prototypes;"
3116,Chemical engineering technicians,0.295,Low,Designing and preparing layouts of chemical plants according to the specifications given;
3116,Chemical engineering technicians,0.33,Low,"Preparing detailed estimates of quantities and costs of materials and labour required for manufacture and installation, according to the specifications given;"
3116,Chemical engineering technicians,0.305,Low,"Monitoring technical aspects of the construction, installation, operation, maintenance and repair of chemical plants to ensure satisfactory performance and compliance with specifications and regulations;"
3116,Chemical engineering technicians,0.352,Low,"Conducting chemical and physical laboratory tests to assist scientists and engineers in making qualitative and quantitative analyses of solids, liquids, and gaseous materials."
3117,Mining and metallurgical technicians,0.315,Low,Providing technical assistance to aid in research on and development of processes to determine the properties of metals and new alloys;
3117,Mining and metallurgical technicians,0.3025,Low,"Providing technical assistance in geological and topographical surveys, and in the design and layout of oil, natural gas and mineral ore extraction and transportation systems, and processing and refining plants for minerals and metals;"
3117,Mining and metallurgical technicians,0.4,Low,"Preparing detailed estimates of quantities and costs of materials and labour required for mineral, oil and natural gas exploration, extraction, processing and transport projects;"
3117,Mining and metallurgical technicians,0.235,Very Low,"Monitoring technical, regulatory and safety aspects of the construction, installation, operation, maintenance and repair of mineral ore, oil and natural gas exploration, extraction, transport and storage installations and of mineral processing plants;"
3117,Mining and metallurgical technicians,0.2,Very Low,"Helping plan and design mines, mine shafts, tunnels and underground first-aid facilities;"
3117,Mining and metallurgical technicians,0.235,Very Low,"Collecting and preparing rock, mineral and metal samples, performing laboratory tests to determine properties, analysing and reporting test results and maintaining testing equipment;"
3117,Mining and metallurgical technicians,0.26,Low,"Using microscopes, electromagnetic irradiation machines, spectrometers, spectrographs, densitometers and tension testing machines;"
3117,Mining and metallurgical technicians,0.31,Low,"Assisting scientists in the use of electrical, sonic or nuclear measuring instruments in both laboratory and production activities to obtain data indicating potential sources of metallic ore, gas, or petroleum."
3118,Draughtspersons,0.38,Low,"Preparing and revising working drawings from sketches and specifications prepared by engineers and designers for the manufacture, installation and erection of machinery and equipment or for the construction, modification, maintenance and repair of buildings, dams, bridges, roads and other architectural and civil engineering projects;"
3118,Draughtspersons,0.475,Low,"Operating computer-aided design and drafting equipment to create, modify and generate hard-copy and digital representations of working drawings;"
3118,Draughtspersons,0.4625,Low,"Operating digitizing table or similar equipment to transfer hard-copy representation of working drawings, maps and other curves to digital form;"
3118,Draughtspersons,0.315,Low,"Preparing and revising illustrations for reference works, brochures and technical manuals dealing with the assembly, installation, operation, maintenance and repair of machinery and other equipment and goods;"
3118,Draughtspersons,0.1475,Very Low,Copying drawings and paintings onto stone or metal plates for printing;
3118,Draughtspersons,0.275,Low,"Preparing wiring diagrams, circuit board assembly diagrams and layout drawings used for manufacture, installation and repair of electrical equipment in factories, power plants, and buildings;"
3118,Draughtspersons,0.3375,Low,"Creating detailed working diagrams of machinery and mechanical devices, including dimensions, fastening methods and other engineering information;"
3118,Draughtspersons,0.3875,Low,Arranging for completed drawings to be reproduced for use as working drawings.
3119,Physical and engineering science technicians not elsewhere classified,0.315,Low,"Collecting data and providing technical assistance regarding: efficient, safe and economic utilization of personnel, material and equipment; methods of work and sequence of operations and supervision of their implementation; and efficient layout of plant or establishment;"
3119,Physical and engineering science technicians not elsewhere classified,0.255,Low,Aiding in the identification of potential hazards and introducing safety procedures and devices;
3119,Physical and engineering science technicians not elsewhere classified,0.2375,Very Low,"Modifying and testing equipment and devices used in the prevention, control, and remediation of environmental pollution, site remediation and land reclamation;"
3119,Physical and engineering science technicians not elsewhere classified,0.1875,Very Low,Assisting in the development of environmental pollution remediation devices under the direction of an engineer;
3119,Physical and engineering science technicians not elsewhere classified,0.285,Low,Assisting engineers in testing and designing robotics equipment.
3121,Mining supervisors,0.185,Very Low,"Supervising and coordinating the activities of workers who extract minerals and other natural deposits from the earth, and who operate underground conveyances or heavy equipment in surface mines and quarries;"
3121,Mining supervisors,0.33,Low,Establishing methods to meet work schedules and recommending measures to mining managers to improve productivity;
3121,Mining supervisors,0.255,Low,"Working with managerial and technical personnel, other departments and contractors to resolve operational problems and coordinate activities;"
3121,Mining supervisors,0.4,Low,Providing reports and other information to mining managers about all aspects of mining or quarrying operations;
3121,Mining supervisors,0.265,Low,Determining staffing and material needs for the mine or quarry.
3122,Manufacturing supervisors,0.265,Low,"Co-ordinating and supervising the activities of process control technicians, machine operators, assemblers and other manufacturing labourers;"
3122,Manufacturing supervisors,0.385,Low,"Organizing and planning the daily work with regard to plans, economy, staff and environment;"
3122,Manufacturing supervisors,0.59,Medium,"Preparing cost estimates, records and reports;"
3122,Manufacturing supervisors,0.24,Very Low,Identifying shortage of staff or components;
3122,Manufacturing supervisors,0.24,Very Low,Ensuring safety of workers;
3122,Manufacturing supervisors,0.3625,Low,Instructing and training new staff.
3123,Construction supervisors,0.365,Low,Reading specifications to determine construction requirements and planning procedures;
3123,Construction supervisors,0.3575,Low,Organizing and coordinating the material and human resources required to complete jobs;
3123,Construction supervisors,0.235,Very Low,Examining and inspecting work progress;
3123,Construction supervisors,0.23,Very Low,Examining equipment and construction sites to ensure that health and safety requirements are met;
3123,Construction supervisors,0.28,Low,Supervising construction sites and coordinating work with other construction projects;
3123,Construction supervisors,0.2225,Very Low,"Supervising the activities of building trades workers, labourers and other construction workers."
3131,Power production plant operators,0.295,Low,"Operating, monitoring and inspecting various types of energy generating power plants;"
3131,Power production plant operators,0.1925,Very Low,"Operating and controlling power generating systems and equipment including boilers, turbines, generators, condensers, and reactors in hydro, thermal, coal, oil, natural gas, and nuclear power plants to generate and distribute electrical power;"
3131,Power production plant operators,0.24,Very Low,"Controlling start-up and shut-down of power plant equipment, controlling switching operations, regulating water levels and communicating with systems operators to regulate and coordinate transmission loads, frequency and line voltages;"
3131,Power production plant operators,0.3325,Low,"Taking readings from charts, meters and gauges at established intervals, troubleshooting and performing corrective action as necessary;"
3131,Power production plant operators,0.4575,Low,"Completing and maintaining station records, logs and reports, and communicating with other plant personnel to assess equipment operating status;"
3131,Power production plant operators,0.135,Very Low,"Cleaning and maintaining equipment such as generators, boilers, turbines, pumps, and compressors in order to prevent equipment failure or deterioration."
3132,Incinerator and water treatment plant operators,0.27,Low,"Operating and monitoring computerized control systems, machinery and related equipment in wastewater treatment, sewage treatment, and liquid waste plants to regulate flow, treatment and disposal of sewage and wastes, and in water filtration and treatment plants to regulate the treatment and distribution of water for human consumption and for later disposal into natural water systems;"
3132,Incinerator and water treatment plant operators,0.175,Very Low,Controlling the operation of multiple-hearth incinerator furnaces and related equipment to burn sludge and solid waste in waste treatment plants;
3132,Incinerator and water treatment plant operators,0.32,Low,"Inspecting equipment and monitoring operating conditions, meters, filters, chlorinators and gauges in central control room to determine load requirements, to verify that flows, pressures and temperatures are within specification, and to detect malfunctions;"
3132,Incinerator and water treatment plant operators,0.27,Low,"Monitoring and adjusting controls of auxiliary equipment, such as exhaust emissions, scrubbers and incinerator heat recovery units;"
3132,Incinerator and water treatment plant operators,0.2,Very Low,"Collecting and testing water and sewage samples for chemical and bacterial content, using test equipment and colour analysis standards;"
3132,Incinerator and water treatment plant operators,0.26,Low,Analysing test results to make adjustments to plant equipment and systems to disinfect and deodorize water and other liquids;
3132,Incinerator and water treatment plant operators,0.185,Very Low,Performing security and safety checks in plant and on grounds;
3132,Incinerator and water treatment plant operators,0.445,Low,Completing and maintaining plant logs and reports.
3133,Chemical processing plant controllers,0.35,Low,Operating electronic or computerized control panel from a central control room to monitor and optimize physical and chemical processes for several processing units;
3133,Chemical processing plant controllers,0.2675,Low,"Adjusting equipment, valves, pumps, controls and process equipment;"
3133,Chemical processing plant controllers,0.215,Very Low,"Controlling the preparation, measuring and feeding of raw materials and processing agents such as catalysts and filtering media into plant;"
3133,Chemical processing plant controllers,0.2375,Very Low,"Controlling process start-up and shut-down, troubleshooting and monitoring outside process equipment;"
3133,Chemical processing plant controllers,0.215,Very Low,"Verifying equipment for malfunctions, carrying out routine operating tests and arranging for maintenance;"
3133,Chemical processing plant controllers,0.4775,Low,"Analysing sample products, performing tests, recording data and writing production logs."
3134,Petroleum and natural gas refining plant operators,0.3,Low,Operating electronic or computerized control panel from a central control room to monitor and optimize physical and chemical processes for several processing units;
3134,Petroleum and natural gas refining plant operators,0.265,Low,"Adjusting equipment, valves, pumps, controls and process equipment;"
3134,Petroleum and natural gas refining plant operators,0.2575,Low,"Controlling process start-up and shut-down, troubleshooting and monitoring outside process equipment;"
3134,Petroleum and natural gas refining plant operators,0.165,Very Low,"Verifying equipment for malfunctions, testing well pipes for leaks and fractures and arranging for maintenance;"
3134,Petroleum and natural gas refining plant operators,0.465,Low,"Analysing sample products, performing tests, recording data and writing production logs."
3135,Metal production process controllers,0.345,Low,"Coordinating and monitoring the operation of a particular aspect of metal processing production through control panels, computer terminals or other control systems, usually from a central control room;"
3135,Metal production process controllers,0.16,Very Low,"Operating multi-function central process control machinery to grind, separate, filter, melt, roast, treat, refine or otherwise process metals;"
3135,Metal production process controllers,0.3175,Low,"Observing computer printouts, video monitors and gauges to verify specified processing conditions and to make necessary adjustments;"
3135,Metal production process controllers,0.275,Low,"Coordinating and supervising production crew such as machine and process operators, assistants and helpers;"
3135,Metal production process controllers,0.19,Very Low,Starting up and shutting down the production system in cases of emergency or as required by schedule;
3135,Metal production process controllers,0.306,Low,Providing and organising training for members of production crew;
3135,Metal production process controllers,0.5575,Medium,Maintaining shift log of production and other data and preparing production and other reports.
3141,Life science technicians (excluding medical),0.34,Low,"Assisting in designing, setting up and conducting experiments;"
3141,Life science technicians (excluding medical),0.1975,Very Low,"Setting up, calibrating, operating and maintaining laboratory instruments and equipment;"
3141,Life science technicians (excluding medical),0.25,Low,"Collecting and preparing specimens and samples, chemical solutions and slides and growing cultures for use in experiments;"
3141,Life science technicians (excluding medical),0.24,Very Low,Performing routine field and laboratory tests;
3141,Life science technicians (excluding medical),0.305,Low,Monitoring experiments to ensure adherence to correct laboratory quality control procedures and health and safety guidelines;
3141,Life science technicians (excluding medical),0.61,Medium,"Making observations of tests and analysing, calculating, recording and reporting test results using appropriate scientific methods;"
3141,Life science technicians (excluding medical),0.38,Low,"Preserving, classifying and cataloguing specimens and samples;"
3141,Life science technicians (excluding medical),0.48,Low,Keeping detailed logs of worked performed;
3141,Life science technicians (excluding medical),0.705,Medium,Using computers to develop models and analyse data;
3141,Life science technicians (excluding medical),0.105,Very Low,Using complex and high-powered equipment to perform work;
3141,Life science technicians (excluding medical),0.42,Low,"Participating in the research, development and manufacture of products and processes;"
3141,Life science technicians (excluding medical),0.2975,Low,Ordering and stocking laboratory supplies;
3141,Life science technicians (excluding medical),0.625,Medium,Maintaining relevant databases.
3142,Agricultural technicians,0.165,Very Low,"Preparing materials and equipment for experiments, tests and analyses;"
3142,Agricultural technicians,0.175,Very Low,"Collecting and preparing specimens such as soils, plant or animal cells, tissues or parts or animal organs for experiments, tests and analyses;"
3142,Agricultural technicians,0.365,Low,"Assisting with and performing experiments, tests and analyses applying methods and techniques such as microscopy, histochemistry, chromatography, electrophoresis and spectroscopy;"
3142,Agricultural technicians,0.1875,Very Low,"Identifying pathogenic micro-organisms and insects, parasites, fungi and weeds harmful to crops and livestock, and assisting in devising methods of control;"
3142,Agricultural technicians,0.335,Low,Analysing produce to set and maintain standards of quality;
3142,Agricultural technicians,0.285,Low,"Conducting or supervising operational programmes such as fish hatchery, greenhouse and livestock production programmes;"
3142,Agricultural technicians,0.235,Very Low,"Analysing samples of seeds for quality, purity and germination rating;"
3142,Agricultural technicians,0.415,Low,Collecting data and estimating quantities and costs of materials and labour required for projects;
3142,Agricultural technicians,0.17125,Very Low,Organizing maintenance and repairs of research equipment.
3143,Forestry technicians,0.225,Very Low,"Conducting forest inventories, surveys and field measurements following accepted scientific and operational procedures;"
3143,Forestry technicians,0.37,Low,Assisting in and performing technical functions in the preparation of forest management and harvest plans using photogrammetric and mapping techniques and computerized information systems;
3143,Forestry technicians,0.235,Very Low,Assisting in planning and supervision of construction of access routes and forest roads;
3143,Forestry technicians,0.135,Very Low,"Implementing, supervising and performing technical functions in silvicultural operations involving site preparation, planting, and tending of tree crops;"
3143,Forestry technicians,0.175,Very Low,"Coordinating activities such as timber scaling, forest fire suppression, disease or insect control or pre-commercial thinning of forest stands;"
3143,Forestry technicians,0.215,Very Low,Supervising and performing technical functions in forest harvesting operations;
3143,Forestry technicians,0.23,Very Low,"Ensuring adherence to regulations and policies concerning environmental protection, resource utilization, fire safety and accident prevention;"
3143,Forestry technicians,0.135,Very Low,Supervising forest tree nursery operations;
3143,Forestry technicians,0.225,Very Low,"Providing technical support to forestry research programmes in areas such as tree improvement, seed orchard operations, insect and disease surveys or experimental forestry and forest engineering research;"
3143,Forestry technicians,0.17,Very Low,Preparing forest cultivation and cutting plans.
3151,Ships' engineers,0.2025,Very Low,"Controlling and participating in the operation, maintenance and repair of mechanical, electrical and electronic equipment and machinery on board ship;"
3151,Ships' engineers,0.3125,Low,Ordering fuel and other engine-room department stores and maintaining record of operations;
3151,Ships' engineers,0.2375,Very Low,"Performing technical supervision of the installation, maintenance and repair of ship‚Äôs machinery and equipment to ensure compliance with specifications and regulations;"
3151,Ships' engineers,0.1725,Very Low,"Inspecting and conducting maintenance and emergency repairs to engines, machinery and auxiliary equipment;"
3151,Ships' engineers,0.2325,Very Low,"Standing engine room watch, monitoring and noting performance of engines, machinery and auxiliary equipment."
3152,Ships' deck officers and pilots,0.2125,Very Low,Commanding and navigating ship or similar vessel at sea or on inland waterways;
3152,Ships' deck officers and pilots,0.235,Very Low,Controlling and participating in deck and bridge-watch activities;
3152,Ships' deck officers and pilots,0.27,Low,"Navigating vessels into and out of ports and through channels, straits and other waters where special knowledge is required;"
3152,Ships' deck officers and pilots,0.1875,Very Low,Ensuring safe loading and unloading of cargo and observance of safety regulations and procedures by crew and passengers;
3152,Ships' deck officers and pilots,0.2525,Low,Performing technical supervision of maintenance and repair of ship to ensure compliance with specifications and regulations;
3152,Ships' deck officers and pilots,0.29,Low,Applying knowledge of principles and practices relating to ship‚Äôs operation and navigation in order to identify and solve problems arising in the course of their work;
3152,Ships' deck officers and pilots,0.3175,Low,Ordering ship‚Äôs stores and recruiting crew as required and maintaining record of operations;
3152,Ships' deck officers and pilots,0.5375,Medium,Transmitting and receiving routine and emergency information with shore stations and other ships.
3153,Aircraft pilots and related associate professionals,0.244,Very Low,Flying and navigating aircraft in accordance with established control and operating procedures;
3153,Aircraft pilots and related associate professionals,0.35,Low,Preparing and submitting flight plan or examining standard flight plan;
3153,Aircraft pilots and related associate professionals,0.2575,Low,"Controlling the operation of mechanical, electrical and electronic equipment and ensuring that all instruments and controls work properly;"
3153,Aircraft pilots and related associate professionals,0.2175,Very Low,Applying knowledge of principles and practices of flying in order to identify and solve problems arising in the course of their work;
3153,Aircraft pilots and related associate professionals,0.2175,Very Low,"Examining maintenance records and conducting inspections to ensure that aircraft are mechanically sound, maintenance has been performed and that all equipment is operational.;"
3153,Aircraft pilots and related associate professionals,0.325,Low,Signing necessary certificates and maintaining official records of flight;
3153,Aircraft pilots and related associate professionals,0.30625,Low,Obtaining briefings and clearances before flights and maintaining contact with air traffic or flight control during flight.
3154,Air traffic controllers,0.3,Low,Directing and controlling aircraft approaching and leaving airport and their movement on the ground;
3154,Air traffic controllers,0.2825,Low,Directing and controlling aircraft operating in designated airspace sector;
3154,Air traffic controllers,0.3025,Low,Examining and approving flight plans;
3154,Air traffic controllers,0.5,Medium,"Informing flight crew and operations staff about weather conditions, operational facilities, flight plans and air traffic;"
3154,Air traffic controllers,0.3225,Low,Applying knowledge of principles and practices of air traffic control in order to identify and solve problems arising in the course of their work;
3154,Air traffic controllers,0.1725,Very Low,"Initiating and organizing emergency, search and rescue services and procedures;"
3154,Air traffic controllers,0.275,Low,Directing activities of all aircraft and service vehicles on or near airport runways;
3154,Air traffic controllers,0.325,Low,"Maintaining radio and telephone contact with adjacent control towers, terminal control units and other control centres, and coordinating the movement of aircraft into adjoining areas."
3155,Air traffic safety electronics technicians,0.4275,Low,"Carrying out technical duties related to the development of electronic and computerized air navigation systems and equipment, and testing prototypes;"
3155,Air traffic safety electronics technicians,0.324,Low,Providing technical help in the design and layout of specific interface circuitry of air navigation and aircraft detection tracking systems;
3155,Air traffic safety electronics technicians,0.385,Low,Preparing and contributing to the preparation of cost estimates and technical and training specifications for air traffic control and safety equipment;
3155,Air traffic safety electronics technicians,0.22,Very Low,"Providing or assisting with the technical supervision of construction, installation and operation of ground-based air navigation equipment and its maintenance and repair to ensure that standards and specifications are met;"
3155,Air traffic safety electronics technicians,0.34,Low,Applying the knowledge and skills of air traffic safety engineering principles and practices in order to identify and solve problems arising in the course of their work;
3155,Air traffic safety electronics technicians,0.555,Medium,"Developing, modifying and debugging system software;"
3155,Air traffic safety electronics technicians,0.325,Low,"Modifying existing ground-based air navigation systems and equipment to adapt them to new air traffic control procedures,  in order to improve capability, reliability and integrity, or to facilitate air traffic control procedures and airspace designation;"
3155,Air traffic safety electronics technicians,0.2525,Low,"Controlling, monitoring and certifying communication navigation and surveillance air traffic management equipment and calibrating the ground-based air navigation system to ensure maximum accuracy and safety of flight, take-off and landing operations;"
3155,Air traffic safety electronics technicians,0.26,Low,Providing technical training and supervising other workers.
3211,Medical imaging and therapeutic equipment technicians,0.265,Low,"Operating or overseeing operation of radiologic, ultrasound and magnetic imaging equipment to produce images of the body for diagnostic purposes;"
3211,Medical imaging and therapeutic equipment technicians,0.165,Very Low,"Explaining procedures, observing and positioning patients, and using protection devices to ensure safety and comfort during examination, scan or treatment;"
3211,Medical imaging and therapeutic equipment technicians,0.2225,Very Low,"Position imaging or treatment equipment, monitoring video displays, and adjusting settings and controls according to technical specifications;"
3211,Medical imaging and therapeutic equipment technicians,0.235,Very Low,"Reviewing and evaluating developed x-rays, video tape or computer generated information to determine if images are satisfactory for diagnostic purposes, and recording results of procedures;"
3211,Medical imaging and therapeutic equipment technicians,0.22,Very Low,"Monitoring patients' conditions and reactions, and reporting abnormal signs to a medical practitioner;"
3211,Medical imaging and therapeutic equipment technicians,0.2225,Very Low,"Measuring and recording radiation dosage or radiopharmaceuticals received and used for patients, following prescription issued by a medical practitioner;"
3211,Medical imaging and therapeutic equipment technicians,0.2,Very Low,"Administering, detecting and mapping radiopharmaceuticals or radiation in patients' bodies, using radioisotope, camera or other equipment for diagnosing and treating diseases;"
3211,Medical imaging and therapeutic equipment technicians,0.23,Very Low,"Recording and disposing of radioactive materials and storing radiopharmaceuticals, following radiation safety procedures."
3212,Medical and pathology laboratory technicians,0.245,Very Low,"Conducting chemical analysis of body fluids, including blood, urine and spinal fluid, to determine presence of normal and abnormal components;"
3212,Medical and pathology laboratory technicians,0.24875,Very Low,"Operating, calibrating and maintaining equipment used in quantitative and qualitative analysis, such as spectrophotometers, calorimeters, flame photometers and computer-controlled analysers;"
3212,Medical and pathology laboratory technicians,0.645,Medium,Entering data from analysis of laboratory tests and clinical results into records-keeping systems and reporting results to medical practitioners and other health professionals;
3212,Medical and pathology laboratory technicians,0.3175,Low,Analysing samples of biological material for chemical content or reaction;
3212,Medical and pathology laboratory technicians,0.115,Very Low,"Setting up, cleaning and maintaining laboratory equipment;"
3212,Medical and pathology laboratory technicians,0.475,Low,Analysing laboratory findings to check the accuracy of the results;
3212,Medical and pathology laboratory technicians,0.415,Low,"Establishing and monitoring programmes to ensure the accuracy of laboratory results and developing, standardizing, evaluating, and modifying procedures, techniques and tests used in the analysis of specimens;"
3212,Medical and pathology laboratory technicians,0.2875,Low,"Obtaining specimens, cultivating, isolating and identifying microorganisms for analysis;"
3212,Medical and pathology laboratory technicians,0.165,Very Low,Examining cells stained with dye to locate abnormalities;
3212,Medical and pathology laboratory technicians,0.1575,Very Low,"Inoculating fertilized eggs, broths or other bacteriological media with organisms."
3213,Pharmaceutical technicians and assistants,0.24,Very Low,Preparing medications and other pharmaceutical compounds under the guidance of a pharmacist or other health professional;
3213,Pharmaceutical technicians and assistants,0.282,Low,"Dispensing medicines and drugs to clients and giving written and oral instructions on their use, as prescribed by medical doctors, veterinarians or other health professionals;"
3213,Pharmaceutical technicians and assistants,0.42,Low,Receiving prescriptions or refill requests from health professionals and verifying that information is complete and accurate according to medical record-keeping standards;
3213,Pharmaceutical technicians and assistants,0.215,Very Low,Maintaining proper storage and security conditions for drugs;
3213,Pharmaceutical technicians and assistants,0.17,Very Low,Filling and labelling containers with prescribed medications;
3213,Pharmaceutical technicians and assistants,0.385,Low,"Assisting clients by answering questions, locating items or referring them to a pharmacist for medication information;"
3213,Pharmaceutical technicians and assistants,0.505,Medium,"Pricing and filing prescriptions that have been filled and establish and maintaining patient records, including lists of medications taken by individual patients;"
3213,Pharmaceutical technicians and assistants,0.3325,Low,"Ordering, labelling, and counting stock of medications, chemicals and supplies, and entering inventory data into records-keeping systems;"
3213,Pharmaceutical technicians and assistants,0.15,Very Low,Cleaning and preparing equipment and containers used to prepare and dispense medicines and pharmaceutical compounds.
3214,Medical and dental prosthetic technicians,0.175,Very Low,"Examining, interviewing, and measuring patients in order to determine their appliance needs, and to identify factors that could affect appliance fit;"
3214,Medical and dental prosthetic technicians,0.25,Low,Conferring with medical and dental practitioners in order to formulate specifications and prescriptions for devices and appliances;
3214,Medical and dental prosthetic technicians,0.285,Low,"Interpreting prescriptions or specifications to determine the type of product or device to be fabricated, and the materials and tools that will be required;"
3214,Medical and dental prosthetic technicians,0.15,Very Low,"Making or receiving casts or impressions of patients' torsos, limbs, mouths or teeth for use as fabrication patterns;"
3214,Medical and dental prosthetic technicians,0.15,Very Low,"Designing and making orthotic and prosthetic devices using materials such as thermoplastic and thermosetting materials, metal alloys and leather, and hand and power tools;"
3214,Medical and dental prosthetic technicians,0.19,Very Low,"Fitting appliances and devices onto patients, testing and evaluating them, and making adjustments for proper fit, function and comfort;"
3214,Medical and dental prosthetic technicians,0.17,Very Low,"Repairing, modifying and maintaining medical and dental prosthetic and supportive devices, according to specifications;"
3214,Medical and dental prosthetic technicians,0.1275,Very Low,"Bending, forming, and shaping fabric or material so that it conforms to prescribed contours needed to fabricate structural components;"
3214,Medical and dental prosthetic technicians,0.14,Very Low,"Fabricating full and partial dentures and constructing mouth guards, crowns, metal clasps, inlays, bridgework and other aids;"
3214,Medical and dental prosthetic technicians,0.1625,Very Low,Instructing patients in the use and care of prosthetic or orthotic devices.
3221,Nursing associate professionals,0.1495,Very Low,Providing nursing and personal care and treatment and health advice to patients according to care plans established by health professionals;
3221,Nursing associate professionals,0.12,Very Low,"Administering medications and other treatments to patients, monitoring patients' condition and responses to treatment, and referring patients and their families to a health professional for specialised care as needed;"
3221,Nursing associate professionals,0.07,Very Low,Cleaning wounds and applying surgical dressings;
3221,Nursing associate professionals,0.6175,Medium,Updating information on patients' condition and treatments received in record-keeping systems;
3221,Nursing associate professionals,0.265,Low,Assisting in planning and managing the care of individual patients;
3221,Nursing associate professionals,0.0825,Very Low,Assisting in giving first-aid treatment in emergencies.
3222,Midwifery associate professionals,0.28,Low,"Providing advice to women, families and communities on health, nutrition, hygiene, exercise, birth and emergency plans, breastfeeding, infant care, family planning and contraception, lifestyle and other topics related to pregnancy and childbirth;"
3222,Midwifery associate professionals,0.215,Very Low,"Assessing progress during pregnancy and childbirth, and recognizing signs and symptoms requiring referral to a health professional;"
3222,Midwifery associate professionals,0.1125,Very Low,"Providing delivery care, usually only in the absence of identified potential complications, or assisting medical doctors or midwifery professionals with delivery care;"
3222,Midwifery associate professionals,0.18,Very Low,"Providing care and support to women and newborns following childbirth, monitoring their health status, and identifying signs and symptoms requiring referral to a health professional."
3230,Traditional and complementary medicine associate professionals,0.165,Very Low,Examining patients and interviewing them and their families to determine their health status and the nature of physical or mental disorders or illnesses or other ailments;
3230,Traditional and complementary medicine associate professionals,0.11,Very Low,"Recommending and providing care and treatment for illnesses and other ailments using traditional techniques and medicaments, such as physical manipulation and exercises, blood-letting using natural vessels, and preparations using herbs, plants, insects and animal extracts;"
3230,Traditional and complementary medicine associate professionals,0.1375,Very Low,"Administering treatments such as acupuncture, ayurvedic, homeopathic and herbal medicine according to therapeutic care plans and procedures usually developed by a traditional medicine or other health professional;"
3230,Traditional and complementary medicine associate professionals,0.064,Very Low,Providing care and treatment for physical injuries such as setting and healing fractured and dislocated bones using traditional methods of physical manipulation and herbal therapies;
3230,Traditional and complementary medicine associate professionals,0.32,Low,"Advising individuals, families and the community on health, nutrition, hygiene, lifestyle and other issues to maintain or improve health and well-being;"
3230,Traditional and complementary medicine associate professionals,0.325,Low,"Referring patients to, and exchanging information with, other health care providers to ensure comprehensive and continuing care."
3240,Veterinary technicians and assistants,0.1325,Very Low,Advising communities and individuals on the treatment of animals and their diseases and injuries;
3240,Veterinary technicians and assistants,0.165,Very Low,Conducting examinations of animals to make diagnoses or refer more difficult cases to veterinarians when needed;
3240,Veterinary technicians and assistants,0.1375,Very Low,"Treating ill or injured animals, especially for common diseases and disorders;"
3240,Veterinary technicians and assistants,0.12,Very Low,Cleaning and sterilising examination tables and instruments and preparing materials used in the examination and treatment of animals;
3240,Veterinary technicians and assistants,0.135,Very Low,Carrying out technical tasks connected with artificial insemination of animals;
3240,Veterinary technicians and assistants,0.155,Very Low,Getting animals ready for examination or treatment and restraining or holding them during treatment;
3240,Veterinary technicians and assistants,0.1225,Very Low,Assisting veterinarians to administer anaesthetics and oxygen during treatment;
3240,Veterinary technicians and assistants,0.165,Very Low,Placing animals in cages for recovery from operations and monitoring their condition;
3240,Veterinary technicians and assistants,0.1775,Very Low,"Producing radiographs, collecting samples and performing other laboratory tests to assist in diagnosis of animal health problems;"
3240,Veterinary technicians and assistants,0.1,Very Low,Performing routine animal dental procedures and assisting veterinarians with animal dentistry.
3251,Dental assistants and therapists,0.376,Low,"Advising communities and individuals on dental hygiene, diet and other preventive measures to reduce potential risks to oral health;"
3251,Dental assistants and therapists,0.095,Very Low,"Conducting visual and physical examinations of patients' mouths, teeth and related structures to assess oral health status;"
3251,Dental assistants and therapists,0.215,Very Low,Identifying cases of patients with poor oral health or oral disease requiring referral to a dentist or other health professional
3251,Dental assistants and therapists,0.0965,Very Low,Assisting dentists during complex dental procedures
3251,Dental assistants and therapists,0.075,Very Low,"Providing fluoride treatments, cleaning and removing deposits from teeth, preparing cavities and placing fillings, administering local anaesthesia, and performing other types of basic or routine clinical dental procedures;"
3251,Dental assistants and therapists,0.15,Very Low,"Preparing, cleaning and sterilizing dental instruments, equipment and materials used in the examination and treatment of patients;"
3251,Dental assistants and therapists,0.165,Very Low,Getting patients ready for examination or treatment including explaining procedures and correct positioning;
3251,Dental assistants and therapists,0.14,Very Low,Taking impressions of the mouth and dental radiographs to support diagnosis and fitting of dental prosthetics.
3252,Medical records and health information technicians,0.6075,Medium,"Planning, developing, maintaining and operating a variety of health record indexes and storage and retrieval systems to collect, classify, store and analyse information;"
3252,Medical records and health information technicians,0.535,Medium,"Transcribing, compiling and processing patient medical records, admission and discharge documents and other medical reports into records-keeping systems to provide data for patient monitoring and referral, epidemiological monitoring, research, billing, cost control and care improvement;"
3252,Medical records and health information technicians,0.435,Low,"Reviewing records for completeness, accuracy and compliance with regulations;"
3252,Medical records and health information technicians,0.61,Medium,Translating narrative descriptions and numeric information from medical records and other documents on health services delivery into codes associated with standard classification systems;
3252,Medical records and health information technicians,0.355,Low,Protecting the security of medical records to ensure that confidentiality is maintained and releasing information to authorized persons and agencies in accordance with regulations;
3252,Medical records and health information technicians,0.555,Medium,Supervising clerical and administrative workers involved in the maintenance of medical records.
3253,Community health workers,0.31,Low,"Providing information to families and communities on a range of health issues including nutrition, hygiene, infant and child care, immunizations, family planning, risk factors and prevention of common infectious diseases, poisoning prevention, first aid for treatment of simple and common ailments, substance abuse, domestic violence, and other topics;"
3253,Community health workers,0.3,Low,"Visiting families in their homes to provide information on the health, social and other services available and support them in gaining access to these services;"
3253,Community health workers,0.13,Very Low,"Visiting families who do not usually access medical establishments to monitor on a regular basis certain conditions, such as progress with pregnancy, child growth and development, and environmental sanitation;"
3253,Community health workers,0.1375,Very Low,"Distributing to households medical supplies for the prevention and treatment of endemic diseases such as malaria, pneumonia and diarrhoeal diseases, and instructing family and community members in the use of these products;"
3253,Community health workers,0.22,Very Low,"Conducting outreach efforts to groups who do not usually access medical establishments with information and basic medical supplies for prevention and management of certain health conditions for which they are most at risk, such as HIV/AIDS and other communicable diseases;"
3253,Community health workers,0.25,Low,Collecting data from households and communities who do not usually access medical establishments for purposes of patient monitoring and referral and reporting to meet health regulations.
3254,Dispensing opticians,0.16,Very Low,Examining and taking facial and eye measurements of clients for fitting of eyeglasses and other optical devices;
3254,Dispensing opticians,0.25,Low,"Providing advice to clients with selection and maintenance of eyeglasses and frames, types of contact lenses and other optical devices for performance, safety, comfort and lifestyle;"
3254,Dispensing opticians,0.32,Low,"Interpreting optical prescriptions and preparing work order for optical laboratory for grinding and mounting of lenses in frames, preparation of contact lenses and other required work;"
3254,Dispensing opticians,0.23,Very Low,Verifying exactness of finished optical appliances and devices to the original prescription and fit of clients.
3255,Physiotherapy technicians and assistants,0.0725,Very Low,Administering manual treatments such as massage therapy or pressure point therapy;
3255,Physiotherapy technicians and assistants,0.105,Very Low,"Administering electrical modality treatments, ultrasound and other physical therapies using specialized techniques and equipment;"
3255,Physiotherapy technicians and assistants,0.1825,Very Low,"Instructing, motivating, safeguarding and assisting patients as they practice physical exercises, relaxation techniques and functional activities;"
3255,Physiotherapy technicians and assistants,0.22,Very Low,"Conferring with physiotherapists or other health care providers to evaluate patient information for planning, modifying, and coordinating treatment;"
3255,Physiotherapy technicians and assistants,0.27125,Low,"Monitoring and recording patients' progress during treatments, including measuring their range-of-joint motion and vital signs;"
3255,Physiotherapy technicians and assistants,0.17,Very Low,"Fitting patients for orthopaedic braces, prostheses and other physical supportive devices such as crutches, and instructing patients in the use of such devices."
3256,Medical assistants,0.24,Very Low,Interviewing patients and their families to obtain information on their health status and medical history;
3256,Medical assistants,0.1375,Very Low,"Assisting medical doctors and other health professionals to examine and treat patients, including measuring and recording vital signs, administering medications and performing routine clinical procedures such as giving injections and removing sutures;"
3256,Medical assistants,0.25,Low,"Getting patients ready for examination and treatment, including explaining procedures and showing them to examination rooms;"
3256,Medical assistants,0.15,Very Low,"Preparing and handling medical instruments and supplies, including sterilizing instruments and disposing of contaminated supplies in accordance with safety procedures;"
3256,Medical assistants,0.15,Very Low,"Collecting blood, tissue or other specimens, and preparing them for laboratory testing;"
3256,Medical assistants,0.53,Medium,Providing information to patients and families on health care topics including medications prescribed by a medical doctor or other health professional;
3256,Medical assistants,0.65,Medium,Providing prescription and drug refill information to pharmacies;
3256,Medical assistants,0.1025,Very Low,Maintaining cleanliness of patient waiting and examination rooms;
3256,Medical assistants,0.6125,Medium,"Recording information on patients' medical history, diagnostic testing and treatment procedures and results, and other information in medical records-keeping systems;"
3256,Medical assistants,0.6375,Medium,"Scheduling appointments with patients, and preparing documentation required for billing, reporting and insurance purposes."
3257,Environmental and occupational health inspectors and associates,0.245,Very Low,Advising employers‚Äô and workers‚Äô representatives on the implementation of government and other rules and regulations concerning occupational safety and the working environment;
3257,Environmental and occupational health inspectors and associates,0.25,Low,"Inspecting places of work to ensure that the working environment, machinery and equipment conform to government and other rules, regulations and standards related to sanitation and/or occupational and environmental health and safety;"
3257,Environmental and occupational health inspectors and associates,0.28,Low,Giving advice on environmental sanitary problems and techniques;
3257,Environmental and occupational health inspectors and associates,0.245,Very Low,"Inspecting places of work and, by interviews, observations and other means, obtaining information about work practices and accidents to determine compliance with safety rules and regulations;"
3257,Environmental and occupational health inspectors and associates,0.2475,Very Low,"Inspecting areas of production, processing, transport, handling, storage and sale of products to ensure conformity with government and other rules, regulations and standards;"
3257,Environmental and occupational health inspectors and associates,0.2825,Low,"Advising enterprises and the general public on the implementation of government and other rules and regulations concerning hygiene, sanitation, purity and grading of primary products, food, drugs, cosmetics and similar goods;"
3257,Environmental and occupational health inspectors and associates,0.2475,Very Low,Inspecting establishments to ensure that they conform to government and other rules and regulations concerning emission of pollutants and disposal of dangerous wastes;
3257,Environmental and occupational health inspectors and associates,0.141,Very Low,"Initiating action to maintain or improve hygiene and prevent pollution of water, air, food or soil;"
3257,Environmental and occupational health inspectors and associates,0.235,Very Low,"Promoting preventive and corrective measures such as control of disease carrying organisms and of harmful substances in the air, hygienic food handling, proper disposal of waste and cleaning of public places;"
3257,Environmental and occupational health inspectors and associates,0.25,Low,"Estimating quantities and costs of materials and labour required for health, safety and sanitation remediation projects;"
3258,Ambulance workers,0.12,Very Low,"Assessing health status of persons involved in accidents, natural disasters and other emergency situations, and determining needs for immediate and specialized medical assistance;"
3258,Ambulance workers,0.0625,Very Low,"Performing medical procedures and administering drugs and other therapies according to protocol for emergency medical treatment, including resuscitating and defibrillating patients and operating life-support equipment;"
3258,Ambulance workers,0.23,Very Low,"Monitoring changes in health status of patients during transport to and from medical, rehabilitation and other health care facilities;"
3258,Ambulance workers,0.13,Very Low,Providing information and training to community groups and essential service workers in first aid for initial care of an illness or injury;
3258,Ambulance workers,0.2,Very Low,Attending and/or patrolling large-scale public gatherings and other events where health emergencies are more likely to occur;
3258,Ambulance workers,0.55,Medium,Recording information on patients' conditions and treatments provided in medical records-keeping systems.
3259,Health associate professionals not elsewhere classified,0.22,Very Low,"Interviewing and examining patients to obtain information on their health status and the nature and extent of injury, illness or other physical or mental health condition;"
3259,Health associate professionals not elsewhere classified,0.33,Low,"Providing information and counselling to patients and families about certain health conditions, prevention and treatment options, treatment adherence, and personal behaviours that can affect health outcomes;"
3259,Health associate professionals not elsewhere classified,0.116,Very Low,Administering therapeutic care and treatment to patients;
3259,Health associate professionals not elsewhere classified,0.3475,Low,"Dispensing and advising on dietary supplements, antiretroviral and prophylaxis medications, and other healthcare products"
3259,Health associate professionals not elsewhere classified,0.2475,Very Low,"Monitoring patients' progress through treatment plans, and identifying signs and symptoms requiring referral to a medical doctor or other health professional;"
3259,Health associate professionals not elsewhere classified,0.6,Medium,Recording information on patients' health status and responses to treatment in medical records-keeping systems;
3259,Health associate professionals not elsewhere classified,0.2725,Low,Sharing information with other health care providers when required to ensure continuing and comprehensive care.
3311,Securities and finance dealers and brokers,0.63,Medium,Obtaining information about the financial circumstances of customers and companies in which investments may be made;
3311,Securities and finance dealers and brokers,0.6525,Medium,"Analysing market trends for securities, bonds, stocks and other financial instruments, including foreign exchange;"
3311,Securities and finance dealers and brokers,0.6475,Medium,Informing prospective customers about market conditions and prospects;
3311,Securities and finance dealers and brokers,0.567,Medium,"Advising on and participating in the negotiation of terms for, and organization of, loans and placement of stocks and bonds in the financial market to raise capital for customers;"
3311,Securities and finance dealers and brokers,0.66,Medium,"Recording and transmitting buy and sell orders for securities, stocks, bonds or other financial instruments and for foreign exchange for future or immediate delivery."
3312,Credit and loans officers,0.55,Medium,"Interviewing applicants for personal, mortgage, student and business loans;"
3312,Credit and loans officers,0.575,Medium,"Researching and evaluating loan applicant‚Äôs financial status, references, credit and ability to repay the loan;"
3312,Credit and loans officers,0.64,Medium,Submitting credit and loan applications to management with recommendations for approval or rejection;
3312,Credit and loans officers,0.61,Medium,Approving or rejecting loan applications within authorized limits ensuring that credit standards of the institution are respected;
3312,Credit and loans officers,0.655,Medium,"Keeping records of payments, and preparing routine letters requesting payment for overdue accounts and forwarding these for legal action;"
3312,Credit and loans officers,0.6,Medium,Completing credit and loan documentation.
3313,Accounting associate professionals,0.4525,Low,"Maintaining complete records of all financial transactions of an undertaking according to general bookkeeping principles, with guidance from Accountants;"
3313,Accounting associate professionals,0.51,Medium,"Verifying accuracy of documents and records relating to payments, receipts and other financial transactions;"
3313,Accounting associate professionals,0.61,Medium,Preparing financial statements and reports for specified periods;
3313,Accounting associate professionals,0.39,Low,Applying knowledge of bookkeeping principles and practices in order to identify and solve problems arising in the course of their work;
3313,Accounting associate professionals,0.66,Medium,Using standard computer software packages to perform accounting and related calculations;
3313,Accounting associate professionals,0.33,Low,Supervising the work of accounts and bookkeeping clerks.
3314,"Statistical, mathematical and related associate professionals",0.585,Medium,"Assisting in planning and performing statistical, mathematical, actuarial and related calculations;"
3314,"Statistical, mathematical and related associate professionals",0.525,Medium,Preparing detailed estimates of quantities and costs of materials and labour required for statistical census and survey operations;
3314,"Statistical, mathematical and related associate professionals",0.665,Medium,"Performing technical tasks connected with establishing, maintaining and using registers and sampling frames for census and survey operations;"
3314,"Statistical, mathematical and related associate professionals",0.53,Medium,Performing technical tasks connected with data collection and quality control operations in censuses and surveys;
3314,"Statistical, mathematical and related associate professionals",0.55,Medium,"Using standard computer software packages to perform mathematical, actuarial, statistical, accounting and related calculations;"
3314,"Statistical, mathematical and related associate professionals",0.68,Medium,"Preparing statistical, mathematical, actuarial, accounting and other results for presentation in graphical or tabular form;"
3314,"Statistical, mathematical and related associate professionals",0.62,Medium,"Applying knowledge of statistical, mathematical, actuarial, accounting and related principles and practices in order to identify and solve problems arising in the course of their work;"
3314,"Statistical, mathematical and related associate professionals",0.37,Low,Supervising the work of statistical clerks.
3315,Valuers and loss assessors,0.3325,Low,"Determining the quality or value of raw materials, real estate, industrial equipment, personal and household effects, works of art, gems and other objects;"
3315,Valuers and loss assessors,0.55,Medium,Assessing the extent of damage or loss and liabilities of insurance companies and underwriters for losses covered by insurance policies;
3315,Valuers and loss assessors,0.5075,Medium,Obtaining records of sales and value of similar items or property;
3315,Valuers and loss assessors,0.18,Very Low,"Inspecting items or property to evaluate condition, size and construction;"
3315,Valuers and loss assessors,0.675,Medium,"Preparing reports of value, outlining the estimation factors and methods used."
3321,Insurance representatives,0.635,Medium,Obtaining information about customers‚Äô circumstances necessary to determine appropriate type of insurance and conditions;
3321,Insurance representatives,0.43,Low,Negotiating with customers to determine type and degree of risk for which insurance is required;
3321,Insurance representatives,0.63,Medium,"Explaining details of insurance and conditions, risk coverage premiums and benefits to customers;"
3321,Insurance representatives,0.64,Medium,"Assisting clients to determine the type and level of coverage required, calculating premiums and establishing method of payment;"
3321,Insurance representatives,0.395,Low,Negotiating and placing reinsurance contracts;
3321,Insurance representatives,0.43,Low,"Advising on, negotiating terms for and placing insurance contracts for large or special types of projects, installations or risks."
3322,Commercial sales representatives,0.48,Low,"Soliciting orders and selling goods to retail, industrial, wholesale and other establishments;"
3322,Commercial sales representatives,0.39,Low,"Selling equipment, supplies and related services to business establishments or individuals;"
3322,Commercial sales representatives,0.605,Medium,Obtaining and updating knowledge of market conditions and of employer‚Äôs and competitors‚Äô goods and services;
3322,Commercial sales representatives,0.47,Low,"Providing prospective customers with information about the characteristics and functions of the products and equipment for sale, and demonstrating its use or qualities;"
3322,Commercial sales representatives,0.54,Medium,"Quoting prices and credit terms, recording orders and arranging deliveries;"
3322,Commercial sales representatives,0.385,Low,Reporting customers‚Äô reactions and requirements to suppliers and manufacturers;
3322,Commercial sales representatives,0.56,Medium,Following up clients to ensure satisfaction with products purchased.
3323,Buyers,0.355,Low,"Determining or negotiating contract terms and conditions, awarding supplier contracts or recommending contract awards for the purchase of equipment, raw materials, products, services and merchandise for resale;"
3323,Buyers,0.505,Medium,"Obtaining information about requirements and stock and developing specifications for quantity and quality to be purchased, costs, delivery dates and other contract conditions;"
3323,Buyers,0.35,Low,"Purchasing general and specialized equipment, materials or business services for use or for further processing by their establishment;"
3323,Buyers,0.365,Low,"Inviting tenders, consulting with suppliers and reviewing quotations;"
3323,Buyers,0.48,Low,Purchasing merchandise for resale by retail or wholesale establishments;
3323,Buyers,0.4,Low,"Studying market reports, trade periodicals and sales promotion materials and visiting trade shows, showrooms, factories and product design events;"
3323,Buyers,0.43,Low,Selecting the merchandise or products that best fit the establishment's requirements;
3323,Buyers,0.315,Low,"Interviewing  suppliers and negotiating prices, discounts, credit terms and transportation arrangements;"
3323,Buyers,0.25,Low,Overseeing distribution of merchandise to outlets and maintaining adequate stock levels;
3323,Buyers,0.49,Low,"Establishing delivery schedules, monitoring progress and contacting clients and suppliers to resolve problems."
3324,Trade brokers,0.465,Low,Establishing contact between buyers and sellers of commodities;
3324,Trade brokers,0.415,Low,Discussing buying or selling requirements of clients and giving advice accordingly;
3324,Trade brokers,0.41,Low,Buying  and selling cargo space on ships;
3324,Trade brokers,0.3125,Low,Negotiating purchase or sale of commodities and commodity futures;
3324,Trade brokers,0.45,Low,"Finding cargo and/or storage space for commodities and negotiating freight, shipping and storage charges;"
3324,Trade brokers,0.615,Medium,Monitoring and analysing market trends and other factors affecting the supply and demand for commodities and shipping services.
3331,Clearing and forwarding agents,0.425,Low,Carrying out customs clearing procedures for exports or imports;
3331,Clearing and forwarding agents,0.64,Medium,Ensuring that insurance is in order;
3331,Clearing and forwarding agents,0.615,Medium,Ensuring that export/import licences and other formalities are in order;
3331,Clearing and forwarding agents,0.55,Medium,Signing and issuing bills of lading;
3331,Clearing and forwarding agents,0.6325,Medium,"Checking import/export documentation to determine cargo contents, and classifying goods into different fee or tariff groups, using a tariff coding system."
3332,Conference and event planners,0.615,Medium,"Promoting conferences, conventions and trade shows to potential customers;"
3332,Conference and event planners,0.615,Medium,"Responding to inquiries concerning services provided and costs for room and equipment hire, catering and related services;"
3332,Conference and event planners,0.395,Low,Meeting with clients to discuss their needs and outlining package options to meet these needs;
3332,Conference and event planners,0.385,Low,"Arranging and coordinating services, such as, conference facilities, catering, signage, displays, audiovisual and computer equipment, accommodation, transport and social events, for participants, logistical arrangements for presenters;"
3332,Conference and event planners,0.65,Medium,Organizing registration of participants;
3332,Conference and event planners,0.35,Low,Negotiating the type and costs of services to be provided within budget;
3332,Conference and event planners,0.335,Low,Overseeing work by contractors and reporting on variations to work orders.
3333,Employment agents and contractors,0.56,Medium,Matching jobseekers with vacancies;
3333,Employment agents and contractors,0.36,Low,Finding workers for vacant posts against a commission from the employer or worker;
3333,Employment agents and contractors,0.33,Low,Discussing with employers the skills and other characteristics required of the workers to be employed or contracted;
3333,Employment agents and contractors,0.335,Low,"Finding workers with appropriate skills, and undertaking the necessary formalities according to national or international regulations and requirements;"
3333,Employment agents and contractors,0.345,Low,Ensuring that the employment contracts meet legal requirements and signing them;
3333,Employment agents and contractors,0.41,Low,Advising on training schemes.
3334,Real estate agents and property managers,0.36,Low,"Obtaining information about properties to be sold or leased, the circumstances of their owner and the needs of prospective buyers or tenants;"
3334,Real estate agents and property managers,0.33,Low,Showing properties to be sold or leased to prospective buyers or tenants and explaining terms of sale or conditions of rent or lease;
3334,Real estate agents and property managers,0.295,Low,Facilitating negotiations with tenants and owners on rents and fees;
3334,Real estate agents and property managers,0.455,Low,Drawing up leasing and sale agreements and estimating costs;
3334,Real estate agents and property managers,0.385,Low,Arranging signing of lease agreements and transfer of property rights;
3334,Real estate agents and property managers,0.44,Low,"Collecting rent and bond monies on behalf of owner and inspecting properties before, during and after tenancies;"
3334,Real estate agents and property managers,0.2,Very Low,Ensuring the availability of workers to perform maintenance of the properties.
3339,Business services agents not elsewhere classified,0.6,Medium,Obtaining information about services to be sold and needs of prospective buyers;
3339,Business services agents not elsewhere classified,0.33,Low,Negotiating contracts on behalf of seller or buyer and explaining terms of sale and payment to client;
3339,Business services agents not elsewhere classified,0.29,Low,Signing agreements on behalf of seller or buyer and ensuring that contract is honoured;
3339,Business services agents not elsewhere classified,0.535,Medium,Making sure that the business service purchased is made available to the buyer in the agreed format at the agreed time;
3339,Business services agents not elsewhere classified,0.4,Low,"Selling by auction various kinds of property, cars, commodities, livestock, art, jewellery and other objects."
3339,Business services agents not elsewhere classified,0.515,Medium,Organizing group tours for business or vacation travel and making bulk travel and accommodation bookings.
3341,Office supervisors,0.635,Medium,"Coordinating, assigning and reviewing the work of clerks engaged in the following duties: word processing, record keeping and filing, operating telephones and switchboards; data entry, desktop publishing and other activities involving general office and administrative skills;"
3341,Office supervisors,0.3875,Low,Establishing work schedules and procedures and co-coordinating activities with other work units or departments;
3341,Office supervisors,0.47,Low,Resolving work-related problems and preparing and submitting progress and other reports;
3341,Office supervisors,0.335,Low,"Training and instructing employees in job duties, safety procedures and company policies, or arranging for training to be provided;"
3341,Office supervisors,0.335,Low,"Evaluating employees‚Äô job performance and conformity with regulations, and recommending appropriate personnel action;"
3341,Office supervisors,0.41,Low,"Assisting in recruitment, interviewing and selection of employees."
3342,Legal secretaries,0.6,Medium,"Preparing and processing legal documents and papers, such as deeds, wills, affidavits and briefs;"
3342,Legal secretaries,0.6325,Medium,Reviewing and proofreading documents and correspondence to ensure compliance with legal procedures;
3342,Legal secretaries,0.51,Medium,"Mailing, faxing or arranging for delivery of legal correspondence to clients, witnesses and court officials;"
3342,Legal secretaries,0.575,Medium,"Organizing and maintaining documents, case files and law libraries;"
3342,Legal secretaries,0.735,Medium,"Screening requests for meetings, and scheduling and organizing meetings;"
3342,Legal secretaries,0.46,Low,"Assisting in the preparation of budgets, monitoring of expenditures, drafting of contracts and purchasing or acquisition orders;"
3342,Legal secretaries,0.34,Low,Supervising the work of office support workers.
3343,Administrative and executive secretaries,0.585,Medium,Drafting administrative correspondence and minutes;
3343,Administrative and executive secretaries,0.595,Medium,"Obtaining, proposing and monitoring deadlines and follow-up dates;"
3343,Administrative and executive secretaries,0.715,Medium,"Screening requests for meetings, and scheduling and organizing meetings and travel arrangements;"
3343,Administrative and executive secretaries,0.455,Low,"Assisting in the preparation of budgets, monitoring of expenditures, drafting of contracts and purchasing or acquisition orders;"
3343,Administrative and executive secretaries,0.32,Low,Liaising with other staff about a range of matters relating to the organization‚Äôs operations;
3343,Administrative and executive secretaries,0.625,Medium,Writing and answering business or technical letters and other similar correspondence;
3343,Administrative and executive secretaries,0.645,Medium,"Preparing verbatim reports of proceedings in legislative assemblies, courts of law or other places using shorthand or specialized office equipment."
3343,Administrative and executive secretaries,0.35,Low,Supervising the work of  clerical support workers.
3344,Medical secretaries,0.63,Medium,Scheduling and confirming medical appointments and communicating messages for medical staff; and patients;
3344,Medical secretaries,0.4525,Low,"Compiling, recording and reviewing medical charts, reports, documents and correspondence;"
3344,Medical secretaries,0.51,Medium,"Interviewing patients to complete forms, documents and case histories;"
3344,Medical secretaries,0.66,Medium,Completing insurance and other claims forms;
3344,Medical secretaries,0.52,Medium,Maintaining medical files and records and technical library;
3344,Medical secretaries,0.645,Medium,Preparing financial statements and billing procedures;
3344,Medical secretaries,0.485,Low,"Assisting in the preparation of budgets, drafting of contracts and purchasing or acquisition orders;"
3344,Medical secretaries,0.34,Low,Supervising the work of office support workers and other office staff.
3351,Customs and border inspectors,0.1225,Very Low,Patrolling national borders and coastal waters to stop persons from illegally entering or leaving the country and from illegally importing or exporting currency or goods;
3351,Customs and border inspectors,0.485,Low,Checking travel documents of persons crossing national borders to ensure that they have the necessary authorizations and certificates;
3351,Customs and border inspectors,0.3,Low,Inspecting the luggage of persons crossing national borders to ensure that it conforms to government rules and regulations concerning import or export of goods and currencies;
3351,Customs and border inspectors,0.425,Low,"Examining transport documents and freight of vehicles crossing national borders to ensure conformity with government rules and regulations concerning goods in transit and the import and export of goods, and to verify that necessary payments have been made;"
3351,Customs and border inspectors,0.18,Very Low,Detaining persons and seizing prohibited and undeclared goods found to be in violation of immigration and customs laws;
3351,Customs and border inspectors,0.245,Very Low,"Coordinating and cooperating with other agencies involved in law enforcement, deportation and prosecution;"
3351,Customs and border inspectors,0.525,Medium,"Performing related administrative tasks to record findings, transactions, violations and determinations;"
3351,Customs and border inspectors,0.285,Low,"When necessary, testifying in a court of law about the circumstances and results of investigations carried out."
3352,Government tax and excise officials,0.37,Low,"Advising organizations, enterprises and the public on government laws, rules and regulations concerning the determination and payment of taxes, duties and other government fees, and on the public‚Äôs rights and obligations;"
3352,Government tax and excise officials,0.5,Medium,"Examining tax returns, bills of sale and other relevant documents to determine type and amount of taxes, duties and other types of fees to be paid;"
3352,Government tax and excise officials,0.44,Low,"Investigating filed tax returns and accounting records, systems and internal controls of organizations to ensure compliance with taxation laws and regulations;"
3352,Government tax and excise officials,0.6625,Medium,"Performing related administrative tasks to document findings, maintain records and report on actions taken for cases."
3353,Government social benefits officials,0.365,Low,"Advising individuals and organizations on government laws, rules and regulations concerning government benefit programmes and the determination and disbursement of payments or referral to services, as well as on the public‚Äôs rights and obligations;"
3353,Government social benefits officials,0.5,Medium,Examining applications and other relevant documents to determine types and amounts of benefit which individuals are eligible to receive;
3353,Government social benefits officials,0.43,Low,Assessing documentation and interviewing benefit recipients to ensure eligibility for continuing benefits or services;
3353,Government social benefits officials,0.515,Medium,"Performing related administrative tasks to maintain client records and prepare reports on determinations regarding eligibility, referral decisions, termination of benefits and abuse or fraud."
3354,Government licensing officials,0.365,Low,"Advising individuals on government laws and regulations concerning the type of licence required and the conditions attached to such licences, and on the public's rights and obligations;"
3354,Government licensing officials,0.46,Low,Examining applications and relevant documents and determining whether a licence can be granted and the conditions which should be attached;
3354,Government licensing officials,0.49,Low,Examining applications and approving the issue of passports;
3354,Government licensing officials,0.5,Medium,"Performing related administrative tasks to process applications, document activities, evaluations and determinations, and to prepare correspondence to inform applicants of licensing decisions;"
3354,Government licensing officials,0.3375,Low,Administering and scoring tests required to license applicants.
3355,Police inspectors and detectives,0.235,Very Low,"Establishing contacts and sources of information about crimes planned or committed, in order to prevent crimes or identify suspected offenders;"
3355,Police inspectors and detectives,0.26,Low,"Obtaining and verifying evidence by examining crime and accident scenes for clues and physical evidence, interviewing witnesses and suspects and analysing documents and computer files;"
3355,Police inspectors and detectives,0.265,Low,"Analysing evidence in order to solve crimes, identify criminal activity and gather information for court cases;"
3355,Police inspectors and detectives,0.285,Low,"Establishing contacts and sources of information not readily available or apparent concerning establishments or the circumstances and behaviour of persons, usually with the aim of preventing a crime;"
3355,Police inspectors and detectives,0.1025,Very Low,Making arrests;
3355,Police inspectors and detectives,0.25,Low,Testifying in courts of law or reporting to superiors about circumstances and results of investigations.
3359,Regulatory government associate professionals not elsewhere classified,0.27,Low,Examining places of business to ensure the use of correct weights and measures in trade;
3359,Regulatory government associate professionals not elsewhere classified,0.42,Low,Monitoring price regulations to assess appropriateness of costs for goods and services to protect consumer interests;
3359,Regulatory government associate professionals not elsewhere classified,0.28,Low,Monitoring wage regulations to ensure appropriate levels of pay for work performed and to assess compliance with employment standards legislation;
3359,Regulatory government associate professionals not elsewhere classified,0.47,Low,"Performing related investigative and administrative tasks to record findings, document compliance problems or inappropriate business practices and to prepare reports and correspondence."
3411,Legal and related associate professionals,0.455,Low,Documenting court proceedings and judgements;
3411,Legal and related associate professionals,0.435,Low,"Serving statements of claims, summonses, warrants, subpoenas and other court orders;"
3411,Legal and related associate professionals,0.2,Very Low,Maintaining order in court and hearing rooms;
3411,Legal and related associate professionals,0.56,Medium,"Preparing legal documents including trial briefs, pleadings, appeals, wills and contracts and preparing, papers summarizing legal positions or setting out conditions of loans or insurance;"
3411,Legal and related associate professionals,0.4,Low,"Investigating facts, assembling evidence and researching relevant statutes, decisions and other legal documents to prepare cases;"
3411,Legal and related associate professionals,0.375,Low,Advising clients on legal matters;
3411,Legal and related associate professionals,0.39,Low,"Examining documentation such as mortgages, liens, judgements, easements, contracts and maps in order to verify properties‚Äô legal descriptions and ownership;"
3411,Legal and related associate professionals,0.605,Medium,"Preparing documents relating to transfer of real estate, stocks or other matters requiring formal registration;"
3411,Legal and related associate professionals,0.1925,Very Low,"Investigating possible cases of theft of goods, money or information from business establishments and of other possible cases of unlawful behaviour by customers or employees;"
3411,Legal and related associate professionals,0.295,Low,Investigating establishments or the circumstances and behaviour of persons on behalf of clients.
3412,Social work associate professionals,0.555,Medium,"Collecting information relevant to clients‚Äô needs and assessing their relevant skills, strengths and deficits;"
3412,Social work associate professionals,0.265,Low,Helping persons with disabilities or the elderly to obtain services and to improve their ability to function in society;
3412,Social work associate professionals,0.41,Low,Assisting clients to identify options and develop plans of action while providing necessary support and assistance;
3412,Social work associate professionals,0.365,Low,"Assisting clients to identify and access community resources including legal, medical and financial assistance, housing, employment, transportation, assistance with moves, day care and other referral services;"
3412,Social work associate professionals,0.21,Very Low,"Counselling clients living in group homes and half-way houses, supervising their activities and assisting in pre-release and release planning;"
3412,Social work associate professionals,0.3075,Low,Participating in the selection and admission of clients to appropriate programmes;
3412,Social work associate professionals,0.1825,Very Low,Providing crisis intervention and emergency shelter services;
3412,Social work associate professionals,0.25,Low,"Implementing life skills workshops, substance abuse treatment programmes, behaviour management programmes, youth services programmes and other community and social service programmes under the supervision of social work or health care professionals;"
3412,Social work associate professionals,0.5,Medium,Assisting in evaluating the effectiveness of interventions and programmes by monitoring and reporting on clients' progress;
3412,Social work associate professionals,0.24,Very Low,"Maintaining contact with other social service agencies, schools and health care providers involved with clients to provide information and obtain feedback on clients' overall situation and progress."
3413,Religious associate professionals,0.053,Very Low,Undertaking religious works;
3413,Religious associate professionals,0.09,Very Low,Preaching and propagating the teachings of a particular religious faith;
3413,Religious associate professionals,0.0675,Very Low,Assisting at services of public worship and religious rites;
3413,Religious associate professionals,0.095,Very Low,"Providing religious education, spiritual guidance and moral support to individuals and communities;"
3413,Religious associate professionals,0.215,Very Low,"Administering and participating in programmes to provide food, clothing and shelter to those in need;"
3413,Religious associate professionals,0.2025,Very Low,Advising communities and individuals on proper behaviour and faith to preserve or improve well-being.
3421,Athletes and sports players,0.0835,Very Low,Participating in competitive sporting events;
3421,Athletes and sports players,0.215,Very Low,Participating in regular practice and training sessions and undertaking private training to maintain the required standard of fitness and skill;
3421,Athletes and sports players,0.4025,Low,Undertaking sports promotional activities and media interviews;
3421,Athletes and sports players,0.25,Low,Maintaining a high degree of expertise in a particular sport;
3421,Athletes and sports players,0.335,Low,Deciding on strategies in consultation with coaches;
3421,Athletes and sports players,0.235,Very Low,Assessing other competitors and conditions at venues;
3421,Athletes and sports players,0.07,Very Low,Competing in sporting events;
3421,Athletes and sports players,0.235,Very Low,Adhering to the rules and regulations associated with a specific sport.
3422,"Sports coaches, instructors and officials",0.315,Low,Identifying strengths and weaknesses of athletes or teams;
3422,"Sports coaches, instructors and officials",0.385,Low,"Planning, developing and implementing training and practice sessions;"
3422,"Sports coaches, instructors and officials",0.5,Medium,"Developing, planning and co-ordinating competitive schedules and programmes;"
3422,"Sports coaches, instructors and officials",0.2925,Low,Motivating and preparing athletes or teams for competitive events or games;
3422,"Sports coaches, instructors and officials",0.3025,Low,"Formulating competitive strategy, developing game plans and directing athletes and players during games or athletic events;"
3422,"Sports coaches, instructors and officials",0.365,Low,Analysing and evaluating athletes' or teams' performances and modifying training programmes;
3422,"Sports coaches, instructors and officials",0.44,Low,"Monitoring and analysing technique and performance, and determining how future improvements can be made;"
3422,"Sports coaches, instructors and officials",0.255,Low,Officiating at sporting events or athletic competitions to maintain standards of play and to ensure that game rules and safety regulations are observed;
3422,"Sports coaches, instructors and officials",0.3,Low,Recording lapsed time and keeping score during events or competitions;
3422,"Sports coaches, instructors and officials",0.295,Low,"Judging the performance of competitors, awarding points, imposing penalties for infractions and determining results;"
3422,"Sports coaches, instructors and officials",0.665,Medium,Compiling scores and other athletic records.
3423,Fitness and recreation instructors and program leaders,0.285,Low,Planning and carrying out recreational and fitness activities;
3423,Fitness and recreation instructors and program leaders,0.125,Very Low,"Monitoring recreational, sports or fitness activities to ensure safety and provide emergency or first aid assistance when required;"
3423,Fitness and recreation instructors and program leaders,0.26,Low,Evaluating and monitoring clients‚Äô abilities and fitness and recommending activities;
3423,Fitness and recreation instructors and program leaders,0.24,Very Low,"Demonstrating and teaching body movements, concepts and skills used in fitness routines and recreational activities;"
3423,Fitness and recreation instructors and program leaders,0.325,Low,Instructing in the use of equipment;
3423,Fitness and recreation instructors and program leaders,0.24,Very Low,"Explaining and enforcing safety procedures, rules and regulations."
3431,Photographers,0.3325,Low,"Taking photographs for advertising, or other commercial, industrial or scientific purposes and to illustrate stories and articles in newspapers, magazines and other publications;"
3431,Photographers,0.25,Low,Taking portrait photographs of persons and groups of persons;
3431,Photographers,0.33,Low,"Studying requirements of a particular assignment and decide on type of camera, film, lighting and background accessories to be used;"
3431,Photographers,0.35,Low,"Determining picture composition, making technical adjustments to equipment and photograph subject;"
3431,Photographers,0.565,Medium,Operating scanners to transfer photographic images to computers;
3431,Photographers,0.435,Low,Operating computers to manipulate photographic images;
3431,Photographers,0.56,Medium,Adapting existing photographic images to create new digitized images to be included in multimedia products;
3431,Photographers,0.3,Low,"Using airbrush, computer or other techniques to create the desired visual effect."
3432,Interior designers and decorators,0.33,Low,Determining the objectives and constraints of the design brief by consulting with clients and stakeholders;
3432,Interior designers and decorators,0.4175,Low,"Researching and analysing spatial, functional, efficiency, safety and aesthetic requirements;"
3432,Interior designers and decorators,0.43,Low,Formulating design concepts for the interiors of buildings;
3432,Interior designers and decorators,0.485,Low,"Preparing sketches, diagrams, illustrations and plans to communicate design concepts;"
3432,Interior designers and decorators,0.31,Low,"Negotiating design solutions with clients, management, suppliers and construction staff;"
3432,Interior designers and decorators,0.335,Low,"Selecting, specifying and recommending functional and aesthetic materials, furniture and products for interiors;"
3432,Interior designers and decorators,0.455,Low,Detailing and documenting selected design for construction;
3432,Interior designers and decorators,0.34,Low,Coordinating the construction and the decoration of interiors;
3432,Interior designers and decorators,0.23,Very Low,Designing and painting stage scenery;
3432,Interior designers and decorators,0.34,Low,Designing and decorating show windows and other display areas to promote products and services.
3433,"Gallery, museum and library technicians",0.165,Very Low,Mounting and preparing objects for display;
3433,"Gallery, museum and library technicians",0.2525,Low,"Designing and arranging exhibit furnishings, display cases and display areas;"
3433,"Gallery, museum and library technicians",0.25,Low,Assisting in setting up lighting and display equipment;
3433,"Gallery, museum and library technicians",0.165,Very Low,"Receiving, shipping, packing and unpacking exhibits;"
3433,"Gallery, museum and library technicians",0.56,Medium,Ordering new library materials and maintaining library records and circulation systems;
3433,"Gallery, museum and library technicians",0.35,Low,Cataloguing printed and recorded material;
3433,"Gallery, museum and library technicians",0.7,Medium,Entering data into databases and editing computer records;
3433,"Gallery, museum and library technicians",0.28,Low,Operating audiovisual and reprographic equipment;
3433,"Gallery, museum and library technicians",0.61,Medium,Searching and verifying bibliographic data.
3434,Chefs,0.3825,Low,"Planning and developing recipes and menus, estimating food and labour costs, and ordering food supplies;"
3434,Chefs,0.18,Very Low,Monitoring quality of dishes at all stages of preparation and presentation;
3434,Chefs,0.285,Low,"Discussing food preparation issues with managers, dieticians, kitchen and waiting staff;"
3434,Chefs,0.26,Low,Supervising and coordinating the activities of cooks and other workers engaged in food preparation;
3434,Chefs,0.235,Very Low,"Inspecting supplies, equipment, and work areas to ensure conformity to established standards;"
3434,Chefs,0.2225,Very Low,"Determining how food should be presented, and creating decorative food displays."
3434,Chefs,0.2375,Very Low,"Instructing cooks and other workers in the preparation, cooking, garnishing and presentation of food;"
3434,Chefs,0.27,Low,Participating on the recruitment of kitchen staff and monitoring their performance;
3434,Chefs,0.1625,Very Low,"Preparing, seasoning and cooking speciality foods and complex dishes;"
3434,Chefs,0.27,Low,Explaining and enforcing hygiene and food safety regulations.
3511,Information and communications technology operations technicians,0.4075,Low,Operating and controlling peripheral and related computer equipment;
3511,Information and communications technology operations technicians,0.435,Low,"Entering commands, using computer terminal, and activating controls on computer and peripheral equipment to integrate and operate equipment;"
3511,Information and communications technology operations technicians,0.35,Low,Monitoring systems for equipment failure or errors in performance;
3511,Information and communications technology operations technicians,0.4,Low,Notifying supervisor or maintenance technician of equipment malfunctions;
3511,Information and communications technology operations technicians,0.47,Low,"Responding to programme error messages by finding and correcting problems, escalating the problem to other staff or terminating the programme;"
3511,Information and communications technology operations technicians,0.5,Medium,"Reading job set-up instructions to determine equipment to be used, order of use, material such as disks and paper to be loaded, and control settings;"
3511,Information and communications technology operations technicians,0.67,Medium,"Retrieving, separating and sorting programme output as needed, and sending data to specified users;"
3511,Information and communications technology operations technicians,0.2,Very Low,"Loading peripheral equipment, such as printers, with selected materials for operating runs, or overseeing loading of peripheral equipment by peripheral equipment operators."
3512,Information and communications technology user support technicians,0.63,Medium,Answering user inquiries regarding software or hardware operation to resolve problems;
3512,Information and communications technology user support technicians,0.3,Low,Entering commands and observing system functioning to verify correct operations and detect errors;
3512,Information and communications technology user support technicians,0.1425,Very Low,"Installing and performing minor repairs to hardware, software or peripheral equipment, following design or installation specifications;"
3512,Information and communications technology user support technicians,0.465,Low,Overseeing the daily performance of communications and computer systems;
3512,Information and communications technology user support technicians,0.27,Low,"Setting up equipment for employee use and performing or ensuring proper installation of cables, operating systems or appropriate software;"
3512,Information and communications technology user support technicians,0.575,Medium,"Maintaining records of daily data communication transactions, problems and remedial actions taken, or installation activities."
3512,Information and communications technology user support technicians,0.55,Medium,Emulating or reproducing technical problems encountered by users;
3512,Information and communications technology user support technicians,0.665,Medium,"Consulting user guides, technical manuals and other documents to research and implement solutions;"
3512,Information and communications technology user support technicians,0.635,Medium,"Assisting applications programmers, systems developers and other ICT professionals to develop and test ICT products and services."
3513,Computer network and systems technicians,0.485,Low,"Operating, maintaining and troubleshooting network systems;"
3513,Computer network and systems technicians,0.4,Low,Operating and maintaining data communications systems other than networks;
3513,Computer network and systems technicians,0.55,Medium,Assisting users with network and data communications problems;
3513,Computer network and systems technicians,0.355,Low,Identifying areas needing upgraded equipment and software;
3513,Computer network and systems technicians,0.33,Low,"Installing computer hardware, network software, operating system software and applications software;"
3513,Computer network and systems technicians,0.46,Low,Performing start up and close down as well as backup and disaster recovery operations for computer networks.
3514,Web technicians,0.415,Low,"Installing, monitoring and supporting the reliability and usability of Internet and Intranet websites or web server hardware or software;"
3514,Web technicians,0.615,Medium,"Developing and maintaining documentation, policies and instructions, recording operational procedures and system logs;"
3514,Web technicians,0.45,Low,"Developing, coordinating, implementing and monitoring security measures;"
3514,Web technicians,0.54,Medium,"Analysing and making recommendations to enhance performance, including upgrading and acquiring new systems;"
3514,Web technicians,0.37,Low,"Liaising with, and providing guidance to, clients and users;"
3514,Web technicians,0.725,Medium,Creating and modifying web pages;
3514,Web technicians,0.585,Medium,Performing web server backup and recovery operations.
3521,Broadcasting and audio-visual technicians,0.275,Low,Controlling equipment to record sound;
3521,Broadcasting and audio-visual technicians,0.52,Medium,Controlling equipment to edit and mix image and sound recordings to ensure satisfactory quality and to create special image and sound effects;
3521,Broadcasting and audio-visual technicians,0.4,Low,Applying knowledge of principles and practices of image and sound recording and editing in order to identify and solve problems;
3521,Broadcasting and audio-visual technicians,0.3875,Low,Controlling transmitting and broadcast systems and satellite systems for radio and television programmes;
3521,Broadcasting and audio-visual technicians,0.33,Low,"Controlling radio communications systems, satellite services and multiplex systems on land, sea or in aircraft;"
3521,Broadcasting and audio-visual technicians,0.385,Low,"Applying knowledge of principles and practices of broadcasting, telecommunications terminals and transmissions systems, in order to identify and solve problems;"
3521,Broadcasting and audio-visual technicians,0.165,Very Low,Making emergency repairs to equipment.
3522,Telecommunications engineering technicians,0.475,Low,"Providing technical assistance connected with research and the development of telecommunications equipment, or testing prototypes;"
3522,Telecommunications engineering technicians,0.39,Low,Studying technical material such as blue prints and sketches to determine the method of work to be adopted;
3522,Telecommunications engineering technicians,0.455,Low,"Preparing detailed estimates of quantities and costs of materials and labour required for the manufacture and installation of telecommunications equipment, according to the specifications given;"
3522,Telecommunications engineering technicians,0.475,Low,"Providing technical supervision of the manufacture, utilization, maintenance and repair of telecommunications systems to ensure satisfactory performance and compliance with specifications and regulations;"
3522,Telecommunications engineering technicians,0.47,Low,Applying technical knowledge of telecommunications engineering principles and practices in order to identify and solve problems arising in the course of their work.
4110,General office clerks,0.595,Medium,"Recording, preparing, sorting, classifying and filing information;"
4110,General office clerks,0.3875,Low,"Sorting, opening and sending mail;"
4110,General office clerks,0.535,Medium,Photocopying and faxing documents;
4110,General office clerks,0.65,Medium,Preparing reports and correspondence of a routine nature;
4110,General office clerks,0.565,Medium,Recording issue of equipment to staff;
4110,General office clerks,0.63,Medium,Responding to telephone or electronic enquiries or forwarding to appropriate person;
4110,General office clerks,0.685,Medium,"Checking figures, preparing invoices and recording details of financial transactions made;"
4110,General office clerks,0.7125,Medium,"Transcribing information onto computers, and proofreading and correcting copy."
4120,Secretaries (general),0.635,Medium,"Checking, formatting and transcribing correspondence, minutes and reports from dictation, electronic documents or written drafts to conform to office standards, using typewriter, personal computer or other word processing equipment;"
4120,Secretaries (general),0.55,Medium,Using various computer software packages including spreadsheets to provide administrative support;
4120,Secretaries (general),0.405,Low,Dealing with incoming or outgoing mail;
4120,Secretaries (general),0.515,Medium,"Scanning, recording and distributing mail, correspondence and documents;"
4120,Secretaries (general),0.76,High,Screening requests for meetings or appointments and helping to organize meetings;
4120,Secretaries (general),0.56,Medium,Screening and recording staff-members' leave and other entitlements;
4120,Secretaries (general),0.55,Medium,Organizing and supervising filing systems;
4120,Secretaries (general),0.6375,Medium,Dealing with routine correspondence on their own initiative.
4131,Typists and word processing operators,0.665,Medium,"Typing written material from rough drafts, corrected copies, voice recordings or shorthand using a computer, word processor or typewriter;"
4131,Typists and word processing operators,0.7,Medium,"Checking completed work for proper spelling, grammar, punctuation and formatting;"
4131,Typists and word processing operators,0.5575,Medium,"Gathering and arranging the material to be typed, following instructions;"
4131,Typists and word processing operators,0.685,Medium,"Filing and storing completed documents on computer hard drive or disk, or maintain a computer filing system to store, retrieve or update documents;"
4131,Typists and word processing operators,0.6725,Medium,Taking dictation and recording other matter in shorthand;
4131,Typists and word processing operators,0.685,Medium,"Reproducing the spoken word, environmental sounds and song lyrics as captions for cinema and television programming;"
4131,Typists and word processing operators,0.6,Medium,Transcribing information recorded in shorthand and on sound recording equipment.
4132,Data entry clerks,0.715,Medium,"Receiving and registering invoices, forms, records and other documents for data capture;"
4132,Data entry clerks,0.7375,Medium,"Entering numerical data, codes and text from source material into computer-compatible storage and processing devices;"
4132,Data entry clerks,0.685,Medium,"Verifying accuracy and completeness of data and correcting entered data, if needed;"
4132,Data entry clerks,0.6625,Medium,Operating bookkeeping and calculating machines;
4132,Data entry clerks,0.7,Medium,Importing and exporting data between different database systems and software.
4211,Bank tellers and related clerks,0.596,Medium,"Process customer cash deposits and withdrawals, cheques, transfers, bills, credit card payments, money orders, certified cheques and other related banking transactions;"
4211,Bank tellers and related clerks,0.64,Medium,Crediting and debiting clients' accounts;
4211,Bank tellers and related clerks,0.6375,Medium,Paying bills and making money transfers on clients' behalf;
4211,Bank tellers and related clerks,0.4,Low,"Receiving mail, selling postage stamps and conducting other post office counter business such as bill payments, money transfers and related business;"
4211,Bank tellers and related clerks,0.63,Medium,"Changing money from one currency to another, as requested by clients;"
4211,Bank tellers and related clerks,0.59,Medium,Making records of all transactions and reconciling them with cash balance.
4212,"Bookmakers, croupiers and related gaming workers",0.565,Medium,Determining risks to decide odds and to hedge or refuse bets;
4212,"Bookmakers, croupiers and related gaming workers",0.65,Medium,Preparing and issuing lists of approximate odds;
4212,"Bookmakers, croupiers and related gaming workers",0.1775,Very Low,"Distributing cards, rolling dice or spinning a roulette wheel;"
4212,"Bookmakers, croupiers and related gaming workers",0.3475,Low,Explaining and interpreting operating rules of a gambling establishment;
4212,"Bookmakers, croupiers and related gaming workers",0.49,Low,"Announcing winning numbers, paying winners and collecting payments from losers."
4213,Pawnbrokers and money-lenders,0.5525,Medium,"Evaluating articles offered as pledges, calculating interest, and lending money;"
4213,Pawnbrokers and money-lenders,0.485,Low,"Returning articles when the loan is paid or, in the event of non-payment, selling pledged articles;"
4213,Pawnbrokers and money-lenders,0.515,Medium,Lending money as personal loans against success of future harvest and other similar undertakings;
4213,Pawnbrokers and money-lenders,0.45,Low,Collecting loans when the pledge involved the success of future harvest and other similar undertakings;
4213,Pawnbrokers and money-lenders,0.4,Low,Keeping a record of items received and money distributed and received.
4214,Debt-collectors and related workers,0.37,Low,Tracing and locating debtors;
4214,Debt-collectors and related workers,0.35,Low,"Telephoning, visiting, or writing to customers to collect money or arrange for later payments;"
4214,Debt-collectors and related workers,0.45,Low,"Preparing reports including amounts collected, and maintain records and files related to collection work;"
4214,Debt-collectors and related workers,0.535,Medium,Recommending legal action or discontinuation of service when payment cannot be otherwise obtained;
4214,Debt-collectors and related workers,0.425,Low,Asking for and collecting charity payments.
4221,Travel consultants and clerks,0.62,Medium,"Obtaining information about the availability, cost and convenience of different types of transport and accommodation, ascertaining customer‚Äôs requirements and advising them on travel arrangements;"
4221,Travel consultants and clerks,0.615,Medium,"Providing information about local and regional attractions, sightseeing tours, restaurants, arts and entertainment, and providing maps and brochures;"
4221,Travel consultants and clerks,0.576,Medium,Preparing itineraries;
4221,Travel consultants and clerks,0.635,Medium,"Making and confirming reservations for travel, tours and accommodation;"
4221,Travel consultants and clerks,0.58,Medium,"Issuing tickets, boarding passes and vouchers;"
4221,Travel consultants and clerks,0.465,Low,Helping customers in obtaining necessary travel documents such as visas;
4221,Travel consultants and clerks,0.45,Low,Verifying travel documentation and registering passengers and luggage at check-in and departure;
4221,Travel consultants and clerks,0.5,Medium,Preparing bills and receiving payments.
4222,Contact centre information clerks,0.56,Medium,"Dealing with incoming calls and messages from clients, whether to answer queries, handle calls for service or sort out complaints;"
4222,Contact centre information clerks,0.625,Medium,Identifying requirements and entering events into a computer system;
4222,Contact centre information clerks,0.52,Medium,"Dispatching tasks to other units, when relevant;"
4222,Contact centre information clerks,0.61,Medium,"Invoicing or handling payments, where necessary;"
4222,Contact centre information clerks,0.655,Medium,"Sending letters, information sheets and other documents to clients;"
4222,Contact centre information clerks,0.515,Medium,Advising clients of additional products or services.
4223,Telephone switchboard operators,0.665,Medium,"Operating switchboards and consoles to connect, hold, transfer, and disconnect telephone calls;"
4223,Telephone switchboard operators,0.535,Medium,Making connections for outgoing calls;
4223,Telephone switchboard operators,0.615,Medium,Dealing with telephone inquiries and recording messages;
4223,Telephone switchboard operators,0.581,Medium,Forwarding messages to staff or clients;
4223,Telephone switchboard operators,0.29,Low,Investigating operating system problems and informing repair services.
4224,Hotel receptionists,0.53,Medium,"Maintaining an inventory of rooms available for occupancy, reservations and room assignments;"
4224,Hotel receptionists,0.505,Medium,"Registering arriving guests, assigning rooms; verifying customer‚Äôs credit and issuing room keys;"
4224,Hotel receptionists,0.625,Medium,Providing information regarding hotel services and services available in the community;
4224,Hotel receptionists,0.545,Medium,Providing information about availability of accommodation and making room reservations;
4224,Hotel receptionists,0.3875,Low,Responding to guests‚Äô requests for housekeeping and maintenance services as well as complaints;
4224,Hotel receptionists,0.435,Low,Contacting housekeeping or maintenance services when guests report problems;
4224,Hotel receptionists,0.54,Medium,Compiling and checking guest accounts for charges using computerized or manual systems;
4224,Hotel receptionists,0.5,Medium,Receiving and forwarding messages in person or using telephone or telephone switchboard;
4224,Hotel receptionists,0.56,Medium,Reviewing statements of charges to departing guests and receiving payment.
4225,Enquiry clerks,0.56,Medium,"Answering inquiries about goods services, and policy and providing information about their availability, location, price and related issues;"
4225,Enquiry clerks,0.67,Medium,"Responding to inquiries about problems and providing advice, information and assistance;"
4225,Enquiry clerks,0.515,Medium,Recording information about inquiries and complaints;
4225,Enquiry clerks,0.47,Low,Referring complex inquiries to team leaders or expert advisers;
4225,Enquiry clerks,0.655,Medium,"Issuing relevant forms, information kits and brochures to interested parties."
4226,Receptionists (general),0.365,Low,"Receiving and welcoming visitors, guests or clients;"
4226,Receptionists (general),0.735,Medium,Making appointments for clients;
4226,Receptionists (general),0.625,Medium,Dealing with telephone requests for information or appointments;
4226,Receptionists (general),0.415,Low,Directing clients to appropriate location or person;
4226,Receptionists (general),0.685,Medium,"Supplying information pamphlets, brochures or forms."
4227,Survey and market research interviewers,0.3475,Low,Contacting individuals by telephone or in person and explaining the purpose of the interview;
4227,Survey and market research interviewers,0.675,Medium,Asking questions following the outlines of questionnaires and surveys;
4227,Survey and market research interviewers,0.69,Medium,Recording responses on paper or entering responses directly into a computer database through computer-assisted interviewing systems;
4227,Survey and market research interviewers,0.42,Low,Identifying and resolving inconsistencies in responses;
4227,Survey and market research interviewers,0.605,Medium,Providing feedback to survey sponsors concerning problems in obtaining valid data.
4229,Client information workers not elsewhere classified,0.325,Low,Interviewing patients to obtain and process information required to provide hospital services;
4229,Client information workers not elsewhere classified,0.3035,Low,Interviewing applicants for public assistance to gather information pertinent to their application;
4229,Client information workers not elsewhere classified,0.6,Medium,Verifying the accuracy of information provided;
4229,Client information workers not elsewhere classified,0.38,Low,"Initiating procedures to grant, modify, deny or terminate assistance;"
4229,Client information workers not elsewhere classified,0.565,Medium,Providing information and answering questions concerning benefits and claims procedures;
4229,Client information workers not elsewhere classified,0.32,Low,Referring patients or applicants to other organizations if they are ineligible for services.
4311,Accounting and bookkeeping clerks,0.53,Medium,"Checking figures, postings and documents for correct entry, mathematical accuracy and proper codes;"
4311,Accounting and bookkeeping clerks,0.7,Medium,"Operating computers programmed with accounting software to record, store and analyse information;"
4311,Accounting and bookkeeping clerks,0.62,Medium,"Classifying, recording and summarizing numerical and financial data to compile and keep financial records, using journals and ledgers or computers;"
4311,Accounting and bookkeeping clerks,0.71,Medium,"Calculating, preparing and issuing bills, invoices, account statements and other financial statements according to established procedures."
4311,Accounting and bookkeeping clerks,0.64,Medium,"Compiling statistical, financial, accounting or auditing reports and tables pertaining to such matters as cash receipts, expenditures, accounts payable and receivable, and profits and losses."
4312,"Statistical, finance and insurance clerks",0.665,Medium,"Processing insurance enrolments, cancellations, claims transactions, policy changes and payments;"
4312,"Statistical, finance and insurance clerks",0.645,Medium,Obtaining and compiling statistical or actuarial data based on routine or special sources of information;
4312,"Statistical, finance and insurance clerks",0.65,Medium,"Calculating totals, averages, percentages and other details and presenting them in the required tabular form;"
4312,"Statistical, finance and insurance clerks",0.6,Medium,"Preparing financial documents, and calculating interest or brokerage charges and stamp duties payable;"
4312,"Statistical, finance and insurance clerks",0.6375,Medium,"Maintaining records of bonds, shares and other securities bought or sold on behalf of clients or employer."
4313,Payroll clerks,0.665,Medium,"Maintaining records of employee attendance, leave and overtime to calculate pay and benefit entitlements, using manual or computerized systems;"
4313,Payroll clerks,0.5825,Medium,"Preparing and verifying statements of earnings for employees, indicating gross and net salaries and deductions such as taxes, union dues, garnishments and insurance and pension plans;"
4313,Payroll clerks,0.5775,Medium,Preparing employee payments and benefit payments by cheque or electronic transfer;
4313,Payroll clerks,0.5075,Medium,"Reviewing time sheets, work charts, wage computation and other information to detect and reconcile payroll discrepancies;"
4313,Payroll clerks,0.7,Medium,"Verifying attendance, hours worked and pay adjustments, and posting information onto designated records."
4321,Stock clerks,0.385,Low,Arranging and controlling receipt and dispatch of goods and keeping relevant records;
4321,Stock clerks,0.4325,Low,"Maintaining stock records, verifying issue of goods, estimating needs and making requisitions of new stocks;"
4321,Stock clerks,0.385,Low,"Receiving, storing and issuing tools, spare parts, or various equipment and maintaining relevant records;"
4321,Stock clerks,0.265,Low,"Weighing goods received or produced, or for issue or dispatch and maintaining relevant records;"
4321,Stock clerks,0.3775,Low,Compiling inventories of furniture and other items received for storage;
4322,Production clerks,0.385,Low,"Computing quantities, qualities and types of materials required by production programme;"
4322,Production clerks,0.4625,Low,"Preparing production requirements schedules, ensuring that materials are available when needed, and keeping relevant records;"
4322,Production clerks,0.535,Medium,Preparing or assisting in the preparation of production operation schedules on the basis of customers' orders and production capacity and performance;
4322,Production clerks,0.4,Low,"Verifying stocks, arranging deliveries and investigating delays;"
4322,Production clerks,0.395,Low,Recording and coordinating the flow of work and materials between departments.
4323,Transport clerks,0.5,Medium,Keeping records of operational aspects and coordinating the timing of passenger and freight transport;
4323,Transport clerks,0.415,Low,Directing train routings within a division or zone of a railway system and keeping related records;
4323,Transport clerks,0.345,Low,"Directing, controlling and keeping records of freight handling at a railway yard;"
4323,Transport clerks,0.585,Medium,"Coordinating and keeping records of operational activities concerning road transport, such as allocation and scheduling of vehicles and drivers, loading and unloading of vehicles and storage of goods in transit;"
4323,Transport clerks,0.55,Medium,"Coordinating and keeping records of operational activities concerning air transport of passengers and freight, such as passenger lists and freight manifests;"
4323,Transport clerks,0.575,Medium,Preparing reports for management.
4411,Library clerks,0.4125,Low,Issuing and receiving library books and other materials;
4411,Library clerks,0.165,Very Low,Placing books and other library materials on shelves;
4411,Library clerks,0.6,Medium,"Performing clerical activities such as manual and electronic filing, word processing and occasional typing;"
4411,Library clerks,0.665,Medium,Maintaining journal subscriptions;
4411,Library clerks,0.4,Low,Assisting library users in accessing basic library materials and making interlibrary loans;
4411,Library clerks,0.52,Medium,"Maintaining library records relating to the acquisition, issue and return of books and other materials."
4412,Mail carriers and sorting clerks,0.305,Low,Performing mail-handling duties in public post offices or privately owned delivery establishments;
4412,Mail carriers and sorting clerks,0.25,Low,Sorting and delivering mail to private houses and businesses;
4412,Mail carriers and sorting clerks,0.565,Medium,Providing delivery confirmation records when requested by the client;
4412,Mail carriers and sorting clerks,0.51,Medium,Sorting and keeping simple records of incoming and outgoing correspondence and dispatching outgoing mail in various establishments;
4413,"Coding, proof-reading and related clerks",0.6975,Medium,Converting information into codes and classifying information by codes for data-processing purposes;
4413,"Coding, proof-reading and related clerks",0.675,Medium,"Comparing proofs of texts and related material prepared for printing with original material, correcting errors and marking texts for printer according to the established rules;"
4413,"Coding, proof-reading and related clerks",0.35,Low,Sorting forms and marking them with identification numbers;
4413,"Coding, proof-reading and related clerks",0.6,Medium,Sorting documents for filing or to collate sets of pages;
4413,"Coding, proof-reading and related clerks",0.25,Low,Addressing circulars and envelopes by hand.
4414,Scribes and related workers,0.56,Medium,Reading letters and other written matter to persons who are unable to read or write and providing necessary interpretation and information;
4414,Scribes and related workers,0.67,Medium,Writing letters and completing forms on behalf of others;
4414,Scribes and related workers,0.52,Medium,Offering advice to individuals and interpreting and helping with the completion of government and other official forms.
4415,Filing and copying clerks,0.43,Low,"Sorting or classifying materials according to guidelines such as content, purpose, user criteria, or chronological, alphabetical, or numerical order;"
4415,Filing and copying clerks,0.2525,Low,"Filing material in drawers, cabinets and storage boxes;"
4415,Filing and copying clerks,0.3905,Low,Locating and remove materials from files when requested;
4415,Filing and copying clerks,0.6,Medium,Keeping records of materials filed and removed;
4415,Filing and copying clerks,0.17,Very Low,"Photocopying, scanning or faxing documents."
4416,Personnel clerks,0.635,Medium,"Updating information on, employment history, salaries, performance evaluations, qualifications and training and leave taken and accumulated;"
4416,Personnel clerks,0.615,Medium,Initiating records for newly appointed workers and checking records for completeness;
4416,Personnel clerks,0.4425,Low,Processing applications for employment and promotions and advising applicants of results;
4416,Personnel clerks,0.525,Medium,Receiving and answering inquiries about employment entitlements and conditions;
4416,Personnel clerks,0.6825,Medium,Sending out job applications and announcements of job openings and job examinations;
4416,Personnel clerks,0.66,Medium,"Maintaining and updating manual and computerized filing and registration systems, and compiling and preparing reports and documents relating to personnel activities;"
4416,Personnel clerks,0.675,Medium,Storing and retrieving personnel records and files on request.
4419,Clerical support workers not elsewhere classified,0.6665,Medium,"Receiving customers' orders for classified advertising, writing and editing copy, calculating advertising rates and billing customers;"
4419,Clerical support workers not elsewhere classified,0.62,Medium,"Writing business and government correspondence such as replies to requests for information and assistance, damage claims, credit and billing enquiries and service complaints;"
4419,Clerical support workers not elsewhere classified,0.61,Medium,"Assisting in the preparation of periodicals, advertisements, catalogues, directories and other material for publication;"
4419,Clerical support workers not elsewhere classified,0.615,Medium,"Reading newspapers, magazines, press releases and other publications to locate and file articles of interest to staff and clients."
5111,Travel attendants and travel stewards,0.265,Low,"Greeting passengers entering aircraft or ships, checking tickets or boarding passes, and directing them to their seats or berths;"
5111,Travel attendants and travel stewards,0.225,Very Low,"Announcing, explaining and demonstrating safety and emergency procedures, such as the use of oxygen masks, seat belts, and life jackets;"
5111,Travel attendants and travel stewards,0.165,Very Low,Assembling and serving pre-prepared meals and  beverages;
5111,Travel attendants and travel stewards,0.3875,Low,Selling duty-free and other goods;
5111,Travel attendants and travel stewards,0.15,Very Low,"Taking care of general needs and comfort of passengers, answering inquiries, and keeping cabins clean and tidy;"
5111,Travel attendants and travel stewards,0.2175,Very Low,"Directing and assisting passengers and following prescribed procedures in the event of an emergency, such as evacuating an aircraft following an emergency landing;"
5111,Travel attendants and travel stewards,0.09,Very Low,Verifying that first aid kits and other emergency equipment are in working order;
5111,Travel attendants and travel stewards,0.085,Very Low,Administering first aid to passengers in distress;
5111,Travel attendants and travel stewards,0.405,Low,"Attending pre-flight briefings concerning weather, altitudes, routes, emergency procedures, crew coordination, lengths of flights, food and beverage services offered, and numbers of passengers;"
5111,Travel attendants and travel stewards,0.2,Very Low,Preparing passengers and aircraft for take-off and landing;
5111,Travel attendants and travel stewards,0.1775,Very Low,"Determining special assistance needs of passengers such as small children, the elderly, or disabled persons."
5112,Transport conductors,0.4625,Low,"Collecting and issuing tickets, passes or fares, and checking the validity of tickets issued previously;"
5112,Transport conductors,0.175,Very Low,Attending to sleeping-cars and their occupants on passenger trains;
5112,Transport conductors,0.135,Very Low,"Providing assistance with boarding, seating and luggage as required, especially to elderly, sick, or injured people;"
5112,Transport conductors,0.0925,Very Low,Opening and closing doors for passengers;
5112,Transport conductors,0.2,Very Low,Performing equipment safety checks prior to departure;
5112,Transport conductors,0.175,Very Low,Signalling to drivers to stop or proceed;
5112,Transport conductors,0.29,Low,"Greeting passengers boarding transportation equipment, and announcing routes and stops."
5112,Transport conductors,0.23,Very Low,Ensuring that safety regulations are respected;
5112,Transport conductors,0.615,Medium,Responding to passengers requests and complaints and providing information about stops and connections;
5112,Transport conductors,0.1175,Very Low,Taking appropriate action in case of emergencies or accidents.
5113,Travel guides,0.29,Low,Escorting and guiding tourists on cruises and sightseeing tours;
5113,Travel guides,0.305,Low,"Escorting visitors through places of interest such as museums, exhibitions, theme parks, factories and other industrial establishments;"
5113,Travel guides,0.485,Low,Describing and providing information on points of interest and exhibits and responding to questions;
5113,Travel guides,0.26,Low,Conducting educational activities for school children;
5113,Travel guides,0.285,Low,Monitoring visitors' activities to ensure compliance with establishment or tour regulations and safety practices;
5113,Travel guides,0.435,Low,"Greeting and registering visitors and tour participants, and issuing any required identification badges or safety devices;"
5113,Travel guides,0.305,Low,"Distributing brochures, showing audiovisual presentations, and explaining procedures and operations at tour sites;"
5113,Travel guides,0.12,Very Low,"Providing for physical safety of groups, and performing activities such as providing first aid and directing emergency evacuations;"
5113,Travel guides,0.385,Low,"Resolving any problems with tour itineraries, service, or accommodation."
5120,Cooks,0.1875,Very Low,"Planning meals, preparing and cooking foodstuffs;"
5120,Cooks,0.2875,Low,"Planning, supervising and coordinating the work of kitchen helpers;"
5120,Cooks,0.1725,Very Low,Checking the quality of food;
5120,Cooks,0.135,Very Low,"Weighing, measuring and mixing ingredients according to recipes and personal judgement;"
5120,Cooks,0.25,Low,"Regulating the temperature of ovens, grills, roasters and other cooking equipment"
5120,Cooks,0.154,Very Low,"Inspecting and cleaning the kitchen, kitchen equipment and serving areas, to ensure safe and sanitary food handling practices;"
5120,Cooks,0.1015,Very Low,"Operating large-volume cooking equipment such as grills, deep-fat fryers or griddles."
5131,Waiters,0.135,Very Low,"Setting tables with clean linen, cutlery, crockery and glassware;"
5131,Waiters,0.33,Low,Greeting customers and presenting them with menus and beverage lists;
5131,Waiters,0.33,Low,Advising on food and beverage choices;
5131,Waiters,0.405,Low,Taking orders for food and drinks and passing order to kitchen or bar staff;
5131,Waiters,0.17,Very Low,Serving food and beverages to clients at tables;
5131,Waiters,0.08,Very Low,Clearing tables and returning dishes and cutlery to kitchen;
5131,Waiters,0.515,Medium,"Presenting bills, accepting payment and operating point of sales machines and cash registers."
5132,Bartenders,0.465,Low,Taking beverage orders from serving staff or directly from patrons;
5132,Bartenders,0.265,Low,Preparing and serving alcoholic and non-alcoholic drinks at a bar;
5132,Bartenders,0.1225,Very Low,"Washing used glassware, cleaning and maintaining bar service areas, tea and coffee-making areas and equipment such as espresso machines;"
5132,Bartenders,0.4125,Low,"Collecting payment for sales, operating cash registers and balancing cash receipts;"
5132,Bartenders,0.1025,Very Low,Tapping kegs and attaching supply lines;
5132,Bartenders,0.24,Very Low,Assisting in keeping bar properly stocked and arranging bottles and glasses;
5132,Bartenders,0.3675,Low,Checking identification of customers to verify age requirements for purchase of alcohol;
5132,Bartenders,0.24,Very Low,"Taking steps to limit problems related to excessive drinking such, as persuading customers to stop drinking, declining further service and ordering transportation;"
5132,Bartenders,0.16,Very Low,Mixing ingredients to prepare cocktails and other drinks;
5132,Bartenders,0.235,Very Low,Serving snacks or other food items to customers at the bar.
5141,Hairdressers,0.0825,Very Low,"Cutting, washing, tinting and waving hair;"
5141,Hairdressers,0.0675,Very Low,Shaving or trimming beards and moustaches;
5141,Hairdressers,0.0675,Very Low,Giving scalp treatment;
5141,Hairdressers,0.12,Very Low,Fitting wigs according to customers‚Äô requirements;
5141,Hairdressers,0.22,Very Low,"Providing advice on hair care, beauty products and hairstyles;"
5141,Hairdressers,0.1125,Very Low,Styling hair into dreadlocks and braids and adding hair extensions;
5141,Hairdressers,0.6,Medium,Arranging appointments and collecting payments;
5141,Hairdressers,0.115,Very Low,Cleaning work areas and sanitizing instruments.
5142,Beauticians and related workers,0.09,Very Low,"Cleaning and applying creams, lotions and related products to face and other parts of the body;"
5142,Beauticians and related workers,0.075,Very Low,Giving facial and body massage;
5142,Beauticians and related workers,0.105,Very Low,Applying make-up to clients of a beauty parlour or to actors and other performers;
5142,Beauticians and related workers,0.0775,Very Low,"Cleaning, shaping and polishing finger- and toe-nails and treating ailments of the human foot such as corns, calluses or deformed toe-nails;"
5142,Beauticians and related workers,0.0825,Very Low,Attending to clients taking baths and administering elementary massage;
5142,Beauticians and related workers,0.07,Very Low,"Using waxing, sugaring and depilation techniques to remove unwanted bodily hair;"
5142,Beauticians and related workers,0.4275,Low,Advising clients on diet and exercise to assist in weight loss and slimming;
5142,Beauticians and related workers,0.5375,Medium,Arranging appointments and collecting payments.
5151,"Cleaning and housekeeping supervisors in offices, hotels and other establishments",0.2425,Very Low,"Engaging, training, discharging, organizing and supervising helpers, cleaners and other housekeeping staff;"
5151,"Cleaning and housekeeping supervisors in offices, hotels and other establishments",0.36,Low,Purchasing or controlling the purchase of supplies;
5151,"Cleaning and housekeeping supervisors in offices, hotels and other establishments",0.3575,Low,Controlling storage and issue of supplies;
5151,"Cleaning and housekeeping supervisors in offices, hotels and other establishments",0.251,Low,Supervising general welfare and conduct of individuals in institutions;
5151,"Cleaning and housekeeping supervisors in offices, hotels and other establishments",0.1,Very Low,"Sweeping or vacuum-cleaning, washing and polishing floors, furniture and other fixtures;"
5151,"Cleaning and housekeeping supervisors in offices, hotels and other establishments",0.135,Very Low,"Making beds, cleaning bathrooms and supplying towels, soap and related items;"
5151,"Cleaning and housekeeping supervisors in offices, hotels and other establishments",0.13,Very Low,"Cleaning kitchens and generally helping with kitchen work, including dishwashing;"
5151,"Cleaning and housekeeping supervisors in offices, hotels and other establishments",0.185,Very Low,Restocking mini-bars and replenishing items such as drinking glasses and writing equipment.
5152,Domestic housekeepers,0.27,Low,Supervising workers employed in households as domestic staff;
5152,Domestic housekeepers,0.3725,Low,Purchasing or controlling the purchase of supplies;
5152,Domestic housekeepers,0.285,Low,Controlling storage and issue of supplies;
5152,Domestic housekeepers,0.095,Very Low,"Assisting in cases of minor injury or illness by performing tasks such as taking temperature, giving medicine, putting on bandages;"
5152,Domestic housekeepers,0.0925,Very Low,"Sweeping or vacuum-cleaning, washing and polishing floors, furniture and other fixtures."
5152,Domestic housekeepers,0.1375,Very Low,"Making beds, cleaning bathrooms, supplying towels, soap and related items;"
5152,Domestic housekeepers,0.285,Low,"Taking care of household pets and plants, receiving visitors, answering telephones, delivering messages and shopping for groceries;"
5152,Domestic housekeepers,0.1375,Very Low,"Preparing and cooking meals, setting and clearing tables and serving food and beverages."
5152,Domestic housekeepers,0.12,Very Low,"Cleaning kitchens and generally helping with kitchen work, including dishwashing."
5153,Building caretakers,0.2175,Very Low,"Supervising the work of cleaning, housekeeping and building maintenance staff and contractors;"
5153,Building caretakers,0.0925,Very Low,"Participating in cleaning, simple repairs and maintenance of building interiors;"
5153,Building caretakers,0.2,Very Low,Tending furnaces and boilers to ensure provision of heat and hot water;
5153,Building caretakers,0.195,Very Low,Regulating conduct of tenants and visitors in such matters as noise abatement or misuse of property;
5153,Building caretakers,0.405,Low,Providing small services to absent tenants such as accepting deliveries on their behalf or providing requested information to callers;
5153,Building caretakers,0.29,Low,Notifying management and owners of buildings of the need for major repairs;
5153,Building caretakers,0.155,Very Low,Patrolling buildings to ensure security is maintained;
5153,Building caretakers,0.575,Medium,Filling out registration forms and providing tenants with copies of rules.
5161,"Astrologers, fortune-tellers and related workers",0.235,Very Low,Casting horoscopes of individuals at birth or later to recount past and forecast future events and conditions of their lives;
5161,"Astrologers, fortune-tellers and related workers",0.15,Very Low,"Interpreting characteristics of clients‚Äô palms, samples of playing cards, position of tea leaves or coffee remnants in a cup, shapes and patterns of bones of dead animals, etc.;"
5161,"Astrologers, fortune-tellers and related workers",0.585,Medium,Forecasting future events on the basis of these interpretations;
5161,"Astrologers, fortune-tellers and related workers",0.25,Low,"Determining auspicious times for various human activities such as inaugurations, marriages, journeys and religious and other ceremonies;"
5161,"Astrologers, fortune-tellers and related workers",0.385,Low,Giving warnings and advice on possible courses of action;
5161,"Astrologers, fortune-tellers and related workers",0.175,Very Low,Advising individuals on precautions to be taken to avoid evil influences.
5162,Companions and valets,0.1725,Very Low,"Providing companionship to employer by accompanying him/her to various places, reading, conversing and participating in activities such as sports;"
5162,Companions and valets,0.265,Low,Assisting in entertaining visitors in employer's home;
5162,Companions and valets,0.216,Very Low,Keeping wardrobe and personal effects of the employer in good order.
5163,Undertakers and embalmers,0.3305,Low,"Making arrangements for, and conducting, funerals, cremations and burials;"
5163,Undertakers and embalmers,0.055,Very Low,Embalming human bodies to retard or arrest the process of decay;
5163,Undertakers and embalmers,0.05,Very Low,Conforming to health and sanitation and ensuring that legal requirements concerning embalming are met;
5163,Undertakers and embalmers,0.0635,Very Low,Incising and closing incisions on various parts of the body and reshaping or reconstructing disfigured or maimed bodies when necessary;
5163,Undertakers and embalmers,0.0575,Very Low,Dressing bodies and placing them in caskets;
5163,Undertakers and embalmers,0.4425,Low,"Conducting interviews to arrange for preparation of obituary notices, to assist with the selection of caskets or urns, and to determine the location and time of burials or cremations."
5164,Pet groomers and animal care workers,0.114,Very Low,Bathing and feeding animals;
5164,Pet groomers and animal care workers,0.145,Very Low,Leading or carrying animals to treatment room and holding them during treatment;
5164,Pet groomers and animal care workers,0.1,Very Low,Cleaning and sterilising veterinary surgical instruments;
5164,Pet groomers and animal care workers,0.2525,Low,"Labelling drugs, chemicals and other pharmaceutical preparations and replenishing stock;"
5164,Pet groomers and animal care workers,0.165,Very Low,"Sterilising bottles, beakers and other equipment;"
5164,Pet groomers and animal care workers,0.0775,Very Low,"Cleaning, organizing, and disinfecting animal quarters such as pens, stables, cages and yards, and animal equipment such as saddles and bridles;"
5164,Pet groomers and animal care workers,0.165,Very Low,"Collecting and recording animal information such as weight, size, physical condition, treatments received, medications given and food intake;"
5164,Pet groomers and animal care workers,0.17,Very Low,"Training animals to develop and maintain desired behaviours for competition, entertainment, obedience, security, riding and other activities;"
5164,Pet groomers and animal care workers,0.0775,Very Low,"Grooming animals by performing tasks such as washing, brushing, clipping, and trimming coats, cutting nails and cleaning ears."
5165,Driving instructors,0.17,Very Low,"Instructing students under actual driving conditions, and explaining and demonstrating the operation of brakes, clutch, gear selection, automatic transmission, signals and lights;"
5165,Driving instructors,0.235,Very Low,Teaching road traffic regulations;
5165,Driving instructors,0.245,Very Low,Teaching road craft and road safety;
5165,Driving instructors,0.215,Very Low,Advising students when they are ready to undergo driving examination;
5165,Driving instructors,0.205,Very Low,Advising on and teaching advanced driving techniques required for emergency situations;
5165,Driving instructors,0.16,Very Low,Illustrating and explaining handling and mechanical operation of motor vehicles and driving techniques using blackboard diagrams and audiovisual aids.
5169,Personal services workers not elsewhere classified,0.245,Very Low,Accompanying clients to restaurants and other outings;
5169,Personal services workers not elsewhere classified,0.13,Very Low,Acting as a dancing partner;
5169,Personal services workers not elsewhere classified,0.265,Low,Welcoming clients to a night-club and ensuring that they are entertained well.
5211,Stall and market salespersons,0.2125,Very Low,"Obtaining permission to set up a stand at a particular place in streets, markets or other open spaces;"
5211,Stall and market salespersons,0.45,Low,"Determining product mix, stock and price levels for goods to be sold;"
5211,Stall and market salespersons,0.425,Low,Buying or contracting a regular supply of goods to be sold from wholesale suppliers or directly from producers;
5211,Stall and market salespersons,0.165,Very Low,"Erecting and dismantling stalls and stands, and transporting, storing, loading and unloading goods for sale;"
5211,Stall and market salespersons,0.43,Low,Demonstrating and selling goods and accepting payment;
5211,Stall and market salespersons,0.165,Very Low,"Stacking and displaying goods for sale, and wrapping and packing goods sold;"
5211,Stall and market salespersons,0.6,Medium,Keeping accounts and maintaining a record of stock levels.
5212,Street food salespersons,0.305,Low,"Obtaining permission or a licence, where required, to sell food and drinks on the street or in a public place;"
5212,Street food salespersons,0.1425,Very Low,Obtaining food and drinks for sale;
5212,Street food salespersons,0.215,Very Low,"Preparing, either beforehand or on the spot, food and drinks for sale;"
5212,Street food salespersons,0.0975,Very Low,"Loading and unloading, pushing, pedalling or carrying handcarts, trucks, trays or baskets to bring food and drinks to the desired place in the street, or to public places such as stations or cinemas;"
5212,Street food salespersons,0.3625,Low,Displaying and selling food and drinks and accepting payment.
5221,Shop keepers,0.45,Low,"Determining product mix, stock and price levels for goods to be sold;"
5221,Shop keepers,0.49,Low,"Purchasing and ordering goods for sale from markets, wholesalers and other suppliers;"
5221,Shop keepers,0.59,Medium,Budgeting and maintaining records of stock levels and financial transactions;
5221,Shop keepers,0.39,Low,Determining prices and displaying goods for sale;
5221,Shop keepers,0.4525,Low,Selling goods to customers and advising them on product use;
5221,Shop keepers,0.29,Low,Examining returned goods and deciding on appropriate action;
5221,Shop keepers,0.3525,Low,Taking inventory of goods in stock.
5222,Shop supervisors,0.525,Medium,Planning and preparing work schedules and assigning staff to specific duties;
5222,Shop supervisors,0.365,Low,"Instructing staff on sales procedures, including how to handle difficult or complex cases;"
5222,Shop supervisors,0.515,Medium,Ensuring that customers receive prompt service;
5222,Shop supervisors,0.3075,Low,"Participating in and providing advice to managers on interviewing, hiring, training, evaluating, promoting and dismissing staff, and resolving staff grievances;"
5222,Shop supervisors,0.27,Low,Examining returned goods and deciding on appropriate action;
5222,Shop supervisors,0.33,Low,Taking inventory of goods for sale and ordering new stock;
5222,Shop supervisors,0.4125,Low,Ensuring that goods and services are correctly priced and displayed;
5222,Shop supervisors,0.1575,Very Low,Ensuring that safety procedures are enforced.
5223,Shop sales assistants,0.47,Low,"Determining customer requirements and advising on product range, price, delivery, warranties and product use and care;"
5223,Shop sales assistants,0.45,Low,Demonstrating and explaining to customers the establishment's goods and services;
5223,Shop sales assistants,0.55,Medium,"Selling goods and services, accepting payment by a variety of payment methods, preparing sales invoices and recording sales using cash registers;"
5223,Shop sales assistants,0.295,Low,Assisting with the ongoing management of stock such as product inventories and participating in stock takes;
5223,Shop sales assistants,0.1575,Very Low,"Stacking and displaying goods for sale, and wrapping and packing goods sold."
5230,Cashiers and ticket clerks,0.4125,Low,"Receiving and verifying payment by cash, cheque, credit card or automatic debit in stores, ticket offices or similar establishments;"
5230,Cashiers and ticket clerks,0.33,Low,Giving change and issuing receipts;
5230,Cashiers and ticket clerks,0.615,Medium,Issuing tickets for attendance at sporting and cultural events;
5230,Cashiers and ticket clerks,0.45,Low,Counting and recording money received or paid out and balancing against cash register sales records;
5230,Cashiers and ticket clerks,0.42,Low,"Receiving incoming cash, checking it against sales slips and other documents, and preparing it for deposit at financial institute;"
5230,Cashiers and ticket clerks,0.5,Medium,Operating cash register to calculate total to be paid from or to clients;
5230,Cashiers and ticket clerks,0.2575,Low,"Scanning, weighing and recording prices of goods;"
5230,Cashiers and ticket clerks,0.17,Very Low,Wrapping and placing merchandise in bags.
5241,Fashion and other models,0.23,Very Low,Dressing in sample apparel of new or current styles or of type wanted by customer;
5241,Fashion and other models,0.245,Very Low,"Walking, turning and posing to demonstrate, to best advantage, style and characteristics of garments, fashion accessories and other merchandise;"
5241,Fashion and other models,0.165,Very Low,"Posing as subject for sculpture, painting and other types of visual art;"
5241,Fashion and other models,0.3,Low,Posing for still photography for magazines and other advertising media;
5241,Fashion and other models,0.3,Low,"Posing for television, video and cinema commercials and other productions."
5242,Sales demonstrators,0.435,Low,"Setting up displays and demonstrating articles for sale to inform customers about their characteristics and mode of use, as well as to stimulate buying interest;"
5242,Sales demonstrators,0.42,Low,Answering questions and offering advice on the use of goods;
5242,Sales demonstrators,0.4675,Low,Selling goods or directing customers to sales staff;
5242,Sales demonstrators,0.535,Medium,"Taking orders and making arrangements for payment, delivery and collection of goods;"
5242,Sales demonstrators,0.23,Very Low,Offering sample goods and distributing catalogues and advertising material.
5243,Door to door salespersons,0.465,Low,Giving details of various goods or services and of terms of sale by visiting clients and potential clients in private homes;
5243,Door to door salespersons,0.5525,Medium,Demonstrating or describing goods or services on offer;
5243,Door to door salespersons,0.585,Medium,Recording orders and transactions and placing orders received with suppliers;
5243,Door to door salespersons,0.585,Medium,Preparing invoices and sales contracts and accepting payment;
5243,Door to door salespersons,0.25,Low,"Distributing letters, information sheets and other documents to clients;"
5243,Door to door salespersons,0.62,Medium,Compiling lists of prospective clients and calling on them to obtain new business;
5243,Door to door salespersons,0.1525,Very Low,Travelling between sales areas and clients and transporting samples or goods for sale.
5244,Contact centre salespersons,0.625,Medium,"Promoting goods and services by telephone or electronic mail, following scripts and working from lists of contacts;"
5244,Contact centre salespersons,0.55,Medium,"Creating interest in goods and services, and seeking a sale or agreement to see sales representatives;"
5244,Contact centre salespersons,0.5625,Medium,"Arranging processing and despatch of goods and services, information kits and brochures to customers;"
5244,Contact centre salespersons,0.7625,High,Arranging appointments for sales representatives;
5244,Contact centre salespersons,0.59,Medium,Recording notes for follow-up action and updating marketing databases to reflect changes to the status of each customer;
5244,Contact centre salespersons,0.4375,Low,Reporting competitor activities and issues raised by contacts for attention by managers;
5244,Contact centre salespersons,0.715,Medium,Maintaining statistics of calls made and successes achieved;
5244,Contact centre salespersons,0.65,Medium,Submitting periodic reports on telemarketing activities and results.
5245,Service station attendants,0.2175,Very Low,Filling fuel tanks and containers to level specified by customer;
5245,Service station attendants,0.1425,Very Low,"Checking and replenishing air pressure in vehicle tyres, and oil and other vehicle fluid levels;"
5245,Service station attendants,0.1,Very Low,Washing vehicle windscreens and windows;
5245,Service station attendants,0.1675,Very Low,"Performing minor repair work to vehicles such as replacing tyres, light bulbs and windscreen wiper blades;"
5245,Service station attendants,0.18,Very Low,Maintaining and operating automatic car wash facilities;
5245,Service station attendants,0.415,Low,Collecting payments from customers for purchases;
5245,Service station attendants,0.1375,Very Low,"Cleaning petrol pumps and surrounding driveway, shop and facilities;"
5245,Service station attendants,0.565,Medium,"Undertaking stock control and preparing reports on fuel, oil, accessories and other items sold."
5246,Food service counter attendants,0.29,Low,Serving food to customers at counters;
5246,Food service counter attendants,0.46,Low,"Ascertaining the products desired by the customer, assisting them in making  choices and taking orders;"
5246,Food service counter attendants,0.135,Very Low,"Cleaning, peeling, slicing and trimming foodstuffs using manual and electric appliances;"
5246,Food service counter attendants,0.135,Very Low,Preparing simple food items and reheating prepared meals;
5246,Food service counter attendants,0.14,Very Low,Portioning and wrapping food or placing it directly on plates for service to patrons;
5246,Food service counter attendants,0.165,Very Low,Packaging takeaway food;
5246,Food service counter attendants,0.165,Very Low,"Stocking refrigerators, salad, buffet bars and keeping records of the quantities of food used;"
5246,Food service counter attendants,0.415,Low,Receiving payment for food items purchased.
5311,Child care workers,0.12,Very Low,"Assisting children to wash, dress and feed themselves;"
5311,Child care workers,0.1625,Very Low,Taking children to and from school or outdoors for recreation;
5311,Child care workers,0.18,Very Low,"Playing games with children, or entertaining them by reading or storytelling;"
5311,Child care workers,0.245,Very Low,Assisting in the preparation of materials and equipment for children's education and recreational activities;
5311,Child care workers,0.139,Very Low,Managing children's behaviour and guiding their social development;
5311,Child care workers,0.1425,Very Low,"Disciplining children and recommending or initiating other measures to control behaviour, such as caring for own clothing and picking up toys and books;"
5311,Child care workers,0.135,Very Low,Observing and monitoring children's play activities;
5311,Child care workers,0.4,Low,"Keeping records on individual children, including daily observations and information about activities, meals served, and medications administered."
5312,Teachers' aides,0.18,Very Low,"Demonstrating, supervising and participating in activities that enhance the physical, social, emotional and intellectual development of children in schools and pre-schools;"
5312,Teachers' aides,0.165,Very Low,Preparing indoor and outdoor areas for learning and recreational activities;
5312,Teachers' aides,0.15,Very Low,"Assisting children with intellectual, physical, behavioural and other learning difficulties with their studies;"
5312,Teachers' aides,0.1425,Very Low,Assisting children individually to learn social skills;
5312,Teachers' aides,0.535,Medium,"Assisting with preparing teaching materials, and copying and collating written and printed material;"
5312,Teachers' aides,0.315,Low,"Operating audio-visual equipment, computers and other teaching aides;"
5312,Teachers' aides,0.2,Very Low,Distributing and collecting lesson material.
5321,Health care assistants,0.1725,Very Low,"Providing care, support and treatment to patients and residents of medical, rehabilitative and residential care facilities according to treatment plans established by medical, nursing and other health professionals;"
5321,Health care assistants,0.12,Very Low,"Assisting patients with personal and therapeutic care needs such as personal hygiene, feeding, dressing, physical mobility and exercise, communication, taking oral medications and changing dressings;"
5321,Health care assistants,0.095,Very Low,"Positioning, lifting and turning patients and transporting them in wheelchairs or on movable beds;"
5321,Health care assistants,0.1025,Very Low,"Maintaining patients' environmental hygiene standards, such as cleaning patient rooms and changing bed linen;"
5321,Health care assistants,0.115,Very Low,"Providing massage and other non-pharmacological pain relief measures, such as during pregnancy and labour;"
5321,Health care assistants,0.24,Very Low,"Observing patients‚Äô condition, responses and behaviour and reporting changes to a health professional."
5322,Home-based personal care workers,0.101,Very Low,"Assisting clients with personal and therapeutic care needs such as personal hygiene, feeding, dressing, physical mobility and exercise, communication, taking oral medications and changing dressings, usually as per care plans established by a health professional"
5322,Home-based personal care workers,0.465,Low,"Maintaining records of client care, changes in condition and responses to care and treatment, and reporting concerns or providing referrals to a health or social services professional;"
5322,Home-based personal care workers,0.075,Very Low,"Positioning and lifting clients with physical mobility challenges, and helping transport them in wheelchairs and motor vehicles;"
5322,Home-based personal care workers,0.255,Low,"Providing clients and families with emotional support and information and advice on topics such as nutrition, hygiene, exercise, caring for infants or adapting to disability or illness;"
5322,Home-based personal care workers,0.105,Very Low,"Maintaining clients' environmental hygiene standards, such as changing bed linen, washing clothes and dishes, and cleaning living quarters;"
5322,Home-based personal care workers,0.265,Low,Providing psychological support to clients such as through conversation or reading aloud;
5322,Home-based personal care workers,0.2075,Very Low,"Planning, purchasing, preparing, or serving meals to meet nutritional requirements and prescribed diets;"
5322,Home-based personal care workers,0.145,Very Low,Providing support to parents and care for newborns during the postpartum period
5322,Home-based personal care workers,0.6,Medium,Scheduling and accompanying clients for appointments with medical doctors and other health professionals or performing other errands.
5329,Personal care workers in health services not elsewhere classified,0.125,Very Low,"Cleaning and sterilizing surgical, dental and pharmaceutical instruments, bottles, beakers and other equipment;"
5329,Personal care workers in health services not elsewhere classified,0.2125,Very Low,"Labelling drugs, chemicals and other pharmaceutical preparations and replenishing stock on shelves;"
5329,Personal care workers in health services not elsewhere classified,0.14,Very Low,"Lifting, turning and moving patients and transporting them in wheelchairs or on moveable beds;"
5329,Personal care workers in health services not elsewhere classified,0.145,Very Low,Preparing patients for examination or treatment;
5329,Personal care workers in health services not elsewhere classified,0.135,Very Low,"Setting  up instrument trays, preparing materials, and assisting dentists or radiographers during procedures;"
5329,Personal care workers in health services not elsewhere classified,0.145,Very Low,Exposing diagnostic X-rays.
5411,Fire-fighters,0.15,Very Low,"Responding to fire alarms and other calls for assistance, such as automobile and industrial accidents, bomb threats and other emergencies;"
5411,Fire-fighters,0.1375,Very Low,Controlling and extinguishing fires using manual and power equipment and fire-fighting chemicals;
5411,Fire-fighters,0.135,Very Low,Fighting special types of fires and using special equipment in industrial establishments;
5411,Fire-fighters,0.085,Very Low,Rescuing people from burning buildings and accident sites and those trapped in dangerous situations;
5411,Fire-fighters,0.2325,Very Low,Preventing or limiting the spread of dangerous substances in case of fires or accidents;
5411,Fire-fighters,0.36,Low,Informing the public about fire prevention.
5412,Police officers,0.12,Very Low,"Patrolling a specific area to maintain public order, responding to emergencies, protecting people and property and enforcing laws and regulations;"
5412,Police officers,0.1225,Very Low,"Identifying, pursuing and arresting suspects and perpetrators of criminal acts;"
5412,Police officers,0.19,Very Low,Directing traffic and assuming authority in the event of accidents;
5412,Police officers,0.125,Very Low,"Providing emergency assistance to victims of accidents, crimes and natural disasters."
5413,Prison guards,0.1125,Very Low,"Searching arriving prisoners, putting their valuables in safekeeping, escorting prisoners to cells and locking them in;"
5413,Prison guards,0.15,Very Low,"Making periodic inspection tours of cells and inspecting and maintaining the security of locks, windows, doors and gates;"
5413,Prison guards,0.165,Very Low,"Supervising prisoners at work and meals, and during recreation periods;"
5413,Prison guards,0.1075,Very Low,Observing the conduct and behaviour of prisoners to prevent disturbances and escapes;
5413,Prison guards,0.0975,Very Low,Patrolling prison areas to prevent escapes;
5413,Prison guards,0.215,Very Low,Assisting with the implementation of rehabilitation programmes;
5413,Prison guards,0.115,Very Low,Escorting prisoners in transit and during temporary leave.
5414,Security guards,0.16,Very Low,"Patrolling premises and checking doors, windows and gates to prevent and detect signs of unauthorised entry;"
5414,Security guards,0.365,Low,"Controlling access to establishments, monitoring and authorizing the entrance or departure of employees and visitors, checking identification and issuing security passes;"
5414,Security guards,0.13,Very Low,"Circulating among visitors, patrons, or employees to preserve order, protect property from theft or vandalism and enforce the regulations of the establishment;"
5414,Security guards,0.235,Very Low,"Responding to alarms, investigating disturbances and contacting superiors, police or fire fighters as appropriate;"
5414,Security guards,0.175,Very Low,Performing security checks of passengers and luggage at airports;
5414,Security guards,0.15,Very Low,"Picking up and ensuring the safe delivery of cash and valuables to banks, automated teller machines and retail establishments."
5419,Protective services workers not elsewhere classified,0.1025,Very Low,Patrolling beaches and swimming pools to prevent accidents and to rescue bathers from drowning;
5419,Protective services workers not elsewhere classified,0.2125,Very Low,Monitoring traffic flow to locate safe gaps through which pedestrians can cross streets;
5419,Protective services workers not elsewhere classified,0.215,Very Low,"Responding to citizen complaints concerning stray domestic animals, livestock and wildlife, issuing warnings and citations to owners and impounding lost, homeless and dangerous animals;"
5419,Protective services workers not elsewhere classified,0.24125,Very Low,Patrolling an assigned area to enforce parking regulations;
5419,Protective services workers not elsewhere classified,0.215,Very Low,Directing traffic.
6111,Field crop and vegetable growers,0.43,Low,"Monitoring market activity and conditions, determining types and quantities of crops to be grown, and planning and coordinating production accordingly;"
6111,Field crop and vegetable growers,0.08,Very Low,"Preparing soil by hand or machine, and spreading fertilizers and manure;"
6111,Field crop and vegetable growers,0.115,Very Low,"Selecting and sowing seeds, and planting seedlings;"
6111,Field crop and vegetable growers,0.095,Very Low,"Maintaining crops by cultivating soil, by transplanting, pruning or thinning plants, and by setting up and operating irrigation equipment;"
6111,Field crop and vegetable growers,0.145,Very Low,"Controlling weeds, pests and diseases by applying herbicides and pesticides;"
6111,Field crop and vegetable growers,0.085,Very Low,Harvesting crops and destroying diseased or superfluous crops;
6111,Field crop and vegetable growers,0.135,Very Low,"Inspecting, cleaning, grading, packaging, storing and loading crops for sale or delivery to market;"
6111,Field crop and vegetable growers,0.09,Very Low,"Tending working animals and maintaining farm buildings, structures, equipment and water supply systems;"
6111,Field crop and vegetable growers,0.12,Very Low,Storing and carrying out some processing of produce;
6111,Field crop and vegetable growers,0.385,Low,"Promoting and marketing products, arranging the sale, purchase and transportation of produce and supplies and maintaining and evaluating records of farm activities and transactions;"
6111,Field crop and vegetable growers,0.2575,Low,"Training and supervising workers in crop production, maintenance duties and health and safety precautions, and hiring and discharging workers and contractors."
6112,Tree and shrub crop growers,0.43,Low,"Monitoring market activity and conditions, determining types and quantities of crops to be grown, and planning and coordinating production accordingly;"
6112,Tree and shrub crop growers,0.08,Very Low,"Preparing soil by hand or machine, and spreading fertilizers and manure;"
6112,Tree and shrub crop growers,0.115,Very Low,"Selecting and sowing seeds, and planting seedlings;"
6112,Tree and shrub crop growers,0.105,Very Low,"Maintaining crops by cultivating soil, by transplanting, pruning or thinning trees and shrubs, and by setting up and operating irrigation equipment;"
6112,Tree and shrub crop growers,0.1425,Very Low,"Controlling weeds, pests and diseases by applying herbicides and pesticides;"
6112,Tree and shrub crop growers,0.0975,Very Low,"Tending trees or bushes, collecting sap and harvesting crops;"
6112,Tree and shrub crop growers,0.135,Very Low,"Inspecting, cleaning, grading, packaging, storing and loading crops for sale or delivery to market;"
6112,Tree and shrub crop growers,0.0875,Very Low,"Tending working animals and maintaining farm buildings, structures, equipment and water supply systems;"
6112,Tree and shrub crop growers,0.1175,Very Low,Storing and carrying out some processing of produce;
6112,Tree and shrub crop growers,0.315,Low,"Promoting and marketing products, arranging the sale, purchase and transportation of produce and supplies and maintaining and evaluating records of farm activities and transactions;"
6112,Tree and shrub crop growers,0.2575,Low,"Training and supervising workers in crop production, maintenance duties, and health and safety precautions, and hiring and discharging workers and contractors."
6113,"Gardeners, horticultural and nursery growers",0.335,Low,"Monitoring market activity and conditions determining kinds and amounts of vegetables, horticultural and nursery products to be grown, and planning and coordinating production accordingly;"
6113,"Gardeners, horticultural and nursery growers",0.125,Very Low,"Preparing land by conditioning soil, levelling ground and installing and operating irrigation and drainage systems;"
6113,"Gardeners, horticultural and nursery growers",0.115,Very Low,"Planting trees, hedges, garden plants and grass;"
6113,"Gardeners, horticultural and nursery growers",0.115,Very Low,"Pruning and trimming trees, shrubs and hedges, installing plant supports and protection, and rolling, mowing, aerating and edging lawns;"
6113,"Gardeners, horticultural and nursery growers",0.135,Very Low,"Constructing features and facilities within gardens, such as paths or paved areas, walls, rockeries, garden beds, ponds and water features, sheds and fences;"
6113,"Gardeners, horticultural and nursery growers",0.15,Very Low,"Checking the health of plants and trees, identifying and treating weeds, pests and diseases, and applying mulch and fertilizers;"
6113,"Gardeners, horticultural and nursery growers",0.0975,Very Low,"Producing saplings, bulbs and seeds and raising plants from seeds or cuttings;"
6113,"Gardeners, horticultural and nursery growers",0.15,Very Low,"Harvesting crops and inspecting, cleaning, grading, packaging, storing and loading products for sale or delivery to market;"
6113,"Gardeners, horticultural and nursery growers",0.14,Very Low,"Maintaining buildings, greenhouses and other structures, equipment and water supply systems;"
6113,"Gardeners, horticultural and nursery growers",0.11,Very Low,Storing and carrying out some processing of produce;
6113,"Gardeners, horticultural and nursery growers",0.45,Low,"Promoting and marketing products, arranging the sale, purchase and transportation of produce and supplies, and maintaining and evaluating records of activities and transactions;"
6113,"Gardeners, horticultural and nursery growers",0.2875,Low,"Training and supervising workers in production, maintenance duties, and health and safety precautions, and hiring and discharging workers and contractors."
6114,Mixed crop growers,0.415,Low,"Monitoring market activity and conditions, determining types and quantities of crops to be grown, and planning and coordinating production accordingly;"
6114,Mixed crop growers,0.07625,Very Low,"Preparing soil by hand or machine, and spreading fertilizers and manure;"
6114,Mixed crop growers,0.106,Very Low,"Selecting and sowing seeds, and planting seedlings;"
6114,Mixed crop growers,0.11625,Very Low,"Maintaining crops by cultivating soil, by transplanting, pruning or thinning crops, trees and shrubs, and by setting up and operating irrigation equipment;"
6114,Mixed crop growers,0.1125,Very Low,Growing flowers and vegetables by intensive cultivation;
6114,Mixed crop growers,0.115,Very Low,"Producing saplings, bulbs and seeds;"
6114,Mixed crop growers,0.15,Very Low,"Harvesting crops and inspecting, cleaning, grading, packaging, storing and loading products for sale or delivery to market;"
6114,Mixed crop growers,0.085,Very Low,"Tending working animals and maintaining farm buildings, structures, equipment and water supply systems;"
6114,Mixed crop growers,0.125,Very Low,Storing and carrying out some processing of produce;
6114,Mixed crop growers,0.4225,Low,"Promoting and marketing products, arranging the sale, purchase and transportation of produce and supplies and maintaining and evaluating records of activities and transactions;"
6114,Mixed crop growers,0.1725,Very Low,"Training and supervising workers in production, maintenance duties and health and safety precautions, and hiring and discharging workers and contractors."
6121,Livestock and dairy producers,0.43,Low,"Monitoring market activity and conditions, determining kinds and amounts of stock to produce, planning and coordinating production accordingly;"
6121,Livestock and dairy producers,0.1375,Very Low,Cultivating pastures and providing and monitoring fodder and water supplies to maintain appropriate nutritional levels and condition of livestock;
6121,Livestock and dairy producers,0.165,Very Low,"Monitoring and examining animals to detect illness, injury or disease, and to check physical condition such as rate of weight gain;"
6121,Livestock and dairy producers,0.075,Very Low,"Grooming, marking, clipping, trimming, drenching and/or castrating animals and shearing coats to collect hair or wool;"
6121,Livestock and dairy producers,0.1075,Very Low,"Herding livestock to pastures for grazing or to scales, sheds, vehicles, or other enclosures;"
6121,Livestock and dairy producers,0.12,Very Low,Milking animals by hand or using milking machines;
6121,Livestock and dairy producers,0.135,Very Low,"Mixing feed, additives, and medicines in prescribed portions and distributing or hand feeding to animals for consumption;"
6121,Livestock and dairy producers,0.14,Very Low,"Performing duties related to livestock reproduction, such as breeding, artificial insemination and helping with animal births;"
6121,Livestock and dairy producers,0.1275,Very Low,"Maintaining and cleaning farm buildings, machinery, equipment and structures;"
6121,Livestock and dairy producers,0.085,Very Low,Slaughtering and skinning animals and preparing them for market;
6121,Livestock and dairy producers,0.1225,Very Low,Storing and carrying out some processing of animal and dairy produce;
6121,Livestock and dairy producers,0.35,Low,"Promoting and marketing products, arranging the sale, purchase and transportation of livestock, produce and supplies, and maintaining and evaluating records of farm activities and transactions;"
6121,Livestock and dairy producers,0.215,Very Low,"Training and supervising workers in animal care procedures, maintenance duties, and health and safety precautions, and hiring and discharging workers and contractors."
6122,Poultry producers,0.4125,Low,"Monitoring market activity, planning and coordinating production accordingly, maintaining and evaluating records of farming activities;"
6122,Poultry producers,0.15,Very Low,Growing and purchasing feed and other supplies needed to maintain appropriate nutritional levels and condition of poultry;
6122,Poultry producers,0.145,Very Low,"Monitoring and examining poultry to detect illness, injury, or disease and to check physical condition, such as rate of weight gain, and removing weak, ill and dead poultry from flock;"
6122,Poultry producers,0.125,Very Low,Mixing feed and feed additives and filling feed and water containers;
6122,Poultry producers,0.14,Very Low,"Vaccinating poultry via drinking water, injection or dusting of air;"
6122,Poultry producers,0.135,Very Low,Collecting and storing eggs and packaging them for sale or delivery to market;
6122,Poultry producers,0.1675,Very Low,"Determining sex of chicks and facilitating breeding, artificial insemination and hatching of eggs;"
6122,Poultry producers,0.12,Very Low,"Renting or investing in, and maintaining and cleaning, farm buildings, machinery, equipment and structures;"
6122,Poultry producers,0.145,Very Low,Slaughtering and dressing poultry for sale or delivery to market;
6122,Poultry producers,0.12,Very Low,Storing and carrying out some processing of produce;
6122,Poultry producers,0.36,Low,"Arranging the sale, purchase and transportation stock, produce and supplies;"
6122,Poultry producers,0.25,Low,"Training and supervising workers in poultry production procedures, maintenance duties and health and safety precautions, and hiring and discharging workers and contractors."
6123,Apiarists and sericulturists,0.415,Low,"Monitoring market activity and conditions, determining kinds and amounts of insect products to produce, and planning and coordinating production accordingly;"
6123,Apiarists and sericulturists,0.1725,Very Low,Purchasing insects and growing or purchasing feed and other supplies;
6123,Apiarists and sericulturists,0.1225,Very Low,"Breeding, raising and tending insects and collecting their products;"
6123,Apiarists and sericulturists,0.175,Very Low,"Renting or investing in, and maintaining and cleaning buildings, machinery, equipment and structures;"
6123,Apiarists and sericulturists,0.121,Very Low,Storing and carrying out some processing of produce;
6123,Apiarists and sericulturists,0.3,Low,"Arranging the sale, purchase and transportation of stock, produce and supplies, and maintaining and evaluating records of farming activities;"
6123,Apiarists and sericulturists,0.245,Very Low,"Training and supervising workers in production procedures, maintenance duties, and health and safety precautions, and hiring and discharging workers and contractors."
6129,Animal producers not elsewhere classified,0.4625,Low,"Monitoring market activity and conditions, determining kinds and amounts of products to produce, planning and coordinating production accordingly;"
6129,Animal producers not elsewhere classified,0.13125,Very Low,"Raising, feeding and tending animals;"
6129,Animal producers not elsewhere classified,0.1475,Very Low,"Monitoring and examining animals to detect illness, injury, or disease, and to check physical condition such as rate of weight gain;"
6129,Animal producers not elsewhere classified,0.13,Very Low,"Performing duties related to animal reproduction, such as breeding, artificial insemination and helping with animal births;"
6129,Animal producers not elsewhere classified,0.13625,Very Low,"Renting or investing in, and maintaining and cleaning buildings, machinery, equipment and structures;"
6129,Animal producers not elsewhere classified,0.0975,Very Low,Slaughtering and skinning animals and preparing animal products for market;
6129,Animal producers not elsewhere classified,0.1125,Very Low,Storing and carrying out some processing of produce;
6129,Animal producers not elsewhere classified,0.405,Low,"Promoting and marketing products, arranging the sale, purchase and transportation of stock, produce and supplies, and maintaining and evaluating records of activities and transactions;"
6129,Animal producers not elsewhere classified,0.1775,Very Low,"Training and supervising workers in animal care procedures, maintenance duties, and health and safety precautions."
6130,Mixed crop and animal producers,0.435,Low,"Monitoring market activity and conditions, determining kinds and amounts of crops to be grown and animals to be raised, and planning and coordinating production accordingly;"
6130,Mixed crop and animal producers,0.1725,Very Low,"Purchasing seeds, fertilizer and other supplies;"
6130,Mixed crop and animal producers,0.0875,Very Low,"Performing operations such as land preparation, sowing, planting, cultivating and harvesting crops;"
6130,Mixed crop and animal producers,0.14,Very Low,Producing or buying fodder and other food supplies;
6130,Mixed crop and animal producers,0.12,Very Low,"Breeding, raising and tending animals;"
6130,Mixed crop and animal producers,0.085,Very Low,"Killing and skinning animals, and preparing animals or animal products for market;"
6130,Mixed crop and animal producers,0.15,Very Low,"Renting or investing in, and maintaining and cleaning farm buildings, machinery, equipment and structures;"
6130,Mixed crop and animal producers,0.135,Very Low,Storing and carrying out some processing of produce;
6130,Mixed crop and animal producers,0.335,Low,"Promoting and marketing products, arranging the sale, purchase and transportation of livestock, produce and supplies, and maintaining and evaluating records of farm activities and transactions;"
6130,Mixed crop and animal producers,0.24,Very Low,"Training and supervising workers in animal care procedures, maintenance duties and health and safety precautions, and hiring and discharging workers and contractors."
6210,Forestry and related workers,0.125,Very Low,"Assessing sites for reforestation, selecting seedlings and planting trees using manual planting tools and establishing and caring for forest stands;"
6210,Forestry and related workers,0.12,Very Low,Locating trees to be felled and estimating volume of timber;
6210,Forestry and related workers,0.0725,Very Low,"Operating chainsaw and other power saws to thin young forest stands, trim, top and fell trees and saw them into logs;"
6210,Forestry and related workers,0.075,Very Low,Shaping rough wooden products from logs at felling site;
6210,Forestry and related workers,0.071,Very Low,Stacking logs and loading them in chutes or floating them down rivers;
6210,Forestry and related workers,0.165,Very Low,"Keeping watch to detect forest fires, participating in firefighting operations, completing firefighting reports and maintaining firefighting equipment;"
6210,Forestry and related workers,0.0755,Very Low,Controlling weeds and undergrowth in regenerating forest stands using manual tools and chemicals;
6210,Forestry and related workers,0.165,Very Low,"Operating and maintaining a skidder, bulldozer or other prime mover to pull a variety of scarification or site preparation equipment over areas to be regenerated;"
6210,Forestry and related workers,0.105,Very Low,"Collecting seed cones, pruning trees, assisting in planting surveys and marking trees for subsequent operations;"
6210,Forestry and related workers,0.215,Very Low,"Training and supervising other workers in forestry procedures, including forestry labourers and plant operators."
6221,Aquaculture workers,0.135,Very Low,"Breeding, raising and cultivating fish, mussels, oysters and other forms of aquatic life as cash crops or for release into freshwater or saltwater;"
6221,Aquaculture workers,0.435,Low,"Collecting and recording growth, production and environmental data;"
6221,Aquaculture workers,0.17,Very Low,Conducting and supervising stock examinations in order to identify diseases or parasites;
6221,Aquaculture workers,0.15,Very Low,Monitoring environments to ensure maintenance of optimum conditions for aquatic life;
6221,Aquaculture workers,0.135,Very Low,"Directing and monitoring trapping and spawning of fish, egg incubation and fry rearing, applying knowledge of management and fish culturing techniques;"
6221,Aquaculture workers,0.125,Very Low,"Cleaning, freezing, icing or salting catch on- or offshore, and preparing fish and other products for shipment;"
6221,Aquaculture workers,0.12,Very Low,"Maintaining buildings, tanks, machinery, boats and other equipment;"
6221,Aquaculture workers,0.5625,Medium,Delivering or marketing products;
6221,Aquaculture workers,0.135,Very Low,"Renting or investing in buildings, equipment and machinery, and purchasing food and other supplies;"
6221,Aquaculture workers,0.28,Low,Supervising and training aquaculture and fish hatchery support workers.
6222,Inland and coastal waters fishery workers,0.0875,Very Low,Preparing and repairing nets and other fishing gear and equipment;
6222,Inland and coastal waters fishery workers,0.2225,Very Low,"Selecting area for fishing, plotting courses and computing navigational positions using compass, charts and other aids;"
6222,Inland and coastal waters fishery workers,0.14,Very Low,"Operating fishing vessels to, from and at fishing grounds;"
6222,Inland and coastal waters fishery workers,0.1375,Very Low,"Baiting, setting, operating and hauling in fishing gear by hand or using hoisting equipment;"
6222,Inland and coastal waters fishery workers,0.1425,Very Low,Gathering various forms of aquatic life from shores and shallow waters;
6222,Inland and coastal waters fishery workers,0.14375,Very Low,Maintaining engine fishing gear and other on-board equipment;
6222,Inland and coastal waters fishery workers,0.425,Low,"Keeping records of transactions, fishing activities, weather and sea conditions and estimating costs and budgets;"
6222,Inland and coastal waters fishery workers,0.11875,Very Low,"Sorting, and storing catch in holds with salt and ice;"
6222,Inland and coastal waters fishery workers,0.1375,Very Low,"Removing catches from fishing equipment, measuring them to ensure compliance with legal size and returning undesirable or illegal catches to the water;"
6222,Inland and coastal waters fishery workers,0.1925,Very Low,"Directing fishing operations, and supervising fishing crew members."
6223,Deep-sea fishery workers,0.0945,Very Low,Preparing and repairing nets and other fishing gear and equipment;
6223,Deep-sea fishery workers,0.1475,Very Low,"Commanding and operating fishing vessels to, from and at deep-sea fishing grounds;"
6223,Deep-sea fishery workers,0.185,Very Low,"Determining areas for fishing, plotting courses and computing navigational positions using compass, charts, tables and other aids;"
6223,Deep-sea fishery workers,0.1875,Very Low,Steering vessels and operating navigational instruments and electronic fishing aids;
6223,Deep-sea fishery workers,0.205,Very Low,Directing fishing operations and supervising crew activities;
6223,Deep-sea fishery workers,0.325,Low,"Recording fishing progress and activities, as well as weather and sea conditions, on the ship's log;"
6223,Deep-sea fishery workers,0.125,Very Low,"Baiting, setting and hauling in fishing gear;"
6223,Deep-sea fishery workers,0.115,Very Low,"Cleaning, freezing, icing or salting catch on- or offshore;"
6223,Deep-sea fishery workers,0.195,Very Low,Selecting and training vessel crews.
6224,Hunters and trappers,0.0625,Very Low,"Setting traps to catch mammals, birds or reptiles;"
6224,Hunters and trappers,0.06,Very Low,"Killing trapped or free mammals, birds or reptiles with firearms or other weapons;"
6224,Hunters and trappers,0.085,Very Low,"Skinning and otherwise treating killed mammals, birds or reptiles to obtain desired products for sale or delivery;"
6224,Hunters and trappers,0.10375,Very Low,"Delivering or selling trapped live mammals, birds or reptiles;"
6224,Hunters and trappers,0.1375,Very Low,Repairing and maintaining equipment.
6310,Subsistence crop farmers,0.0825,Very Low,"Preparing the soil and sowing, planting, tending and harvesting field crops;"
6310,Subsistence crop farmers,0.125,Very Low,"Growing vegetables, fruit and other tree and shrub crops;"
6310,Subsistence crop farmers,0.0725,Very Low,Fetching water and gathering firewood;
6310,Subsistence crop farmers,0.14,Very Low,Storing for later use and carrying out some processing of produce;
6310,Subsistence crop farmers,0.0925,Very Low,Building and maintaining houses and other shelters;
6310,Subsistence crop farmers,0.135,Very Low,"Making tools, clothes and utensils for use by the household;"
6310,Subsistence crop farmers,0.2325,Very Low,Selling or bartering some products at local markets.
6320,Subsistence livestock farmers,0.135,Very Low,"Cultivating pastures, or managing grazing lands, and monitoring feed and water supplies needed to maintain condition of livestock;"
6320,Subsistence livestock farmers,0.17,Very Low,"Monitoring and examining animals to detect illness, injury or disease, and to check physical condition;"
6320,Subsistence livestock farmers,0.086,Very Low,Grooming and marking animals and shearing coats to collect hair or wool;
6320,Subsistence livestock farmers,0.135,Very Low,"Herding or leading livestock to pastures, grazing land and water supplies;"
6320,Subsistence livestock farmers,0.135,Very Low,"Raising, tending, feeding and milking animals or draining blood from them;"
6320,Subsistence livestock farmers,0.14,Very Low,Breeding animals and helping with animal births;
6320,Subsistence livestock farmers,0.11,Very Low,Slaughtering and skinning animals and preparing them and their products for consumption or sale;
6320,Subsistence livestock farmers,0.0925,Very Low,Carrying out some processing of animal products;
6320,Subsistence livestock farmers,0.095,Very Low,Building and maintaining houses and other shelters;
6320,Subsistence livestock farmers,0.135,Very Low,"Making tools, clothes and utensils for use by the household;"
6320,Subsistence livestock farmers,0.075,Very Low,Fetching water and gathering firewood;
6320,Subsistence livestock farmers,0.215,Very Low,"Buying, bartering and selling animals and some products."
6330,Subsistence mixed crop and livestock farmers,0.083,Very Low,"Preparing the soil and sowing, planting, tending and harvesting field crops;"
6330,Subsistence mixed crop and livestock farmers,0.135,Very Low,"Growing vegetables, fruit and other tree and shrub crops;"
6330,Subsistence mixed crop and livestock farmers,0.0625,Very Low,Gathering wild fruits and medicinal and other plants;
6330,Subsistence mixed crop and livestock farmers,0.1375,Very Low,"Breeding, tending and feeding animals and poultry mainly to obtain meat, eggs, milk, hair, skin or other products;"
6330,Subsistence mixed crop and livestock farmers,0.065,Very Low,Fetching water and gathering firewood;
6330,Subsistence mixed crop and livestock farmers,0.1375,Very Low,Storing produce for later use and carrying out some processing of produce;
6330,Subsistence mixed crop and livestock farmers,0.095,Very Low,Building and maintaining houses and other shelters;
6330,Subsistence mixed crop and livestock farmers,0.1375,Very Low,"Making tools, clothes and utensils for use by the household;"
6330,Subsistence mixed crop and livestock farmers,0.21375,Very Low,Selling or bartering some products at local markets.
6340,"Subsistence fishers, hunters, trappers and gatherers",0.0575,Very Low,"Gathering wild fruits, roots and medicinal and other plants;"
6340,"Subsistence fishers, hunters, trappers and gatherers",0.1175,Very Low,"Hunting or trapping animals mainly to obtain meat, milk, hair, skin or other products;"
6340,"Subsistence fishers, hunters, trappers and gatherers",0.07,Very Low,Fetching water and gathering firewood;
6340,"Subsistence fishers, hunters, trappers and gatherers",0.1125,Very Low,Catching fish and gathering other forms of aquatic life;
6340,"Subsistence fishers, hunters, trappers and gatherers",0.1225,Very Low,Storing or carrying out some processing of their produce;
6340,"Subsistence fishers, hunters, trappers and gatherers",0.09,Very Low,Building and maintaining houses and other shelters;
6340,"Subsistence fishers, hunters, trappers and gatherers",0.135,Very Low,"Making tools, clothes and utensils for use by the household;"
6340,"Subsistence fishers, hunters, trappers and gatherers",0.235,Very Low,Selling or bartering some products at local markets.
7111,House builders,0.105,Very Low,Preparing ground for erecting building or other structures;
7111,House builders,0.104,Very Low,"Erecting structures to support roof, and building and covering walls with appropriate materials;"
7111,House builders,0.085,Very Low,Fixing rafters to roof and covering with roofing material;
7111,House builders,0.0825,Very Low,Levelling floor to make it smooth and serviceable;
7111,House builders,0.135,Very Low,Maintaining and repairing existing structures;
7111,House builders,0.165,Very Low,"Arranging for specialized work such as bricklaying, painting, plumbing and electrical wiring to be done by subcontractors;"
7111,House builders,0.2825,Low,"Coordinating and supervising the activities of subcontractors, labourers and other workers."
7112,Bricklayers and related workers,0.1025,Very Low,"Laying stone, brick and similar building blocks to construct or repair walls, partitions, fireplaces and other structures such as smokestacks, furnaces, converters, kilns and ovens, piers and abutments;"
7112,Bricklayers and related workers,0.081,Very Low,"Laying footpaths, kerbs and pavements;"
7112,Bricklayers and related workers,0.0825,Very Low,"Laying bricks or other masonry to build patios, garden walls and other decorative installations."
7113,"Stonemasons, stone cutters, splitters and carvers",0.07,Very Low,Driving wedges into quarried stone to break it into slabs or blocks;
7113,"Stonemasons, stone cutters, splitters and carvers",0.14,Very Low,"Selecting and grading slabs and blocks of granite, marble, and other stone;"
7113,"Stonemasons, stone cutters, splitters and carvers",0.11,Very Low,"Cutting, shaping and finishing building and monumental stone such as granite or marble using hand tools or hand-held power tools;"
7113,"Stonemasons, stone cutters, splitters and carvers",0.135,Very Low,"Making patterns and marking shapes on stone for subsequent sawing, planing, drilling and other dressing and cutting operations;"
7113,"Stonemasons, stone cutters, splitters and carvers",0.116,Very Low,"Cutting and carving characters, figures or designs on stone blocks used for monuments or memorials;"
7113,"Stonemasons, stone cutters, splitters and carvers",0.09,Very Low,Setting stone in the erection of monuments and memorials;
7113,"Stonemasons, stone cutters, splitters and carvers",0.105,Very Low,"Repairing and replacing stonework on old buildings, churches and monuments."
7114,"Concrete placers, concrete finishers and related workers",0.12,Very Low,"Constructing and repairing reinforced concrete floors, walls, tanks, silos and other concrete structures;"
7114,"Concrete placers, concrete finishers and related workers",0.14,Very Low,Making shuttering or assembling prefabricated forms for moulding concrete;
7114,"Concrete placers, concrete finishers and related workers",0.0875,Very Low,Cementing openings in walls or casings for wells;
7114,"Concrete placers, concrete finishers and related workers",0.0925,Very Low,Finishing and smoothing surfaces of concrete structures;
7114,"Concrete placers, concrete finishers and related workers",0.0775,Very Low,"Applying a durable, smooth surfacing composed of cement, sand pigment and marble particles to floors, known as a terrazzo finish;"
7115,Carpenters and joiners,0.1375,Very Low,"Making, altering and repairing structural and other woodwork at a workbench and on a construction site;"
7115,Carpenters and joiners,0.095,Very Low,"Constructing, erecting and installing heavy-framed wooden structures on building sites;"
7115,Carpenters and joiners,0.1175,Very Low,"Fitting, assembling and altering internal and external fixtures of buildings, such as walls, doors, door and window frames, facings and panelling;"
7115,Carpenters and joiners,0.1475,Very Low,"Making, repairing and fitting scenic equipment for theatrical performances and motion picture or television productions;"
7115,Carpenters and joiners,0.15,Very Low,"Constructing, assembling, altering and repairing wooden fixtures and fittings in train coaches, aircraft, ships, boats, floats and other vehicles."
7119,Building frame and related trades workers not elsewhere classified,0.08,Very Low,"Climbing and performing miscellaneous construction and building maintenance work on tall structures such as towers, chimneys and spires;"
7119,Building frame and related trades workers not elsewhere classified,0.0975,Very Low,Erecting temporary metal or wooden scaffolding on building sites;
7119,Building frame and related trades workers not elsewhere classified,0.1035,Very Low,Demolishing buildings and other structures.
7121,Roofers,0.28,Low,"Studying drawings, specifications and construction sites to determine materials required;"
7121,Roofers,0.0775,Very Low,Covering roof frameworks with slate and pre-fabricated tiles to cover pitched roofs;
7121,Roofers,0.12,Very Low,Laying a waterproof shield and fixing metallic or synthetic materials to a building‚Äôs frame;
7121,Roofers,0.1075,Very Low,"Sizing and cutting roofing materials to fit around edges, corners and protuberances such as chimneys;"
7121,Roofers,0.0825,Very Low,Using natural materials such as thatching to provide roof coverings;
7121,Roofers,0.09,Very Low,Creating temporary structures such as scaffolding and ladders.
7122,Floor layers and tile setters,0.095,Very Low,Preparing floor areas for covering with a variety of materials;
7122,Floor layers and tile setters,0.125,Very Low,"Assembling carpet, tiles or other materials and laying them on floors according to design and other specifications;"
7122,Floor layers and tile setters,0.09,Very Low,Preparing wall areas for covering with tiles or other materials for decorative or other purposes such as acoustic insulation;
7122,Floor layers and tile setters,0.0975,Very Low,"Setting tiles and constructing and laying mosaic panels to walls, floors and other surfaces."
7123,Plasterers,0.105,Very Low,Applying one or more coats of plaster to interior walls and ceilings of buildings to produce finished surface;
7123,Plasterers,0.135,Very Low,"Measuring, marking and installing ornamental plaster panels, and casting and trimming ornamental plaster cornices;"
7123,Plasterers,0.1025,Very Low,"Measuring, marking and cutting plasterboard, lifting and positioning panels and securing them to walls, ceilings and battens;"
7123,Plasterers,0.1025,Very Low,"Covering joins and nail holes with wet plaster and sealing compounds, and smoothing them using wet brushes and sand paper;"
7123,Plasterers,0.1075,Very Low,"Applying protective and decorative covering of cement, plaster and similar materials to exterior building surfaces;"
7123,Plasterers,0.12,Very Low,Making and installing decorative plaster fixtures of fibrous plaster;
7123,Plasterers,0.1275,Very Low,"Applying and finishing acoustic, insulating and fireproofing materials bonded with plaster, plastic cement and similar materials."
7124,Insulation workers,0.1175,Very Low,Cutting insulation material by size and shape;
7124,Insulation workers,0.11,Very Low,"Applying slabs and sheets of insulating or sound-absorbing materials to walls, floors and ceilings of buildings;"
7124,Insulation workers,0.11,Very Low,"Blowing and packing insulating or sound-absorbing materials into cavities between walls, floors and ceilings of buildings with power-driven machines;"
7124,Insulation workers,0.14,Very Low,"Examining plans, specifications and work sites to determine the type, quality and quantity of insulation material required;"
7124,Insulation workers,0.15,Very Low,"Applying insulating materials to exposed surfaces of equipment such as boilers, pipes and tanks;"
7124,Insulation workers,0.135,Very Low,Insulating refrigeration and air-conditioning equipment.
7125,Glaziers,0.135,Very Low,"Selecting the type of glass to be used, cutting to right size and shape and installing in windows, doors, showers and partitions of buildings;"
7125,Glaziers,0.1325,Very Low,"Installing glass and mirrors in skylights, display cases, interior walls and ceilings;"
7125,Glaziers,0.1375,Very Low,Installing or replacing windscreens in vehicles or boats;
7125,Glaziers,0.1425,Very Low,"Creating decorative glass features such as glass walls, staircases, balustrades and stained-glass windows."
7126,Plumbers and pipe fitters,0.25,Low,"Examining blueprints, drawings and specifications to determine the layout of plumbing and ventilation systems and materials required;"
7126,Plumbers and pipe fitters,0.1025,Very Low,"Measuring, cutting, threading, bending, jointing, assembling, installing, maintaining and repairing pipes, fittings and fixtures of drainage, heating, ventilation, water supply and sewerage systems;"
7126,Plumbers and pipe fitters,0.0975,Very Low,"Installing gas appliances, dishwashers and water heaters, sinks and toilets using hand and power tools;"
7126,Plumbers and pipe fitters,0.095,Very Low,"Laying clay, concrete or cast-iron pipes in ditches to form sewers, drains or water mains, or for other purposes;"
7126,Plumbers and pipe fitters,0.2125,Very Low,"Inspecting, examining and testing installed systems and pipes, using pressure gauge, hydrostatic testing, observation or other methods."
7127,Air conditioning and refrigeration mechanics,0.365,Low,"Interpreting blueprints, drawings or other specifications;"
7127,Air conditioning and refrigeration mechanics,0.155,Very Low,"Assembling, installing and repairing components such as compressors, motors, condensers, evaporators, switches and gauges for air conditioning and refrigeration systems;"
7127,Air conditioning and refrigeration mechanics,0.1,Very Low,"Connecting piping and equipment by bolting, riveting, welding or brazing;"
7127,Air conditioning and refrigeration mechanics,0.2075,Very Low,"Testing systems, diagnosing faults and performing routine maintenance or servicing."
7131,Painters and related workers,0.09,Very Low,Cleaning and preparing walls and other surfaces of buildings for painting or wallpapering;
7131,Painters and related workers,0.19,Very Low,Selecting and preparing paints to required colours by mixing pigments and additives;
7131,Painters and related workers,0.1275,Very Low,"Applying or spraying paint, varnish, and similar materials to surfaces, fixtures and fittings of buildings;"
7131,Painters and related workers,0.0975,Very Low,Measuring and hanging wallpaper or other fabrics on interior walls and ceilings;
7131,Painters and related workers,0.125,Very Low,"Applying paints, varnishes and stains to surfaces using brushes, rollers and sprays."
7132,Spray painters and varnishers,0.1175,Very Low,"Preparing surfaces to be coated using a variety of methods to remove grease, dirt and rust;"
7132,Spray painters and varnishers,0.12,Very Low,"Painting cars, buses, trucks and other vehicles, and applying varnish and other protective coatings;"
7132,Spray painters and varnishers,0.12,Very Low,"Applying paint as well as protective coatings of enamel or varnish on metal, wooden and other manufactured products, usually with a hand-spraying device."
7133,Building structure cleaners,0.1025,Very Low,"Cleaning exterior surfaces of stone, brick, metal or similar materials by means of chemicals, or a jet of steam or sand applied under high pressure;"
7133,Building structure cleaners,0.09,Very Low,"Removing soot from flues, chimneys and connecting pipes;"
7133,Building structure cleaners,0.0825,Very Low,"Removing asbestos, mould and fire-damaged surfaces from buildings."
7211,Metal moulders and coremakers,0.145,Very Low,"Making moulds by hand or using auxiliary machines on a bench for small metal castings, on the foundry floor, or in a pit for large castings;"
7211,Metal moulders and coremakers,0.146,Very Low,Making cores for use in metal moulds;
7211,Metal moulders and coremakers,0.135,Very Low,"Cleaning and smoothing moulds, core boxes, and repairing surface imperfections;"
7211,Metal moulders and coremakers,0.125,Very Low,"Moving and positioning work pieces such as mould sections, patterns, and bottom boards, using cranes, or signalling others to move work pieces;"
7211,Metal moulders and coremakers,0.14,Very Low,Positioning patterns inside mould sections and clamping sections together;
7211,Metal moulders and coremakers,0.12,Very Low,"Cutting spouts, runner holes and sprue holes into moulds;"
7211,Metal moulders and coremakers,0.125,Very Low,Lifting upper mould sections from lower sections and remove moulded patterns.
7212,Welders and flamecutters,0.09,Very Low,"Welding metal parts using gas flame, or an electric arc, thermite compound or other methods;"
7212,Welders and flamecutters,0.13,Very Low,Operating resistance-welding machines;
7212,Welders and flamecutters,0.09,Very Low,"Using blowtorch to make and repair lead linings, pipes, floors and other lead fixtures;"
7212,Welders and flamecutters,0.1225,Very Low,Brazing metal parts together;
7212,Welders and flamecutters,0.0975,Very Low,Cutting metal pieces using gas flame or an electric arc;
7212,Welders and flamecutters,0.115,Very Low,Joining metal parts by hand soldering;
7212,Welders and flamecutters,0.24,Very Low,"Monitoring the fitting, burning, and welding processes to avoid overheating of parts or warping, shrinking, distortion or expansion of material;"
7212,Welders and flamecutters,0.1575,Very Low,Examining work pieces for defects and measuring work pieces with straight edges or templates to ensure conformance with specifications.
7213,Sheet-metal workers,0.125,Very Low,Marking sheet metal for cutting and shaping;
7213,Sheet-metal workers,0.1425,Very Low,"Making and repairing household utensils and other articles in tin, copper and light alloys, or ornamental articles and fittings;"
7213,Sheet-metal workers,0.1425,Very Low,"Making and repairing boilers, tanks, vats and similar containers;"
7213,Sheet-metal workers,0.145,Very Low,Installing and repairing sheet-metal parts of vehicles and aircraft;
7213,Sheet-metal workers,0.265,Low,Converting blueprints into shop drawings to be followed in the construction and assembly of sheet metal products;
7213,Sheet-metal workers,0.37,Low,"Determining project requirements, including scope, assembly sequences, and required methods and materials, according to blueprints, drawings, and written or verbal instructions;"
7213,Sheet-metal workers,0.255,Low,Inspecting product quality and installation to ensure conformance to specifications.
7214,Structural-metal preparers and erectors,0.0975,Very Low,"Marking metal framework as a guide when drilling, cutting and shaping metal stock for use in buildings, ships and other structures;"
7214,Structural-metal preparers and erectors,0.11,Very Low,"Drilling, cutting and shaping structural steel in a workshop;"
7214,Structural-metal preparers and erectors,0.09,Very Low,"Erecting steel framework for buildings, bridges and other constructions;"
7214,Structural-metal preparers and erectors,0.135,Very Low,Assembling and erecting the framework and other metal parts of ships' structures;
7214,Structural-metal preparers and erectors,0.12,Very Low,Shaping and fitting structural-steel plates of ships under construction or repair;
7214,Structural-metal preparers and erectors,0.1125,Very Low,"Riveting structural metal members by hand, machine or pneumatic riveter."
7215,Riggers and cable splicers,0.1625,Very Low,"Estimating the size, shape and weight of objects to be moved and deciding on the type of equipment to move them;"
7215,Riggers and cable splicers,0.105,Very Low,"Installing and repairing cables, ropes, wires, pulleys and other tackle;"
7215,Riggers and cable splicers,0.12,Very Low,"Joining, repairing and fitting attachments to wires, ropes and cables;"
7215,Riggers and cable splicers,0.105,Very Low,"Working as member of crew erecting and repairing derricks for drilling water, gas and oil wells;"
7215,Riggers and cable splicers,0.155,Very Low,"Lifting and mounting scenery, lighting and other equipment in theatres and on film sets;"
7215,Riggers and cable splicers,0.11,Very Low,"Installing and maintaining communication towers, aerial cableways, funicular railways, ski lifts and similar infrastructure."
7221,"Blacksmiths, hammersmiths and forging press workers",0.1425,Very Low,"Heating metal in forge furnace and manufacturing and repairing articles by drawing, bending, cutting, hammering metal on an anvil, punching, shearing, joining and hardening or tempering;"
7221,"Blacksmiths, hammersmiths and forging press workers",0.15,Very Low,Shaping heated metal into forgings on power hammer equipped with open dies;
7221,"Blacksmiths, hammersmiths and forging press workers",0.15,Very Low,Operating closed-die drop hammer to forge metal articles;
7221,"Blacksmiths, hammersmiths and forging press workers",0.125,Very Low,Operating a power-press machine equipped with closed dies to forge metal articles;
7221,"Blacksmiths, hammersmiths and forging press workers",0.13,Very Low,Drawing wire;
7221,"Blacksmiths, hammersmiths and forging press workers",0.20125,Very Low,Reading work orders or blueprints to determine specified tolerances and sequences of operations for machine setup;
7221,"Blacksmiths, hammersmiths and forging press workers",0.26,Low,Measuring and inspecting machine parts to ensure conformance to product specifications.
7222,Toolmakers and related workers,0.35,Low,"Reading and interpreting engineering drawings and specifications of tools, dies, prototypes or models;"
7222,Toolmakers and related workers,0.415,Low,"Preparing templates and sketches, and determining work processes;"
7222,Toolmakers and related workers,0.2725,Low,"Visualizing and computing dimensions, sizes, shapes and tolerances of assemblies, based on specifications;"
7222,Toolmakers and related workers,0.135,Very Low,"Positioning, securing and measuring metal stock or castings to lay out for machining;"
7222,Toolmakers and related workers,0.15,Very Low,"Setting up, operating and maintaining conventional and computer numerically controlled machine tools to cut, turn, mill, plane, drill, bore, grind or otherwise shape work pieces to prescribed dimensions and finish;"
7222,Toolmakers and related workers,0.145,Very Low,"Fitting and assembling parts to make and repair jigs, fixtures and gauges;"
7222,Toolmakers and related workers,0.1075,Very Low,Repairing and modifying sports guns and other small arms;
7222,Toolmakers and related workers,0.15,Very Low,"Making, fitting, assembling, repairing and installing lock parts and locks;"
7222,Toolmakers and related workers,0.15,Very Low,Making and repairing metal patterns for preparation of foundry moulds;
7222,Toolmakers and related workers,0.1175,Very Low,"Laying out lines and reference points on metal stock to guide other workers who cut, turn, mill, grind or otherwise shape metal;"
7222,Toolmakers and related workers,0.2575,Low,"Verifying dimensions, alignments and clearances of finished parts for conformity with specifications, using precision measuring instruments and testing completed items for proper operation."
7223,Metal working machine tool setters and operators,0.1625,Very Low,Setting one or more types of machine tool for production of metal articles in standardized series;
7223,Metal working machine tool setters and operators,0.1575,Very Low,"Operating and monitoring metal working machines, such as lathes, milling, planing, boring, drilling, grinding or honing machines, including multipurpose numerically controlled metal working machines;"
7223,Metal working machine tool setters and operators,0.15,Very Low,Performing similar tasks when machining plastics and other metal substitutes;
7223,Metal working machine tool setters and operators,0.24,Very Low,"Observing machine operations to detect work piece defects or machine malfunctions, and adjusting machines as necessary;"
7223,Metal working machine tool setters and operators,0.25,Low,"Inspecting work pieces for defects, and measuring work pieces to determine accuracy of machine operation, using rules, templates or other measuring instruments;"
7223,Metal working machine tool setters and operators,0.13,Very Low,"Changing worn machine accessories, such as cutting tools and brushes, using hand tools."
7224,"Metal polishers, wheel grinders and tool sharpeners",0.1475,Very Low,Operating fixed or portable buffing and polishing machines;
7224,"Metal polishers, wheel grinders and tool sharpeners",0.155,Very Low,Sharpening cutting tools and instruments using grinding wheels or mechanically operated grinding machines;
7224,"Metal polishers, wheel grinders and tool sharpeners",0.15,Very Low,"Repairing, adjusting and sharpening saw blades and metal teeth of cylinders in textile carding machines;"
7224,"Metal polishers, wheel grinders and tool sharpeners",0.15,Very Low,"Dressing grinding wheels, according to specifications;"
7224,"Metal polishers, wheel grinders and tool sharpeners",0.28,Low,"Monitoring machine operations to determine whether adjustments are necessary, and stopping machines when problems occur;"
7224,"Metal polishers, wheel grinders and tool sharpeners",0.1575,Very Low,"Inspecting, feeling, and measuring work pieces to ensure that surfaces and dimensions meet specifications;"
7224,"Metal polishers, wheel grinders and tool sharpeners",0.14,Very Low,"Selecting and mounting grinding wheels on machines according to specifications, using hand tools and applying knowledge of abrasives and grinding procedures."
7231,Motor vehicle mechanics and repairers,0.25,Low,Detecting and diagnosing faults in engines and parts;
7231,Motor vehicle mechanics and repairers,0.2,Very Low,"Fitting, examining, testing and servicing motor vehicle and motorcycle engines;"
7231,Motor vehicle mechanics and repairers,0.15,Very Low,Replacing engine components or complete engines;
7231,Motor vehicle mechanics and repairers,0.1725,Very Low,"Fitting, examining, adjusting, dismantling, rebuilding and replacing defective parts of motor vehicles;"
7231,Motor vehicle mechanics and repairers,0.18,Very Low,"Installing or adjusting motors and brakes, and adjusting steering or other parts of motor vehicles;"
7231,Motor vehicle mechanics and repairers,0.1775,Very Low,"Installing, adjusting, servicing and replacing mechatronics components of motor vehicles;"
7231,Motor vehicle mechanics and repairers,0.16125,Very Low,"Performing scheduled maintenance services, such as oil changes, lubrications and engine tune-ups, to achieve smoother running of vehicles and ensure compliance with pollution regulations;"
7231,Motor vehicle mechanics and repairers,0.1325,Very Low,Reassembling engines and parts after being repaired.
7232,Aircraft engine mechanics and repairers,0.17,Very Low,"Fitting, examining, testing and servicing aircraft engines;"
7232,Aircraft engine mechanics and repairers,0.1525,Very Low,Replacing engine components or complete engines;
7232,Aircraft engine mechanics and repairers,0.195,Very Low,"Examining  and inspecting airframes and aircraft components, including landing gear, hydraulic systems, and de-icers to detect wear, cracks, breaks, leaks, or other problems;"
7232,Aircraft engine mechanics and repairers,0.15875,Very Low,"Maintaining, repairing, overhauling, modifying and testing aircraft structural, mechanical and hydraulic systems;"
7232,Aircraft engine mechanics and repairers,0.235,Very Low,"Reading and interpreting manuals, service bulletins, and other specifications to determine the feasibility and method of repairing or replacing malfunctioning or damaged components;"
7232,Aircraft engine mechanics and repairers,0.1475,Very Low,"Maintaining, repairing and rebuilding aircraft structures, functional components and parts such as wings and fuselage, rigging, hydraulic units, oxygen systems, fuel systems, electrical systems, gaskets, and seals;"
7232,Aircraft engine mechanics and repairers,0.19,Very Low,Inspecting completed work to certify that maintenance meets standards and the aircraft is ready for operation;
7232,Aircraft engine mechanics and repairers,0.39,Low,"Maintaining repair logs, documenting all preventive and corrective aircraft maintenance;"
7232,Aircraft engine mechanics and repairers,0.17,Very Low,"Installing and testing electrical and electronic components, assemblies and systems in aircraft;"
7232,Aircraft engine mechanics and repairers,0.14,Very Low,"Connecting components to assemblies such as radio systems, instruments, magnetos, inverters, and in-flight refuelling systems."
7233,Agricultural and industrial machinery mechanics and repairers,0.15,Very Low,"Fitting, installing, examining, servicing and repairing engines, machinery and mechanical equipment;"
7233,Agricultural and industrial machinery mechanics and repairers,0.13,Very Low,Oiling and greasing stationary engines and machinery;
7233,Agricultural and industrial machinery mechanics and repairers,0.235,Very Low,Inspecting and testing new machinery and mechanical equipment for conformity with standards and specifications;
7233,Agricultural and industrial machinery mechanics and repairers,0.1225,Very Low,Disassembling machinery and equipment to remove parts and make repairs;
7233,Agricultural and industrial machinery mechanics and repairers,0.175,Very Low,Examining parts for defects such as breakage and excessive wear;
7233,Agricultural and industrial machinery mechanics and repairers,0.205,Very Low,Operating newly repaired machinery and equipment to verify the adequacy of repairs;
7233,Agricultural and industrial machinery mechanics and repairers,0.2,Very Low,Recording repairs and maintenance performed.
7234,Bicycle and related repairers,0.155,Very Low,"Examining, servicing and repairing bicycles and other non-motorized transport equipment;"
7234,Bicycle and related repairers,0.12,Very Low,Cleaning and lubricating bearings and other moving parts;
7234,Bicycle and related repairers,0.15,Very Low,"Replacing and repairing components and accessories, such as brakes, gears, driving chain mechanism, wheels, and handle bars;"
7234,Bicycle and related repairers,0.1,Very Low,Changing tyres and controlling air pressure;
7234,Bicycle and related repairers,0.1225,Very Low,Spray-painting frames;
7234,Bicycle and related repairers,0.14,Very Low,"Assembling new bicycles, wheelchairs and similar non-motorized equipment."
7311,Precision-instrument makers and repairers,0.14375,Very Low,"Repairing, cleaning and adjusting mechanisms of timing instruments such as watches and clocks;"
7311,Precision-instrument makers and repairers,0.205,Very Low,"Adjusting timing regulators, using calipers, watch-rate recorders and tweezers;"
7311,Precision-instrument makers and repairers,0.1325,Very Low,"Cleaning, rinsing and drying timepiece parts, using solutions and ultrasonic or mechanical watch-cleaning machines;"
7311,Precision-instrument makers and repairers,0.3225,Low,"Testing timepiece accuracy and performance, using meters and other electronic instruments;"
7311,Precision-instrument makers and repairers,0.3,Low,"Testing accuracy of meters, gauges, indicators or other recording or controlling instruments to locate defective components and for conformance to standards;"
7311,Precision-instrument makers and repairers,0.26,Low,"Calibrating instruments or scales, using hand tools and computer or electronic devices;"
7311,Precision-instrument makers and repairers,0.2025,Very Low,"Inspecting components, connections and drive mechanisms to detect defects;"
7311,Precision-instrument makers and repairers,0.145,Very Low,"Assembling instruments and devices such as barometers, control valves, gyroscopes, hygrometers, speedometers, tachometers and thermostats;"
7311,Precision-instrument makers and repairers,0.3,Low,"Testing, calibrating and adjusting electronic, mercurial, aneroid and other types of meteorological instruments for compliance with printed specifications and schematic diagrams, using voltmeters, oscilloscopes, tube testers, and other test instruments;"
7311,Precision-instrument makers and repairers,0.135,Very Low,"Adjusting and repairing masts, supporting structures, clearance lights, control panels, control cabling and wiring, and other electrical and mechanical devices"
7311,Precision-instrument makers and repairers,0.1375,Very Low,"Repairing and setting optical instruments such as microscopes, telescopes, theodolites and sextants;"
7311,Precision-instrument makers and repairers,0.285,Low,Checking whether assembled units conform to specifications and ensuring stipulated performance and sensitivity by standard tests.
7312,Musical instrument makers and tuners,0.1425,Very Low,"Fabricating and assembling musical instruments and instrument parts of wood, ebonite, metal, leather and other materials;"
7312,Musical instrument makers and tuners,0.1385,Very Low,"Repairing or replacing musical instrument parts and components, such as strings, bridges, felts and keys, using hand and power tools;"
7312,Musical instrument makers and tuners,0.155,Very Low,Playing and inspecting instruments to evaluate their sound quality and to locate any defects;
7312,Musical instrument makers and tuners,0.155,Very Low,Adjusting string tensions to achieve proper tone or pitch of stringed instruments;
7312,Musical instrument makers and tuners,0.1475,Very Low,"Adjusting lips, reeds or toe hole of organ pipes, using hand tools, to regulate airflow and loudness of sound;"
7312,Musical instrument makers and tuners,0.1475,Very Low,Tuning and servicing pipe organs by adjusting pitch of organ A pipes to conform with pitch of tuning fork and adjusting pitch of other pipes with reference to pitch of tuned pipes;
7312,Musical instrument makers and tuners,0.1,Very Low,Installing new drumheads in percussion instruments;
7312,Musical instrument makers and tuners,0.1425,Very Low,Tuning accordions by aurally comparing pitch of reeds with master reeds and filing reeds to obtain standard pitch;
7312,Musical instrument makers and tuners,0.1225,Very Low,Aligning pads and keys on reed or wind instruments;
7312,Musical instrument makers and tuners,0.1475,Very Low,Tuning percussion instruments to required pitch by tightening or loosening cords holding leather pieces fixed atop or at both ends of instrument;
7312,Musical instrument makers and tuners,0.145,Very Low,Assembling and installing new pipe organs and pianos in buildings.
7313,Jewellery and precious-metal workers,0.1425,Very Low,Casting jewellery and other non-ferrous metal articles by hand;
7313,Jewellery and precious-metal workers,0.225,Very Low,"Creating new jewellery designs and modifying existing designs, using computers as necessary;"
7313,Jewellery and precious-metal workers,0.15,Very Low,Cutting designs in moulds or other materials to be used as models in the fabrication of metal and jewellery products;
7313,Jewellery and precious-metal workers,0.165,Very Low,Altering existing jewellery mountings in order to reposition jewels or to adjust mountings;
7313,Jewellery and precious-metal workers,0.146,Very Low,"Repairing, reshaping and restyling old jewellery or precious metal ware following designs or instructions;"
7313,Jewellery and precious-metal workers,0.1475,Very Low,"Making complete jewellery articles such as rings, necklaces, bangles, brooches and bracelets from materials such as gold, silver, platinum and precious or semi-precious stones;"
7313,Jewellery and precious-metal workers,0.25,Low,"Examining gem surfaces and internal structures, using polariscopes, refractometers, microscopes, and other optical instruments to differentiate between stones, to identify rare specimens, or to detect flaws, defects or peculiarities affecting gem values;"
7313,Jewellery and precious-metal workers,0.145,Very Low,Cutting and polishing gems and setting them in jewellery articles;
7313,Jewellery and precious-metal workers,0.15,Very Low,"Engraving or embossing letters, designs or decorative lines on jewellery and precious metal ware;"
7313,Jewellery and precious-metal workers,0.125,Very Low,"Grinding, drilling and finishing jewel bearings for use in precision instruments such as compasses and chronometers;"
7313,Jewellery and precious-metal workers,0.285,Low,"Examining assembled or finished products to ensure conformance to specifications, using magnifying glasses or precision measuring instruments."
7314,Potters and related workers,0.1225,Very Low,Making articles of pottery and porcelain;
7314,Potters and related workers,0.13,Very Low,Making clay or plaster-of-Paris moulds;
7314,Potters and related workers,0.335,Low,Reading technical drawings to know customer‚Äôs requirements;
7314,Potters and related workers,0.13,Very Low,"Forming articles on potter's wheel by pressing thumbs into centres of revolving clay to form hollows, and press on the inside and outside of emerging clay cylinders with hands and fingers, gradually raising and shaping clay to desired forms and sizes;"
7314,Potters and related workers,0.15,Very Low,Adjusting wheel speeds according to the feel of the clay as pieces enlarge and walls become thinner;
7314,Potters and related workers,0.1475,Very Low,"Operating jigger machines to form ceramic ware, such as bowls, cups, plates and saucers;"
7314,Potters and related workers,0.24,Very Low,"Adjusting and setting controls of pug mill that mix, extrudes, cuts, and deposits clay charges in or over moulds as specified;"
7314,Potters and related workers,0.1,Very Low,"Smoothening surfaces of finished pieces, using rubber scrapers and wet sponges;"
7314,Potters and related workers,0.15,Very Low,Forming abrasive wheels by moulding and pressing an abrasive mixture by hand or by machine;
7314,Potters and related workers,0.19,Very Low,"Examining finished ware for defects verifying accuracy of shapes and sizes of objects, using callipers and templates;"
7314,Potters and related workers,0.2625,Low,"Preparing work for sale or exhibition, and maintaining relationships with retail, pottery, art and resource networks that can facilitate sale or exhibition of work."
7315,"Glass makers, cutters, grinders and finishers",0.175,Very Low,"Heating glass to pliable stage using gas flames or ovens, and rotating glass to heat it uniformly;"
7315,"Glass makers, cutters, grinders and finishers",0.15,Very Low,"Blowing and bending glass tubing into specified shapes to form scientific apparatus such as flasks, retorts and pipettes;"
7315,"Glass makers, cutters, grinders and finishers",0.14,Very Low,"Grinding and polishing glass objects or parts to correct defects or to prepare surfaces for further finishing and smoothing and polishing rough edges, using belt sander or polishing wheels;"
7315,"Glass makers, cutters, grinders and finishers",0.2,Very Low,"Examining glass stock and finished products and marking or discarding items with defects such as spots, stains, scars, snags, chips, scratches, or unacceptable shapes or finishes;"
7315,"Glass makers, cutters, grinders and finishers",0.25,Low,"Reading work orders to determine dimensions, cutting locations and quantities to cut;"
7315,"Glass makers, cutters, grinders and finishers",0.2925,Low,"Observing gauges, computer printouts and video monitors to verify specified processing conditions and make adjustments as necessary;"
7315,"Glass makers, cutters, grinders and finishers",0.1425,Very Low,"Positioning pattern or drawing on glass, measuring dimensions, and marking cutting lines, using glass cutting tools and cutting glass along marked outlines or around pattern;"
7315,"Glass makers, cutters, grinders and finishers",0.1475,Very Low,"Setting up, operating and adjusting computerized or robotic glass cutting equipment;"
7315,"Glass makers, cutters, grinders and finishers",0.265,Low,"Inspecting, weighing and measuring products to verify conformance to specifications, using instruments such as micrometers, callipers, magnifiers and rulers;"
7315,"Glass makers, cutters, grinders and finishers",0.24,Very Low,Regulating oven temperatures according to glass types to be processed;
7315,"Glass makers, cutters, grinders and finishers",0.165,Very Low,"Transferring pattern for individual stained glass parts from full size drawing to pattern paper, using stylus to trace drawings;"
7315,"Glass makers, cutters, grinders and finishers",0.1375,Very Low,"Spraying silver solution on glass to provide mirrored surface, using spray gun;"
7315,"Glass makers, cutters, grinders and finishers",0.12,Very Low,Laying out cutting and grinding optical and other glass to specified dimensions and weight for moulding into lens blanks and for use as watch crystals.
7316,"Sign writers, decorative painters, engravers and etchers",0.145,Very Low,"Painting decorative freehand designs on objects, such as pottery, glass, cigarette cases, lampshades;"
7316,"Sign writers, decorative painters, engravers and etchers",0.141,Very Low,Transferring from paper transfers decorative or ornamental designs on articles;
7316,"Sign writers, decorative painters, engravers and etchers",0.465,Low,"Integrating and developing visual elements, such as line, space, mass, colour, and perspective, in order to produce desired effects such as the illustration of ideas, emotions or moods;"
7316,"Sign writers, decorative painters, engravers and etchers",0.19,Very Low,"Laying out and painting in one or more languages letters, figures, monograms and designs to make signs;"
7316,"Sign writers, decorative painters, engravers and etchers",0.15,Very Low,Sketching or tracing design or lettering onto work piece or pattern material to prepare pattern or stencil;
7316,"Sign writers, decorative painters, engravers and etchers",0.20625,Very Low,"Designing pattern or lettering to paint work pieces such as signs, glassware, pottery or zinc plates;"
7316,"Sign writers, decorative painters, engravers and etchers",0.1625,Very Low,Using software and routing equipment to produce three-dimensional Carved images for application onto larger signage as well as engraved and inlaid signs;
7316,"Sign writers, decorative painters, engravers and etchers",0.185,Very Low,"Designing and producing normal flat cut lettering, or lettering that is shadowed with applied vinyl or lettering that is ready cut for  application;"
7316,"Sign writers, decorative painters, engravers and etchers",0.19,Very Low,"Writing, painting or printing signs or show cards used for display or other purposes;"
7316,"Sign writers, decorative painters, engravers and etchers",0.1175,Very Low,"Cutting out letters and signs for display purposes from wallboard or cardboard, by hand or machines such as electrically powered jigsaw or bandsaw;"
7316,"Sign writers, decorative painters, engravers and etchers",0.16,Very Low,"Examining sketches, diagrams, samples, blueprints, or photographs to decide how designs are to be etched, cut or engraved onto work pieces;"
7316,"Sign writers, decorative painters, engravers and etchers",0.1525,Very Low,"Measuring and computing dimensions of lettering, designs, or patterns to be engraved;"
7316,"Sign writers, decorative painters, engravers and etchers",0.145,Very Low,"Engraving and printing patterns, ornamental designs, etchings, trademarks, figures or lettering onto flat or curved surfaces of a wide variety of metal, glass, plastic, or ceramic items;"
7316,"Sign writers, decorative painters, engravers and etchers",0.16625,Very Low,"Etching decorative designs, calibration markings and other figures on glass articles."
7317,"Handicraft workers in wood, basketry and related materials",0.1175,Very Low,"Preparing wood, straw, rattan, reeds, shells, or similar materials;"
7317,"Handicraft workers in wood, basketry and related materials",0.14,Very Low,Carving floral and artistic designs on wooden surfaces for decorative purposes;
7317,"Handicraft workers in wood, basketry and related materials",0.1475,Very Low,Painting freehand decorative designs on glass and pottery or porcelain ware;
7317,"Handicraft workers in wood, basketry and related materials",0.1475,Very Low,"Carving, assembling, weaving, painting and decorating various articles for personal or household use such as salad bowls, serving-spoons, cutting-boards, trays, vases, jugs, baskets, straw hats, straw mats and similar objects;"
7317,"Handicraft workers in wood, basketry and related materials",0.1475,Very Low,"Carving, assembling, weaving and painting various decorative articles such as statues and other sculptures, chess pieces, jewellery and similar objects;"
7317,"Handicraft workers in wood, basketry and related materials",0.14,Very Low,"Making wicker furniture from peeled and softened rattan, reeds, rushes, willow branches and similar materials;"
7317,"Handicraft workers in wood, basketry and related materials",0.145,Very Low,"Making various kinds of baskets by interlacing osier, rattan, reeds, rushes or similar materials;"
7317,"Handicraft workers in wood, basketry and related materials",0.12875,Very Low,"Forming bottom of basket by interlacing strips of rattan, wood veneer or other material with framework of rods of material such as willow;"
7317,"Handicraft workers in wood, basketry and related materials",0.125,Very Low,Inserting rods around edge of bottom between woven sections of bottom and bending them upright to serve as framework for sides;
7317,"Handicraft workers in wood, basketry and related materials",0.1375,Very Low,"Selecting and preparing brush materials, such as bristles, nylon, fibres and wire, and setting them in brush base;"
7317,"Handicraft workers in wood, basketry and related materials",0.115,Very Low,"Selecting and preparing materials, such as broom corn, bass, whisker and fibre, and fastening them to broom handles."
7318,"Handicraft workers in textile, leather and related materials",0.15,Very Low,"Spinning and dyeing with natural dyestuffs, wool, cotton and other fibres;"
7318,"Handicraft workers in textile, leather and related materials",0.1425,Very Low,"Lace-making and weaving, knitting or embroidering various garments and articles for household use;"
7318,"Handicraft workers in textile, leather and related materials",0.15,Very Low,"Preparing and dyeing hides with natural dyestuffs and making traditional footwear or handbags, belts and other accessories;"
7318,"Handicraft workers in textile, leather and related materials",0.12,Very Low,Spinning and winding yarn by hand;
7318,"Handicraft workers in textile, leather and related materials",0.11,Very Low,Drawing warp threads into loom by hand;
7318,"Handicraft workers in textile, leather and related materials",0.135,Very Low,"Weaving plain or figured cloth, tapestry, lace, carpet or other fabrics on hand looms;"
7318,"Handicraft workers in textile, leather and related materials",0.14,Very Low,Making carpets by using a knotting technique;
7318,"Handicraft workers in textile, leather and related materials",0.135,Very Low,Knitting garments and other articles on hand-operated machine or by hand;
7318,"Handicraft workers in textile, leather and related materials",0.11,Very Low,Crocheting or making braid by hand;
7318,"Handicraft workers in textile, leather and related materials",0.135,Very Low,Making nets by hand;
7318,"Handicraft workers in textile, leather and related materials",0.2125,Very Low,Grading and classifying natural textile fibres;
7318,"Handicraft workers in textile, leather and related materials",0.0825,Very Low,Washing wool fibres;
7318,"Handicraft workers in textile, leather and related materials",0.1175,Very Low,Cleaning and fluffing textile fibres;
7318,"Handicraft workers in textile, leather and related materials",0.125,Very Low,"Forming fibres into sliver, combing them, combining sliver into sliver laps or forming sliver into rove."
7321,Pre-press technicians,0.285,Low,"Operating graphic cameras and other photographic equipment to reproduce camera-ready copy onto films, plates and digital output devices;"
7321,Pre-press technicians,0.685,Medium,"Using computer applications to generate images, text, layouts and impositions for print and other visual media displays;"
7321,Pre-press technicians,0.235,Very Low,"Operating plate making equipment to reproduce images from film to printing plates, digital output devices and presses;"
7321,Pre-press technicians,0.415,Low,"Operating computer screen-based equipment for scanning, colour separation, colour correction, masking, creative design, combining, imposing, retouching, and other processes used to transfer copy to film and produce film for plate, digital output and cylinder productions;"
7321,Pre-press technicians,0.24,Very Low,"Carrying out digital and chemical proofing from digital systems, and negative and positive films;"
7321,Pre-press technicians,0.6645,Medium,"Evaluating printed proofs, checking and correcting them for quality;"
7321,Pre-press technicians,0.15,Very Low,"Preparing and exposing carbon tissue for laying on cylinders by transfer method, and developing images."
7322,Printers,0.27,Low,"Setting, adjusting and monitoring substrate-feed mechanisms, delivery mechanisms, inking systems and other printing machine functions;"
7322,Printers,0.265,Low,"Mixing ink and solvents to standard, and regulating paper and ink supply during print runs;"
7322,Printers,0.345,Low,"Monitoring, evaluating and determining press to check print quality standards against proofs and detect malfunctions;"
7322,Printers,0.26,Low,"Producing a variety of printed products using relief, lithographic, flexographic and gravure printing presses, and in-line finishing systems;"
7322,Printers,0.15,Very Low,"Preparing plates, blankets and impression cylinders on small offset lithographic printing presses;"
7322,Printers,0.08,Very Low,Loading paper into feeding mechanisms;
7322,Printers,0.31,Low,Monitoring machine operations and quality of printing;
7322,Printers,0.15,Very Low,"Maintaining, adjusting, repairing and cleaning machines;"
7322,Printers,0.415,Low,"Producing digital print images, and transferring and outputting images."
7323,Print finishing and binding workers,0.285,Low,Setting up and supervising the operation of automatic binding and finishing equipment;
7323,Print finishing and binding workers,0.125,Very Low,"Binding full, half and limp-bound books, and repairing bindings;"
7323,Print finishing and binding workers,0.14,Very Low,"Folding, collating and sewing signatures by machine and hand;"
7323,Print finishing and binding workers,0.175,Very Low,"Operating paper guillotines for pre-press and post-press paper cutting and trimming, and programming electronically operated units;"
7323,Print finishing and binding workers,0.185,Very Low,"Operating systems to insert printed material into newspapers, magazines and envelopes;"
7323,Print finishing and binding workers,0.265,Low,Embellishing printed products automatically and manually;
7323,Print finishing and binding workers,0.365,Low,Operating photographic and electronic reproduction devices.
7411,Building and related electricians,0.18,Very Low,"Installing, maintaining and repairing electrical wiring systems and related equipment in various buildings such as schools, hospitals, commercial establishments, residential buildings and other structures;"
7411,Building and related electricians,0.2825,Low,"Examining blueprints, wiring diagrams and specifications to determine sequences and methods of operation;"
7411,Building and related electricians,0.195,Very Low,"Planning layout and installation of electrical wiring, equipment and fixtures, based on job specifications and relevant standards;"
7411,Building and related electricians,0.2025,Very Low,"Inspecting electrical systems, equipment and components to identify hazards, defects and the need for adjustment or repair;"
7411,Building and related electricians,0.135,Very Low,"Selecting, cutting and connecting wire and cable to terminals and connectors;"
7411,Building and related electricians,0.1375,Very Low,Measuring and laying out installation reference points;
7411,Building and related electricians,0.1375,Very Low,Positioning and installing electrical switchboards;
7411,Building and related electricians,0.26,Low,Testing continuity of circuit.
7412,Electrical mechanics and fitters,0.155,Very Low,"Fitting, adjusting and repairing various kinds of electrical machinery and motors, generators, switchgear and control apparatus, instruments, or electrical parts of elevators and related equipment;"
7412,Electrical mechanics and fitters,0.1625,Very Low,"Fitting, adjusting and repairing electrical parts in domestic appliances, industrial machines and other appliances;"
7412,Electrical mechanics and fitters,0.284,Low,Inspecting and testing manufactured electrical products;
7412,Electrical mechanics and fitters,0.205,Very Low,"Installing, testing, connecting, commissioning, maintaining and modifying electrical equipment, wiring and control systems;"
7412,Electrical mechanics and fitters,0.135,Very Low,"Designing, installing, maintaining, servicing and repairing electric and hydraulic passenger and freight lifts, escalators, moving walkways and other lift equipment;"
7412,Electrical mechanics and fitters,0.14,Very Low,Connecting electrical systems to power supply;
7412,Electrical mechanics and fitters,0.14,Very Low,Replacing and repairing defective parts.
7413,Electrical line installers and repairers,0.14,Very Low,Installing and repairing overhead and underground electrical power and electrical traction lines;
7413,Electrical line installers and repairers,0.12,Very Low,Making joints in overhead and underground cables;
7413,Electrical line installers and repairers,0.225,Very Low,"Adhering to safety practices and procedures, such as checking equipment regularly and erecting barriers around work areas;"
7413,Electrical line installers and repairers,0.11,Very Low,Opening switches or attaching grounding devices to remove electrical hazards from disturbed or fallen lines or to facilitate repairs;
7413,Electrical line installers and repairers,0.0575,Very Low,Climbing poles or using truck-mounted buckets to access equipment;
7413,Electrical line installers and repairers,0.27,Low,"Identifying defective sectionalizing devices, circuit breakers, fuses, voltage regulators, transformers, switches, relays or wiring, using wiring diagrams and electrical-testing instruments."
7421,Electronics mechanics and servicers,0.265,Low,"Examining and testing machines, instruments, components, control systems and other electronic equipment to identify faults;"
7421,Electronics mechanics and servicers,0.135,Very Low,"Adjusting, repairing and replacing worn and defective parts and wiring, and maintaining machines, equipment and instruments;"
7421,Electronics mechanics and servicers,0.165,Very Low,"Reassembling, test operating and adjusting equipment;"
7421,Electronics mechanics and servicers,0.235,Very Low,Installing electronic instruments and control systems;
7421,Electronics mechanics and servicers,0.26,Low,"Coordinating work with that of engineers, technicians and other maintenance personnel;"
7421,Electronics mechanics and servicers,0.3125,Low,Interpreting test data to diagnose malfunctions and systemic performance problems;
7421,Electronics mechanics and servicers,0.1575,Very Low,"Installing, adjusting, repairing or replacing electrical and electronic components, assemblies and systems using hand tools, power tools or soldering irons;"
7421,Electronics mechanics and servicers,0.1475,Very Low,"Connecting components to assemblies such as radio systems, instruments, magnetos, inverters and in-flight refuelling systems;"
7421,Electronics mechanics and servicers,0.55,Medium,Keeping records of maintenance and repair work.
7422,Information and communications technology installers and servicers,0.3,Low,"Maintaining, troubleshooting, testing and repairing computers, data transmission equipment and computer peripherals;"
7422,Information and communications technology installers and servicers,0.1575,Very Low,Fitting and adjusting computer hardware;
7422,Information and communications technology installers and servicers,0.3,Low,"Installing, maintaining, repairing and diagnosing malfunctions of microwave, telemetry, multiplexing, satellite and other radio and electromagnetic wave communications systems;"
7422,Information and communications technology installers and servicers,0.5075,Medium,"Providing technical advice and information, and monitoring the performance of complex telecommunications networks and equipment;"
7422,Information and communications technology installers and servicers,0.14,Very Low,"Installing and repairing cabling for computer, radio, telephone and television transmission;"
7422,Information and communications technology installers and servicers,0.1325,Very Low,"Joining telecommunications and data cables, and sealing sheathes;"
7422,Information and communications technology installers and servicers,0.135,Very Low,"Installing, maintaining and repairing antennae used in communications."
7511,"Butchers, fishmongers and related food preparers",0.0775,Very Low,Slaughtering animals;
7511,"Butchers, fishmongers and related food preparers",0.0875,Very Low,Flaying and trimming carcasses;
7511,"Butchers, fishmongers and related food preparers",0.135,Very Low,"Boning, cutting and dressing meat and fish for sale or further processing;"
7511,"Butchers, fishmongers and related food preparers",0.15,Very Low,"Preparing ingredients and making sausages and similar products using chopping, mixing and shaping machines;"
7511,"Butchers, fishmongers and related food preparers",0.1425,Very Low,"Curing meat, fish and other foods;"
7511,"Butchers, fishmongers and related food preparers",0.1275,Very Low,"Operating smokehouses or ovens to smoke meat, fish and other foodstuffs;"
7511,"Butchers, fishmongers and related food preparers",0.12,Very Low,"Cooking or in other ways preparing meat, fish and related food items for sale;"
7511,"Butchers, fishmongers and related food preparers",0.1625,Very Low,"Selling meat or fish to customers, including wrapping, weighing and labelling products, and receiving payment."
7512,"Bakers, pastry-cooks and confectionery makers",0.14,Very Low,"Making bread, cakes, biscuits, pastries, pies and other flour products;"
7512,"Bakers, pastry-cooks and confectionery makers",0.165,Very Low,"Making handmade confectionery from mixtures of sugar, chocolate and other ingredients using hand tools and some machines;"
7512,"Bakers, pastry-cooks and confectionery makers",0.135,Very Low,"Combining measured ingredients in bowls of mixing, blending or cooking machinery;"
7512,"Bakers, pastry-cooks and confectionery makers",0.3525,Low,Checking the quality of raw materials to ensure that standards and specifications are met;
7512,"Bakers, pastry-cooks and confectionery makers",0.12,Very Low,"Applying glazes, icings or other toppings to baked goods, using spatulas or brushes;"
7512,"Bakers, pastry-cooks and confectionery makers",0.185,Very Low,Checking the cleanliness of equipment and operation of premises before production runs to ensure compliance with occupational health and safety regulations;
7512,"Bakers, pastry-cooks and confectionery makers",0.125,Very Low,Monitoring oven temperatures and product appearance to determine baking times;
7512,"Bakers, pastry-cooks and confectionery makers",0.13,Very Low,"Coordinating the forming, loading, baking, unloading, de-panning and cooling of batches of bread, rolls, pastry and confectionary products."
7513,Dairy-products makers,0.145,Very Low,Boiling or pasteurizing milk to achieve specified butter fat content;
7513,Dairy-products makers,0.125,Very Low,Separating cream from milk and churning cream into butter;
7513,Dairy-products makers,0.1425,Very Low,Dumping measured amounts of starter and other ingredients into milk;
7513,Dairy-products makers,0.145,Very Low,"Curdling milk, heating curd until it reaches desired firmness, draining curd and placing cheese into moulds to press it into shape;"
7513,Dairy-products makers,0.1075,Very Low,Salting cheese and piercing or smearing cheese with cultured wash to develop mould growth;
7513,Dairy-products makers,0.135,Very Low,Placing and turning cheese blocks on shelves to cure cheese;
7513,Dairy-products makers,0.31,Low,"Monitoring product quality before packaging by inspecting, taking samples and adjusting treatment conditions when necessary;"
7513,Dairy-products makers,0.61,Medium,"Recording amounts of ingredients used, test results, and time cycles."
7514,"Fruit, vegetable and related preservers",0.15,Very Low,Extracting juices from various fruits;
7514,"Fruit, vegetable and related preservers",0.1,Very Low,"Extracting oils from oil-bearing seeds, nuts or fruits;"
7514,"Fruit, vegetable and related preservers",0.14,Very Low,"Cooking, salting or drying fruit, vegetables and related foods;"
7514,"Fruit, vegetable and related preservers",0.2125,Very Low,"Mixing and adding ingredients such as pectin, sugar, spices and vinegar to assist preservation and enhance texture, appearance and flavour;"
7514,"Fruit, vegetable and related preservers",0.1375,Very Low,"Transferring preserved foods to sterile jars, bottles or other containers."
7515,Food and beverage tasters and graders,0.195,Very Low,"Inspecting, testing, tasting and smelling agricultural products, food and beverages at various stages of processing;"
7515,Food and beverage tasters and graders,0.3675,Low,"Determining quality, acceptability to consumer tastes and approximate value of products, and grading them into appropriate classes;"
7515,Food and beverage tasters and graders,0.25,Low,Discarding inferior products;
7515,Food and beverage tasters and graders,0.55,Medium,"Recording the grade and/or identification numbers on tags, receiving, or sales sheets;"
7515,Food and beverage tasters and graders,0.165,Very Low,Weighing and measuring products.
7516,Tobacco preparers and tobacco products makers,0.215,Very Low,"Grading cured tobacco leaves by type, quality and locality where grown;"
7516,Tobacco preparers and tobacco products makers,0.175,Very Low,Mixing tobacco leaves according to formula to obtain a blend of distinct flavour;
7516,Tobacco preparers and tobacco products makers,0.15,Very Low,Tending vacuum container which moistens tobacco for further processing;
7516,Tobacco preparers and tobacco products makers,0.075,Very Low,Removing midribs and stalks from tobacco leaves and shredding tobacco;
7516,Tobacco preparers and tobacco products makers,0.1025,Very Low,"Making cigars, cigarettes, snuff and other tobacco products by hand or with simple machines."
7521,Wood treaters,0.14375,Very Low,"Operating and tending kilns, treating tanks and other equipment to dry lumber, prepare and season wood and other wood products, and to impregnate wood products with preservatives;"
7521,Wood treaters,0.2875,Low,"Monitoring equipment operation, gauges, and panel lights in order to detect deviations from standards and to ensure that processes are operating according to specifications;"
7521,Wood treaters,0.1925,Very Low,"Operating valves to admit treating solution into treatment vessels, maintain specified heat, vacuum and hydraulic pressure and level of solution during each phase of treatment cycle;"
7521,Wood treaters,0.15,Very Low,Activating vacuum and hydraulic pressure pumps that remove air and steam from retort and force treating solution into pores of wood to accelerate treatment process;
7521,Wood treaters,0.1575,Very Low,Assisting in maintaining processing equipment and machines as required;
7521,Wood treaters,0.1475,Very Low,"Cleaning, lubricating and adjusting equipment;"
7521,Wood treaters,0.14,Very Low,"Transporting materials and products to and from work areas, manually or using carts, handtrucks, or hoists;"
7521,Wood treaters,0.5775,Medium,Completing and maintaining production reports.
7522,Cabinet-makers and related workers,0.1375,Very Low,"Operating woodworking machines, such as power saws, jointers, mortisers and shapers, and using hand tools to cut, shape and form parts and components;"
7522,Cabinet-makers and related workers,0.2875,Low,"Studying plans, verifying dimensions of articles to be made, or preparing specifications and checking the quality and fit of pieces in order to ensure adherence to specifications;"
7522,Cabinet-makers and related workers,0.145,Very Low,"Trimming joints and fitting parts and subassemblies together to form complete units using glue and clamps, and reinforcing joints using nails, screws or other fasteners;"
7522,Cabinet-makers and related workers,0.15125,Very Low,"Making, restyling and repairing various wooden articles, such as cabinets, furniture, vehicles, scale models, sports equipment and other parts or products;"
7522,Cabinet-makers and related workers,0.1475,Very Low,"Decorating furniture and fixtures by inlaying wood, applying veneer and carving designs;"
7522,Cabinet-makers and related workers,0.105,Very Low,Finishing surfaces of wooden articles or furniture.
7523,Woodworking-machine tool setters and operators,0.15,Very Low,"Setting-up, programming, operating and monitoring several types of woodworking machines for sawing, shaping, boring, drilling, planing, pressing, turning, sanding or carving to fabricate or repair wooden parts for furniture, fixtures and other wooden products;"
7523,Woodworking-machine tool setters and operators,0.14,Very Low,"Operating preset special-purpose woodworking machines to fabricate wooden products such as coat hangers, mop handles, clothes pins and other products;"
7523,Woodworking-machine tool setters and operators,0.1525,Very Low,"Selecting knives, saws, blades, cutter heads, cams, bits or belts according to work piece, machine functions and product specifications;"
7523,Woodworking-machine tool setters and operators,0.15,Very Low,"Installing and adjusting blades, cutter heads, boring-bits and sanding-belts, and using hand tools and rules;"
7523,Woodworking-machine tool setters and operators,0.165,Very Low,Setting and adjusting various kinds of woodworking machines for operation by others;
7523,Woodworking-machine tool setters and operators,0.54,Medium,Reading and interpreting specifications or following verbal instructions.
7531,"Tailors, dressmakers, furriers and hatters",0.135,Very Low,"Making overcoats, suits, skirts, shirts, blouses, lingerie, corsetry, hats, wigs and similar garments, often to clients' individual requirements;"
7531,"Tailors, dressmakers, furriers and hatters",0.155,Very Low,"Selecting textile fabrics, leather or fur pelts matching the desired size, colour, texture, and quality of the garment; cutting to shape them to garment pattern and arranging them on pattern according to the design of the garment;"
7531,"Tailors, dressmakers, furriers and hatters",0.15,Very Low,"Making garment style changes, such as tapering trouser legs, narrowing lapels, and adding or removing padding;"
7531,"Tailors, dressmakers, furriers and hatters",0.3,Low,Selecting and modifying commercial patterns to customers' and clothing manufacturers' specifications and fit;
7531,"Tailors, dressmakers, furriers and hatters",0.1125,Very Low,"Fitting, altering and repairing tailored clothing, dresses, coats and other made-to-measure garments according to customers' requests;"
7531,"Tailors, dressmakers, furriers and hatters",0.1375,Very Low,"Making and caring for costumes used in theatrical, television and motion picture productions;"
7531,"Tailors, dressmakers, furriers and hatters",0.135,Very Low,"Folding, twisting and draping material, such as satin or silk, or sewing ribbon or cloth in the form of artificial flowers or bows around crown and brim to shape and decorate hats;"
7531,"Tailors, dressmakers, furriers and hatters",0.12,Very Low,"Sewing, and fastening together materials and hair strands to make wigs;"
7531,"Tailors, dressmakers, furriers and hatters",0.095,Very Low,Blending shades of hair to give natural appearance to wigs and arranging woven hair in specified position and sewing hair together to form hairpiece;
7531,"Tailors, dressmakers, furriers and hatters",0.12,Very Low,"Making, altering, restyling and repairing fur garments and other fur articles;"
7531,"Tailors, dressmakers, furriers and hatters",0.145,Very Low,"Reclaiming furs or skins from old coats, gluing fabric to interior of fur coats and trimming  fur garments."
7532,Garment and related pattern-makers and cutters,0.15,Very Low,"Creating a master pattern for each size within a range of garment sizes, using charts, drafting instruments, computers, and/or grading devices;"
7532,Garment and related pattern-makers and cutters,0.25,Low,Creating the blueprint or pattern pieces for a particular apparel design with the aid of a computer;
7532,Garment and related pattern-makers and cutters,0.25,Low,"Calculating dimensions of patterns according to sizes, considering stretching of material;"
7532,Garment and related pattern-makers and cutters,0.22,Very Low,"Drawing details on outlined parts to indicate where parts are to be joined, as well as the positions of pleats, pockets, buttonholes on garments, decorative stitching on shoe parts or eyelets on canvas products using computers or drafting instruments;"
7532,Garment and related pattern-makers and cutters,0.1525,Very Low,Positioning templates or measuring materials to locate specified points of cuts or to obtain maximum yields and mark fabric accordingly;
7532,Garment and related pattern-makers and cutters,0.135,Very Low,Laying out master pattern on fabric and cutting sample pattern;
7532,Garment and related pattern-makers and cutters,0.165,Very Low,Testing patterns by making and fitting sample garments;
7532,Garment and related pattern-makers and cutters,0.14,Very Low,"Placing patterns on top of layers of fabric and cutting fabric following patterns, using electric or manual knives, cutters or computer numerically controlled cutting devices;"
7532,Garment and related pattern-makers and cutters,0.14,Very Low,Cutting fabric or fur pelts to make parts for garments and other fur articles;
7532,Garment and related pattern-makers and cutters,0.13,Very Low,"Trimming excess material or cutting threads off finished products, such as cutting loose ends of a finished product;"
7532,Garment and related pattern-makers and cutters,0.135,Very Low,"Positioning leather on cutting bed of machine, maximizing usage according to skin grain, skin flaws and skin stretch;"
7532,Garment and related pattern-makers and cutters,0.15,Very Low,"Performing patternmaking, marking and cutting tasks in the manufacture of other products such as soft furnishings and canvas goods."
7533,"Sewing, embroidery and related workers",0.0975,Very Low,"Repairing defective or damaged portion of cloth or garment by hand, using matching thread and needle;"
7533,"Sewing, embroidery and related workers",0.1,Very Low,"Removing stitches from garments to be altered, using rippers or razor blades;"
7533,"Sewing, embroidery and related workers",0.135,Very Low,Selecting thread according to specifications or colour of parts or dyeing thread to match colour and shade of cloth to be darned;
7533,"Sewing, embroidery and related workers",0.085,Very Low,"Patching holes, sewing tears and ripped seams, or darning defects in items, using needles and thread;"
7533,"Sewing, embroidery and related workers",0.1275,Very Low,"Pulling knots to the wrong sides of garments, using hooks;"
7533,"Sewing, embroidery and related workers",0.135,Very Low,Trimming ends with scissors to make mended portion look uniform with pattern of cloth;
7533,"Sewing, embroidery and related workers",0.135,Very Low,"Sewing ornamental designs by hand over stamped, printed or stencilled patterns on fabric using needle and coloured thread;"
7533,"Sewing, embroidery and related workers",0.141,Very Low,Embroidering ornamental designs on cloth by hand or machine using needle and coloured threads;
7533,"Sewing, embroidery and related workers",0.115,Very Low,Softening leather or shoe material with water to prepare it for sewing;
7533,"Sewing, embroidery and related workers",0.135,Very Low,"Sewing or gluing decorative trimmings to articles, such as hats, caps or millinery;"
7533,"Sewing, embroidery and related workers",0.135,Very Low,"Hand-sewing umbrella covers to frames, tacking cover to ribs along seams, sewing corners to tip of rib and sewing ties to outside of cover to hold umbrella when folded;"
7533,"Sewing, embroidery and related workers",0.12,Very Low,"Fabricating and assembling thick cloth, canvas and similar materials into sails, awning, tarpaulins and tents."
7534,Upholsterers and related workers,0.37,Low,"Discussing upholstery fabric, colour and style with customers and providing cost estimate for upholstering furniture or other items;"
7534,Upholsterers and related workers,0.24,Very Low,"Making upholstery patterns from sketches, customer descriptions or blueprints;"
7534,Upholsterers and related workers,0.1325,Very Low,"Laying out, measuring and cutting upholstery materials following patterns, templates, sketches, or design specifications;"
7534,Upholsterers and related workers,0.13,Very Low,"Installing, arranging and securing springs, padding and covering material to furniture frames;"
7534,Upholsterers and related workers,0.12,Very Low,Sewing upholstery materials by hand to seam cushions and joining sections of covering materials;
7534,Upholsterers and related workers,0.125,Very Low,"Sewing rips or tears in material, or creating tufting, using needle and thread;"
7534,Upholsterers and related workers,0.1475,Very Low,"Tacking, gluing or sewing ornamental trims, buckles, braids, buttons and other accessories to covers or frames on upholstered items;"
7534,Upholsterers and related workers,0.15,Very Low,"Laying out, cutting, fabricating and installing upholstery in aircrafts, motor vehicles, railway cars, boats and ships;"
7534,Upholsterers and related workers,0.0785,Very Low,Repairing raw hide covering of artificial limbs;
7534,Upholsterers and related workers,0.1425,Very Low,"Renovating antique furniture using a variety of tools including ripping chisels, magnetic hammers and long needles;"
7534,Upholsterers and related workers,0.3425,Low,Collaborating with interior designers to decorate rooms and coordinate furnishing fabrics;
7534,Upholsterers and related workers,0.145,Very Low,"Making quilts, cushions and mattresses."
7535,"Pelt dressers, tanners and fellmongers",0.15,Very Low,"Sorting and grading pelts, hides and skins according to colour, shading, size and density;"
7535,"Pelt dressers, tanners and fellmongers",0.0675,Very Low,"Scraping particles of flesh, fat or protective tissue from skins or pelts to clean and soften them;"
7535,"Pelt dressers, tanners and fellmongers",0.0725,Very Low,Removing hair from skin or hides soaked in lime water;
7535,"Pelt dressers, tanners and fellmongers",0.0975,Very Low,Preparing hides by curing them with salt;
7535,"Pelt dressers, tanners and fellmongers",0.0675,Very Low,"Removing long, coarse hair from pelts and trimming underlying hair to even length;"
7535,"Pelt dressers, tanners and fellmongers",0.1,Very Low,Tanning and dressing pelts to improve lustre and beauty or restore natural appearance of pelts;
7535,"Pelt dressers, tanners and fellmongers",0.125,Very Low,Preparing bark and myrobalan liquor for treating hides or skins;
7535,"Pelt dressers, tanners and fellmongers",0.1125,Very Low,Treating hides and skins in tanning solution to convert them into leather;
7535,"Pelt dressers, tanners and fellmongers",0.13,Very Low,Tinting or dyeing furs to enhance natural shades of fur;
7535,"Pelt dressers, tanners and fellmongers",0.1175,Very Low,Removing wrinkles and setting grains on wet hide or skin;
7535,"Pelt dressers, tanners and fellmongers",0.15,Very Low,Dressing and applying dyes and stains to leather;
7535,"Pelt dressers, tanners and fellmongers",0.1,Very Low,Stretching and smoothing dressed pelts;
7535,"Pelt dressers, tanners and fellmongers",0.135,Very Low,Seasoning leather by applying chemical solution or oil evenly on surface by hand brush and allowing it to dry in open air.
7536,Shoemakers and related workers,0.1475,Very Low,"Making, modifying and repairing standard footwear to meet individual requirements;"
7536,Shoemakers and related workers,0.1475,Very Low,"Making, modifying and repairing orthopaedic or therapeutic footwear according to doctors' prescriptions, or modifying existing footwear for people with foot problems and special needs;"
7536,Shoemakers and related workers,0.12,Very Low,"Repairing belts, luggage, purses and similar products;"
7536,Shoemakers and related workers,0.145,Very Low,Taking plaster casts of deformed legs or feet to prepare drawings;
7536,Shoemakers and related workers,0.1425,Very Low,"Preparing inserts, heel pads and lifts from casts of customers' feet;"
7536,Shoemakers and related workers,0.315,Low,Studying drawings and other specifications to make footwear according to customer‚Äôs needs;
7536,Shoemakers and related workers,0.23,Very Low,"Studying work orders and/or shoe part tags to obtain information about workloads, specifications and the types of materials to be used;"
7536,Shoemakers and related workers,0.2625,Low,"Checking the texture, colour and strength of leather to ensure that it is adequate for a particular purpose;"
7536,Shoemakers and related workers,0.1225,Very Low,"Cutting out, shaping and padding parts for making leather articles;"
7536,Shoemakers and related workers,0.1125,Very Low,"Sewing rips or patching holes to repair articles, such as purses, belts, shoes and luggage;"
7536,Shoemakers and related workers,0.165,Very Low,"Removing and examining shoes, shoe parts and designs to verify conformance to specifications such as proper embedding of stitches in channels;"
7536,Shoemakers and related workers,0.1675,Very Low,Attaching accessories or ornamentation to decorate or protect products;
7536,Shoemakers and related workers,0.12,Very Low,"Making and repairing articles such as saddles and harnesses for animals, luggage, handbags, brief-cases, leather bags, belts and other accessories."
7541,Underwater divers,0.189,Very Low,"Taking safety precautions, such as monitoring dive lengths and depths, and registering with authorities before diving expeditions begin;"
7541,Underwater divers,0.1475,Very Low,"Checking and maintaining diving equipment such as helmets, masks, air tanks, diving suits, harnesses and gauges;"
7541,Underwater divers,0.095,Very Low,"Descending into water with the aid of diver helpers, using scuba gear or diving suits;"
7541,Underwater divers,0.1225,Very Low,"Working under water to lay and repair bridges, piers and harbour-wall foundations;"
7541,Underwater divers,0.1025,Very Low,Inspecting for suspected damage and making minor repairs to ships' hulls and underwater installations;
7541,Underwater divers,0.27,Low,Reporting on condition of wrecked ships;
7541,Underwater divers,0.075,Very Low,Removing underwater obstructions;
7541,Underwater divers,0.1125,Very Low,Drilling holes for underwater blasting;
7541,Underwater divers,0.1,Very Low,Performing various underwater tasks connected with salvage work or recovering dead bodies;
7541,Underwater divers,0.07,Very Low,"Gathering shellfish, sponges and other aquatic life forms"
7541,Underwater divers,0.2325,Very Low,"Communicating with workers on the surface while under water, using signal lines or telephones;"
7541,Underwater divers,0.36,Low,Obtaining information about diving tasks and environmental conditions.
7542,Shotfirers and blasters,0.05,Very Low,"Ensuring workplace safety and explosives handling, storage and transport procedures and regulations are followed;"
7542,Shotfirers and blasters,0.145,Very Low,"Planning and giving instructions for the layout, depth and diameter of blast holes;"
7542,Shotfirers and blasters,0.14,Very Low,Checking depth and cleanliness of blast holes;
7542,Shotfirers and blasters,0.115,Very Low,Determining quantity and type of explosives to be used;
7542,Shotfirers and blasters,0.1075,Very Low,Loading explosives into blast holes;
7542,Shotfirers and blasters,0.096,Very Low,"Assembling, or directing other workers to assemble, primer charges using detonators and explosive cartridges, and attaching electrical wires, fuses and detonating cords to primers;"
7542,Shotfirers and blasters,0.1275,Very Low,"Connecting wires, fuses and detonator cords into series, testing electrical circuits and repairing malfunctions, and connecting series to blasting machines;"
7542,Shotfirers and blasters,0.08,Very Low,"Covering charges, filling blast holes with rock dust, sand and other materials, and tamping material to compact charges;"
7542,Shotfirers and blasters,0.11,Very Low,"Ensuring all explosives are detonated, and reporting and attending to misfires;"
7542,Shotfirers and blasters,0.1025,Very Low,Declaring blast areas safe before and after detonation of explosives;
7542,Shotfirers and blasters,0.2425,Very Low,Compiling and maintaining records about usage of explosives in compliance with laws and regulations.
7543,Product graders and testers (excluding foods and beverages),0.265,Low,"Inspecting and testing products, parts and materials for conformity with specifications and standards;"
7543,Product graders and testers (excluding foods and beverages),0.1575,Very Low,Grading and classifying natural textile fibres for spinning and winding;
7543,Product graders and testers (excluding foods and beverages),0.285,Low,"Discarding or rejecting products, materials and equipment not meeting specifications;"
7543,Product graders and testers (excluding foods and beverages),0.315,Low,"Analysing and interpreting blueprints, data, manuals, and other materials to determine specifications, inspection and testing procedures;"
7543,Product graders and testers (excluding foods and beverages),0.2775,Low,"Notifying supervisors and other personnel of production problems, and assisting in identifying and correcting these problems;"
7543,Product graders and testers (excluding foods and beverages),0.365,Low,"Recording inspection or test data, such as weights, temperatures, grades or moisture content, and quantities inspected or graded;"
7543,Product graders and testers (excluding foods and beverages),0.315,Low,Marking items with details such as grade and acceptance or rejection status;
7543,Product graders and testers (excluding foods and beverages),0.24,Very Low,"Measuring dimensions of products using instruments such as rulers, callipers, gauges, or micrometers;"
7543,Product graders and testers (excluding foods and beverages),0.5575,Medium,Analysing test data and making computations as necessary to determine test results.
7544,Fumigators and other pest and weed controllers,0.1575,Very Low,Operating and monitoring equipment for spraying pests and weeds;
7544,Fumigators and other pest and weed controllers,0.165,Very Low,Mixing chemicals according to instructions;
7544,Fumigators and other pest and weed controllers,0.14,Very Low,"Covering areas to specified depths with pesticides, applying knowledge of weather conditions, droplet sizes, elevation-to-distance ratios, and obstructions;"
7544,Fumigators and other pest and weed controllers,0.07,Very Low,"Spraying or releasing chemical solutions or toxic gases and setting traps to kill pests and vermin, such as mice, termites and roaches;"
7544,Fumigators and other pest and weed controllers,0.0925,Very Low,"Lifting, pushing and swinging nozzles, hoses and tubes in order to direct spray over designated areas;"
7544,Fumigators and other pest and weed controllers,0.1625,Very Low,Filling sprayer tanks with water and chemicals;
7544,Fumigators and other pest and weed controllers,0.145,Very Low,Cleaning and servicing machinery to ensure operating efficiency.
7549,Craft and related workers not elsewhere classified,0.1375,Very Low,"Heating, moulding and pressing optical glass to make lens blanks;"
7549,Craft and related workers not elsewhere classified,0.15,Very Low,Grinding and polishing lens blanks.
8111,Miners and quarriers,0.145,Very Low,"Positioning, operating and monitoring the performance of a variety of underground and surface mining equipment including continuous mining, cutting and channelling plant;"
8111,Miners and quarriers,0.125,Very Low,Setting up and operating drilling equipment in underground and surface mines and quarries;
8111,Miners and quarriers,0.1275,Very Low,"Operating machinery and using hand or power tools to remove loosened rock, ore, coal and other deposits;"
8111,Miners and quarriers,0.115,Very Low,"Preparing, fitting and installing supports in underground workings including rock bolts;"
8111,Miners and quarriers,0.16,Very Low,"Operating machinery to open new shafts, drives, air vents and rises;"
8111,Miners and quarriers,0.135,Very Low,"Operating auxiliary plant such as pumps to expel air, water and mud;"
8111,Miners and quarriers,0.135,Very Low,"Performing minor maintenance and repairs and lubricating and cleaning plant, machines and tools;"
8111,Miners and quarriers,0.46,Low,Completing records detailing operations completed during shifts;
8111,Miners and quarriers,0.15,Very Low,Collecting mineral samples for laboratory analysis.
8112,Mineral and stone processing plant operators,0.16,Very Low,"Setting up and operating stationary plant and machinery which grind, crush, cut, saw and slice rocks, minerals and stones according to the specifications for the job;"
8112,Mineral and stone processing plant operators,0.11,Very Low,"Positioning blocks and slabs of stone onto machines for sawing, cutting and further working;"
8112,Mineral and stone processing plant operators,0.19,Very Low,"Monitoring and maintaining the flow of unprocessed rocks, minerals and stones from conveyors into machines;"
8112,Mineral and stone processing plant operators,0.155,Very Low,"Operating washing, separating, leaching, precipitating, filtering, extracting and combining equipment to remove waste material and recover minerals;"
8112,Mineral and stone processing plant operators,0.15,Very Low,Combining mineral ores with solvents to facilitate further processing;
8112,Mineral and stone processing plant operators,0.2,Very Low,"Separating metal and mineral concentrates from ore and alluvial deposits by thickening, flotation, gravity separation, filtration, and or magnetic and electrostatic separation;"
8112,Mineral and stone processing plant operators,0.225,Very Low,"Observing meters, gauges and control panels, and adjusting valves and controls to ensure the safe and efficient operation of equipment, and detecting malfunctions, and assisting with plant and machinery maintenance and repair;"
8112,Mineral and stone processing plant operators,0.3,Low,"Examining processed materials visually or with hands to ensure compliance with established standards and job specifications, and collecting samples for testing in laboratories;"
8112,Mineral and stone processing plant operators,0.46,Low,"Recording information about processing completed during shifts, such as quantities, types and dimensions of materials produced;"
8112,Mineral and stone processing plant operators,0.13,Very Low,"Sorting, stacking and moving processed minerals and stone for packaging, further processing or shipping."
8113,Well drillers and borers and related workers,0.11,Very Low,"Dismantling, moving and assembling drilling rigs and auxiliary equipment;"
8113,Well drillers and borers and related workers,0.1225,Very Low,"Assembling and dismantling pipes, casings and drill heads, and replacing dysfunctional equipment;"
8113,Well drillers and borers and related workers,0.15,Very Low,"Operating controls to lower and raise drill pipes and casings in and out of wells, regulate pressure in the well and control the speed of tools;"
8113,Well drillers and borers and related workers,0.135,Very Low,Preparing drilling fluid and checking the operation of pumps to ensure adequate circulation of fluid in drill pipe and well;
8113,Well drillers and borers and related workers,0.2325,Very Low,"Monitoring gauges and other indicators and listening to equipment to detect malfunctions and unusual well conditions, and determining the need to change drilling or equipment;"
8113,Well drillers and borers and related workers,0.115,Very Low,"Maintaining, adjusting, repairing and cleaning drilling rigs, hoisting and other machinery;"
8113,Well drillers and borers and related workers,0.5,Medium,Maintaining records of drilling and servicing operations;
8113,Well drillers and borers and related workers,0.1425,Very Low,"Operating machines and tools to extract dust, cuttings and lost and broken drilling equipment from holes and wells;"
8113,Well drillers and borers and related workers,0.1125,Very Low,Closing and sealing wells no longer in use;
8113,Well drillers and borers and related workers,0.255,Low,Supervising and training crew members.
8114,"Cement, stone and other mineral products machine operators",0.16,Very Low,"Operating extrusion, moulding, mixing, pumping, compacting, grinding and cutting machinery to manufacture and finish precast concrete and stone products;"
8114,"Cement, stone and other mineral products machine operators",0.185,Very Low,"Operating plant to produce cement, lime and clinker, including loading and unloading ingredients and operating continuous feed equipment such as pumps and conveyors;"
8114,"Cement, stone and other mineral products machine operators",0.145,Very Low,"Operating plant and machines which weigh and mix sand, gravel, cement, water and other ingredients to make concrete;"
8114,"Cement, stone and other mineral products machine operators",0.16,Very Low,"Operating plant and machinery which assembles and fills moulds with concrete and artificial stone mixtures, removes castings from moulds and finishes surfaces of precast products;"
8114,"Cement, stone and other mineral products machine operators",0.1275,Very Low,"Cutting, grinding, drilling, sandblasting and polishing concrete products and stone blocks, slabs and products to the specifications for the job;"
8114,"Cement, stone and other mineral products machine operators",0.2975,Low,"Checking production plans and specifications to determine and select materials, ingredients, procedures, components, settings and adjustments for extrusion, moulding, mixing and compacting machines;"
8114,"Cement, stone and other mineral products machine operators",0.2575,Low,"Monitoring plant and machines during operation by observing instruments such as temperature and pressure gauges, and adjusting controls and reporting malfunctions as necessary;"
8114,"Cement, stone and other mineral products machine operators",0.28,Low,Collecting and examining samples of mixtures and finished products for conformity to specifications and adjusting machine settings accordingly;
8114,"Cement, stone and other mineral products machine operators",0.4975,Low,"Checking and maintaining production records, including information about quantities, dimensions and types of materials and goods produced;"
8114,"Cement, stone and other mineral products machine operators",0.1535,Very Low,Arranging and assisting with plant and machinery maintenance and repair.
8121,Metal processing plant operators,0.225,Very Low,"Setting up, preparing and adjusting mineral ore and metal processing machinery to carry out one step in the overall mineral ore or metal processing operation;"
8121,Metal processing plant operators,0.15,Very Low,"Operating single-function machinery to grind, separate, filter, mix, treat, cast, roll, refine or otherwise process metals and mineral ores;"
8121,Metal processing plant operators,0.28,Low,"Observing gauges, meters, computer printouts, video monitors and products to ensure correct operation of machines and verify specified processing conditions;"
8121,Metal processing plant operators,0.295,Low,"Adjusting equipment, valves, pumps, controls and process equipment;"
8121,Metal processing plant operators,0.27,Low,"Controlling the preparation, measuring and feeding of raw materials and processing agents into plant;"
8121,Metal processing plant operators,0.245,Very Low,"Controlling process start-up and shut-down, troubleshooting and monitoring outside process equipment;"
8121,Metal processing plant operators,0.18,Very Low,"Verifying equipment for malfunctions, carrying out routine operating tests and arranging for maintenance;"
8121,Metal processing plant operators,0.475,Low,"Analysing sample products, performing tests, recording data and writing production logs."
8122,"Metal finishing, plating and coating machine operators",0.1625,Very Low,"Operating and monitoring equipment which cleans metal articles in preparation for electroplating, galvanizing, enamelling or similar processes;"
8122,"Metal finishing, plating and coating machine operators",0.23,Very Low,Operating and monitoring electroplating equipment;
8122,"Metal finishing, plating and coating machine operators",0.2225,Very Low,Operating and monitoring hot-dip equipment used to coat iron and steel products;
8122,"Metal finishing, plating and coating machine operators",0.18125,Very Low,Operating and monitoring machines which automatically coat wire with non-ferrous metal;
8122,"Metal finishing, plating and coating machine operators",0.215,Very Low,Operating and monitoring equipment used to spray molten metal or other substances onto metal products to provide a protective or decorative coating or to build up worn or damaged surfaces;
8122,"Metal finishing, plating and coating machine operators",0.185,Very Low,Operating and monitoring equipment used to impart a rust-resistant finish to metal articles by treating them with chemicals and heating them;
8122,"Metal finishing, plating and coating machine operators",0.275,Low,"Checking proper thickness of plating using micrometers, callipers or other devices recording data and writing production logs;"
8122,"Metal finishing, plating and coating machine operators",0.1675,Very Low,Preparing and mixing metalizing solutions according to formulas or specifications.
8131,Chemical products plant and machine operators,0.195,Very Low,"Setting up, starting, controlling, adjusting and stopping machines and plant;"
8131,Chemical products plant and machine operators,0.295,Low,Monitoring reaction processes and transfers of products in conformity with safety procedures;
8131,Chemical products plant and machine operators,0.275,Low,"Monitoring meters, gauges and electronic instrumentation on one or more chemical or formulation units, such as mixers, kettles, blenders, dryers, tabletting, encapsulation, granulation and coating machines;"
8131,Chemical products plant and machine operators,0.21,Very Low,"Measuring, weighing and loading chemical ingredients following formulation cards;"
8131,Chemical products plant and machine operators,0.345,Low,Making samples and performing routine chemical and physical tests of products and recording production data;
8131,Chemical products plant and machine operators,0.145,Very Low,Cleaning and performing minor repairs to machines and plant.
8132,Photographic products machine operators,0.195,Very Low,Operating and monitoring equipment which makes photographic film and paper;
8132,Photographic products machine operators,0.32,Low,"Operating, monitoring and testing photographic processing and printing equipment, and maintaining operational standards;"
8132,Photographic products machine operators,0.1825,Very Low,Preparing exposed film for different processing batches in dark rooms and dark chambers;
8132,Photographic products machine operators,0.2775,Low,"Inspecting images, films and prints, and adjusting settings on printmaking equipment to produce required colour, brightness, contrast, number, size and type of prints;"
8132,Photographic products machine operators,0.345,Low,Adjusting settings and running automatic developing equipment;
8132,Photographic products machine operators,0.25,Low,Operating equipment to transfer film to videotape or other electronic media;
8132,Photographic products machine operators,0.315,Low,Performing photographic processing-related tasks;
8132,Photographic products machine operators,0.2875,Low,"Operating automatic equipment (in retail establishments) to develop colour negatives, prints and slides;"
8141,Rubber products machine operators,0.165,Very Low,"Operating and monitoring machines which knead, mix and blend rubber and rubber compounds for further processing;"
8141,Rubber products machine operators,0.165,Very Low,Operating and monitoring machines which produce sheets of rubber or rubberized fabric by a rolling process;
8141,Rubber products machine operators,0.16,Very Low,Operating and monitoring machines which extrude compounded rubber or shape vulcanized rubber by moulding;
8141,Rubber products machine operators,0.18,Very Low,"Operating and monitoring machines which build up tires on a form, vulcanise tires and mould or rebuild used tyres;"
8141,Rubber products machine operators,0.2725,Low,Examining outputs for defects and conformity to specifications;
8141,Rubber products machine operators,0.151,Very Low,Locating defects and repairing worn and faulty tyres by vulcanizing or other processes.
8142,Plastic products machine operators,0.17,Very Low,Operating and monitoring machines which knead and blend compounds to obtain plastic materials;
8142,Plastic products machine operators,0.165,Very Low,"Operating and monitoring machines which shape plastic materials by moulding, extrusion, blowing, cutting and other means;"
8142,Plastic products machine operators,0.185,Very Low,Operating and monitoring machines which laminate plastics and plastic-impregnated materials or produce fibreglass;
8142,Plastic products machine operators,0.13,Very Low,"Encasing uncoated wire, cord, cable and optic fibre in plastic;"
8142,Plastic products machine operators,0.285,Low,Examining outputs for defects and conformity to specifications;
8142,Plastic products machine operators,0.15,Very Low,Recycling waste plastic materials;
8142,Plastic products machine operators,0.14,Very Low,"Making artificial eyes and contact lens discs, making and repairing spectacle frames and plastic parts of orthopaedic appliances."
8143,Paper products machine operators,0.18,Very Low,"Operating and monitoring machines which glue paper to cardboard, cut it to the required length or cut and crease cardboard or paperboard to form box blanks;"
8143,Paper products machine operators,0.1625,Very Low,"Operating and monitoring pressing machines which form drinking cups or other containers from paper, paperboard or cardboard;"
8143,Paper products machine operators,0.2,Very Low,"Operating and monitoring machines which cut, fold and glue paper to make envelopes and paper bags, or which form bags from other similar material."
8151,"Fibre preparing, spinning and winding machine operators",0.151,Very Low,Operating and monitoring machines for tearing woollen rags into fibre;
8151,"Fibre preparing, spinning and winding machine operators",0.17,Very Low,Operating and monitoring machines for cleaning and turning woollen yarn waste into fluffed wool;
8151,"Fibre preparing, spinning and winding machine operators",0.18,Very Low,Operating and monitoring machines which combine textile fibres into uniform blends;
8151,"Fibre preparing, spinning and winding machine operators",0.165,Very Low,"Operating and monitoring machines which clean and fluff textile fibres, transform them into sliver, comb them into sliver for first drawing, combine slivers into sliver lap or sliver laps into ribbon lap;"
8151,"Fibre preparing, spinning and winding machine operators",0.14625,Very Low,"Operating draw frame (machine) having number of drawing sets, each set combining several slivers into one of nearly same weight and thickness as any of original sliver;"
8151,"Fibre preparing, spinning and winding machine operators",0.1625,Very Low,"Operating and monitoring machines which spin thread and yarn from roving, wind two or more threads onto bobbin, twist two or more strands of yarn or thread into single strands of yarn to increase strength, smoothness and/or uniformity of yarn, or wind yarn or thread from one package to another;"
8151,"Fibre preparing, spinning and winding machine operators",0.1675,Very Low,Operating and monitoring spinning frame that draws out and twists roving or sliver into yarn;
8151,"Fibre preparing, spinning and winding machine operators",0.165,Very Low,Operating and monitoring machines for drawing slivers received from drawing machine into loosely twisted strands;
8151,"Fibre preparing, spinning and winding machine operators",0.15,Very Low,"Preparing sizing for use in stiffening and finishing cloth and yarn by mixing ingredients such as starch, tallow, resins, soaps with water and boiling mixture for specified time in steam;"
8151,"Fibre preparing, spinning and winding machine operators",0.1375,Very Low,Treating textiles with chemicals to make them water resistant;
8151,"Fibre preparing, spinning and winding machine operators",0.11,Very Low,Cleaning rollers and cylinders of carding machines to remove wool waste;
8151,"Fibre preparing, spinning and winding machine operators",0.155,Very Low,"Operating and resurfacing metal drawing rolls of various spinning, combing and lapping machines with new rubber or leather covers."
8152,Weaving and knitting machine operators,0.215,Very Low,"Setting up and operating batteries of automatic, link-type knitting machines to knit garments of specified pattern and design;"
8152,Weaving and knitting machine operators,0.1325,Very Low,"Threading yarn, thread and fabric through guides, needles, and rollers of machines for weaving, knitting or other processing;"
8152,Weaving and knitting machine operators,0.2,Very Low,"Tending automatic looms that simultaneously weave pile yarn, filling yarn and warp yarn material to produce carpets and rugs with various coloured designs;"
8152,Weaving and knitting machine operators,0.165,Very Low,Operating and monitoring loom on which yarn or twist is intersected and knotted at regular intervals to form mesh;
8152,Weaving and knitting machine operators,0.1775,Very Low,"Operating and monitoring large automatic multi-needle machines to embroider material or to sew lengths of several layers of material to make yard goods, quilts or mattress coverings;"
8152,Weaving and knitting machine operators,0.165,Very Low,Tending circular knitting machines with automatic pattern controls that knit seamless hose;
8152,Weaving and knitting machine operators,0.165,Very Low,Operating and monitoring knitting machines to knit hosiery to shape of foot and leg;
8152,Weaving and knitting machine operators,0.16,Very Low,Operating and monitoring machine for knitting heel and toes of socks into ribs or tops cut from circular fabric;
8152,Weaving and knitting machine operators,0.1625,Very Low,Operating and monitoring machine which seams openings in toes of socks;
8152,Weaving and knitting machine operators,0.16,Very Low,"Operating and monitoring crochet machine to knit lace, trimming etc. of desired pattern or design;"
8152,Weaving and knitting machine operators,0.1975,Very Low,"Examining looms to determine causes of loom stoppage, such as warp filling, harness breaks or mechanical defects;"
8152,Weaving and knitting machine operators,0.125,Very Low,Repairing or replacing worn or defective needles and other components;
8152,Weaving and knitting machine operators,0.12,Very Low,"Cleaning, oiling, and lubricating machines, using air hoses, cleaning solutions, rags, oil cans, and/or grease guns."
8153,Sewing machine operators,0.155,Very Low,"Operating or tending sewing machines to perform garment sewing operations, such as joining, reinforcing, seaming or decorating garments or garment parts;"
8153,Sewing machine operators,0.1225,Very Low,"Attaching buttons, hooks, zippers, fasteners or other accessories to fabric, using feeding hoppers or clamp holders;"
8153,Sewing machine operators,0.1425,Very Low,Tending semiautomatic sewing machines with multiple-sewing heads controlled by pattern chain that embroiders various designs on garments;
8153,Sewing machine operators,0.165,Very Low,"Operating machines, such as single or double needle sergers and flat-bed felling machines to automatically join, reinforce, or decorate material or articles;"
8153,Sewing machine operators,0.12,Very Low,Operating fur sewing machines to join fur pelt strips to required size and shape and join pelts into garment sections or shells;
8153,Sewing machine operators,0.125,Very Low,"Operating stitching machines to sew leather parts together for leather garments, handbags , gloves or similar items;"
8153,Sewing machine operators,0.2175,Very Low,"Monitoring machine operation to detect problems such as defective stitching, breaks in thread, or machine malfunctions;"
8153,Sewing machine operators,0.135,Very Low,Performing equipment maintenance tasks such as replacing needles.
8154,"Bleaching, dyeing and fabric cleaning machine operators",0.18,Very Low,"Starting and controlling machines and equipment to bleach, dye or otherwise process and finish fabric, yarn, thread and/or other textile goods;"
8154,"Bleaching, dyeing and fabric cleaning machine operators",0.1575,Very Low,Tending machines that shrink woven or knitted cloth to predetermined size or strengthen the weave by interlocking the fibres;
8154,"Bleaching, dyeing and fabric cleaning machine operators",0.135,Very Low,Tending a variety of automatic machines that comb and polish furs;
8154,"Bleaching, dyeing and fabric cleaning machine operators",0.19,Very Low,Operating and monitoring machines that treat silk to give it body and weight;
8154,"Bleaching, dyeing and fabric cleaning machine operators",0.185,Very Low,Operating and monitoring machines that impregnate textiles with chemicals to render them waterproof;
8154,"Bleaching, dyeing and fabric cleaning machine operators",0.1475,Very Low,Dyeing articles to change or restore their colours;
8154,"Bleaching, dyeing and fabric cleaning machine operators",0.19,Very Low,Operating and monitoring machines that stretch or impart lustre or other type of finish to textiles;
8154,"Bleaching, dyeing and fabric cleaning machine operators",0.115,Very Low,Tending and regulating equipment that fumigates and removes foreign matter from furs;
8154,"Bleaching, dyeing and fabric cleaning machine operators",0.17,Very Low,"Operating machines that comb, dry and polish furs, and clean, sterilize and fluff feathers and blankets;"
8154,"Bleaching, dyeing and fabric cleaning machine operators",0.65,Medium,Keying in processing instructions to programme electronic equipment;
8154,"Bleaching, dyeing and fabric cleaning machine operators",0.2825,Low,"Observing display screens, control panels, equipment, and cloth entering or exiting processes to determine if equipment is operating correctly;"
8154,"Bleaching, dyeing and fabric cleaning machine operators",0.115,Very Low,Cleaning machine filters and lubricating equipment.
8155,Fur and leather preparing machine operators,0.165,Very Low,Operating and monitoring machines which remove flesh and fat from hides or pelts to clean and soften them prior to processing;
8155,Fur and leather preparing machine operators,0.11,Very Low,"Operating and monitoring machines which remove long coarse hair from fur pelts, trim hair to even length and dye, stretch and smooth dressed pelts;"
8155,Fur and leather preparing machine operators,0.105,Very Low,"Operating and monitoring machines to remove epidermis hair roots, pigment cells and lime salts from grain side of skin;"
8155,Fur and leather preparing machine operators,0.1575,Very Low,Operating and monitoring machines to reduce thickness of hide or skin to uniform size;
8155,Fur and leather preparing machine operators,0.155,Very Low,Operating and monitoring machines to polish or roughen hides or skins to specified finishes;
8155,Fur and leather preparing machine operators,0.1625,Very Low,"Operating and monitoring machines which separate residual wool from skins, or flesh and hair from hides;"
8155,Fur and leather preparing machine operators,0.1675,Very Low,Operating and monitoring machines in which hides are split edgeways to form two or more pieces or to give uniform thickness;
8155,Fur and leather preparing machine operators,0.161,Very Low,Operating and monitoring machines which treat hides and skins in solutions to convert them into leather;
8155,Fur and leather preparing machine operators,0.1225,Very Low,Treating surface of leather with oil and operating glazing machine to give glossy finishes to leather;
8155,Fur and leather preparing machine operators,0.165,Very Low,Operating and monitoring machines which apply dyes and stains to leather
8155,Fur and leather preparing machine operators,0.135,Very Low,Maintaining and repairing vats and other machinery
8156,Shoemaking and related machine operators,0.17,Very Low,Operating and monitoring machines which mark patterns and cut shoe parts;
8156,Shoemaking and related machine operators,0.1375,Very Low,"Operating and monitoring machines which sew shoe parts together, or edge, polish, or apply ornaments and perform finishing tasks;"
8156,Shoemaking and related machine operators,0.18,Very Low,"Operating and monitoring machines which produce luggage, handbags, belts and other accessories, as well as other items such as saddles, collars or harnesses."
8157,Laundry machine operators,0.1425,Very Low,"Sorting articles for cleaning according to the type, colour, fabric and cleaning treatment required;"
8157,Laundry machine operators,0.1375,Very Low,Placing sorted articles into receptacles and onto conveyor belts for moving to repair and cleaning areas;
8157,Laundry machine operators,0.1375,Very Low,"Checking and removing stains from garments, replacing buttons and making minor repairs;"
8157,Laundry machine operators,0.1375,Very Low,"Loading and unloading washing machines, driers and extractors;"
8157,Laundry machine operators,0.15,Very Low,Adding cleaning agents and starches to articles;
8157,Laundry machine operators,0.1575,Very Low,Smoothing articles and guiding them through cleaning and pressing machines;
8157,Laundry machine operators,0.15,Very Low,"Stopping and starting machines to untangle, straighten and remove articles;"
8157,Laundry machine operators,0.17,Very Low,Placing articles on shelves and hanging articles for delivery and collection;
8157,Laundry machine operators,0.225,Very Low,Packaging articles and preparing orders for despatch.
8159,"Textile, fur and leather products machine operators not elsewhere classified",0.165,Very Low,"Operating and monitoring machines which form and make hats out of textiles, fur or leather;"
8159,"Textile, fur and leather products machine operators not elsewhere classified",0.155,Very Low,Operating and monitoring machines which make miscellaneous articles such as braids or other trimmings;
8159,"Textile, fur and leather products machine operators not elsewhere classified",0.135,Very Low,Operating and monitoring machines which fold cloth into measured length;
8159,"Textile, fur and leather products machine operators not elsewhere classified",0.165,Very Low,"Operating and monitoring machines which wind thread, twine, or yarn into balls preparatory to shipping or further processing;"
8159,"Textile, fur and leather products machine operators not elsewhere classified",0.1675,Very Low,Operating and monitoring machines to measure size of pieces of leather.
8160,Food and related products machine operators,0.11,Very Low,"Operating and monitoring machinery used to restrain, stun, slaughter animals and to trim carcasses into standard meat and fish cuts;"
8160,Food and related products machine operators,0.155,Very Low,"Setting, operating and attending machinery and ovens to mix, bake and otherwise prepare bread and flour confectionery products;"
8160,Food and related products machine operators,0.131,Very Low,"Operating machinery to crush, mix, malt, cook and ferment grains and fruits to produce beer, wines, malt liquors, vinegar, yeast and related products;"
8160,Food and related products machine operators,0.1765,Very Low,"Attending equipment to make jam, toffee, cheese, processed cheese, margarine, syrup, ice, pasta, ice-cream, sausages, chocolate, maize starch, edible fats and dextrin;"
8160,Food and related products machine operators,0.175,Very Low,"Operating equipment to cool, heat, dry, roast, blanch, pasteurize, smoke, sterilize, freeze, evaporate and concentrate foodstuffs and liquids used in food processing;"
8160,Food and related products machine operators,0.19,Very Low,"Mixing, pulping, grinding, blending and separating foodstuffs and liquids with churning, pressing, sieving, grinding and filtering equipment;"
8160,Food and related products machine operators,0.135,Very Low,"Processing tobacco leaves by machine to make cigarettes, cigars, pipe and other tobacco products."
8171,Pulp and papermaking plant operators,0.18,Very Low,"Operating and monitoring screening and bleaching equipment, digesters, mixing tanks, washers and other pulp processing machinery and equipment to carry out one or more cellulose processing steps;"
8171,Pulp and papermaking plant operators,0.2125,Very Low,"Operating and monitoring papermaking and finishing process machinery and equipment to dry, calender, laminate, coat, slit, trim, wind or carry out other papermaking and finishing process steps;"
8171,Pulp and papermaking plant operators,0.165,Very Low,"Controlling start-up and shut-down of machinery and equipment, and observing equipment and machinery panel indicators, gauges, and other equipment to detect machinery and equipment malfunctions and ensure process steps are carried out according to specifications;"
8171,Pulp and papermaking plant operators,0.35,Low,Communicating with process control operators to make process adjustments and start up or shut down machinery and equipment as required;
8171,Pulp and papermaking plant operators,0.335,Low,Analysing instrument readings and production test samples and making adjustments to production process and equipment as required;
8171,Pulp and papermaking plant operators,0.135,Very Low,"Mounting, positioning and threading paper rolls using a hoist;"
8171,Pulp and papermaking plant operators,0.265,Low,"Inspecting paper visually for wrinkles, holes, discoloration, streaks or other defects and taking corrective action;"
8171,Pulp and papermaking plant operators,0.56,Medium,Completing and maintaining production reports.
8172,Wood processing plant operators,0.115,Very Low,"Examining logs and rough lumber to determine size, condition, quality and other characteristics to decide best lumber cuts to carry out, or operating automated equipment to convey logs through laser scanners which determine the most productive and profitable cutting patterns;"
8172,Wood processing plant operators,0.23,Very Low,Operating and monitoring log in-feed and conveyor systems;
8172,Wood processing plant operators,0.115,Very Low,"Operating and monitoring head saws, resaws and multiblade saws to saw logs, cants, flitches, slabs or wings and remove rough edges from sawn timber into dressed lumber of various sizes, and saw or split shingles and shakes;"
8172,Wood processing plant operators,0.155,Very Low,Operating and monitoring plywood core-laying machines and hot-plate plywood presses and machines which cut veneer;
8172,Wood processing plant operators,0.105,Very Low,Cleaning and lubricating sawmill equipment.
8181,Glass and ceramics plant operators,0.18,Very Low,Operating and monitoring glass-making furnaces to make glass by melting and fusing pre-mixed ingredients;
8181,Glass and ceramics plant operators,0.14625,Very Low,Tending hot- or cold-end spray equipment used to coat glassware with surface hardener;
8181,Glass and ceramics plant operators,0.1455,Very Low,"Operating and maintaining machines that press or blow molten glass in moulds to form or shape containers, such as bottles, jars and drinking glasses;"
8181,Glass and ceramics plant operators,0.125,Very Low,Operating hand press to mould glass into required shape;
8181,Glass and ceramics plant operators,0.1725,Very Low,Operating drawing kiln to process molten glass into continuous sheet of flat glass;
8181,Glass and ceramics plant operators,0.215,Very Low,Operating and monitoring floating-glass production plant;
8181,Glass and ceramics plant operators,0.15,Very Low,"Operating and maintaining finishing machines to grind, drill, sand, bevel, decorate, wash or polish glass or glass products;"
8181,Glass and ceramics plant operators,0.1425,Very Low,Setting and operating press machines to mould ceramic articles from moist clay;
8181,Glass and ceramics plant operators,0.13,Very Low,Operating machines to mix clay with water to knead it into a suitable plastic condition or semi-liquid form for making ceramic products;
8181,Glass and ceramics plant operators,0.165,Very Low,"Operating and monitoring kilns which bake pottery, porcelain ware bricks and tiles;"
8181,Glass and ceramics plant operators,0.17125,Very Low,Operating and monitoring machines for making glaze or abrasives;
8181,Glass and ceramics plant operators,0.1675,Very Low,Operating and monitoring machines which extrude molten glass to form fibreglass filaments;
8181,Glass and ceramics plant operators,0.345,Low,"Observing finished products to identify splits, cracks, breaks, colour and other imperfections."
8182,Steam engine and boiler operators,0.175,Very Low,"Operating, cleaning, lubricating and monitoring steam engines, boilers and auxiliary equipment such as pumps, compressors and air-conditioning equipment to supply and maintain steam and power for buildings, marine vessels or pneumatic tools;"
8182,Steam engine and boiler operators,0.235,Very Low,"Analysing and recording instrument readings, troubleshooting and performing minor repairs to prevent equipment or system failure;"
8182,Steam engine and boiler operators,0.26,Low,"Monitoring and inspecting performance of equipment for efficient operation and ensuring boiler water, chemical, and fuel are maintained at required levels;"
8182,Steam engine and boiler operators,0.1475,Very Low,"Firing coal furnaces by hand or with stokers and gas- or oil-fed boilers, using automatic gas feeds or oil pumps;"
8182,Steam engine and boiler operators,0.185,Very Low,"Testing boiler water quality or arrange for testing, adjusting and taking necessary corrective action, such as adding chemicals to prevent corrosion and harmful deposits;"
8182,Steam engine and boiler operators,0.2125,Very Low,"Monitoring ship‚Äôs engine, machinery and equipment indicators, recording variables and reporting abnormalities to ship‚Äôs engineer officer on watch;"
8182,Steam engine and boiler operators,0.15,Very Low,Operating and maintaining off-loading liquid pumps and valves.
8183,"Packing, bottling and labelling machine operators",0.2225,Very Low,"Operating and monitoring machines that weigh, wrap, seal and pack various products;"
8183,"Packing, bottling and labelling machine operators",0.215,Very Low,"Operating and monitoring machines that fill and seal tubes, bottles, cans, boxes, bags and other containers with products such as food, beverages, paints, oils and lotions;"
8183,"Packing, bottling and labelling machine operators",0.23,Very Low,"Operating and monitoring machines that, by gluing or other methods, label products, packages and various containers."
8211,Mechanical machinery assemblers,0.145,Very Low,"Assembling and installing prefabricated parts or components to form subassemblies, mechanical machinery, engines and finished motor vehicles;"
8211,Mechanical machinery assemblers,0.28,Low,"Reviewing work orders, specifications, diagrams and drawings to determine materials needed and assembly instructions;"
8211,Mechanical machinery assemblers,0.56,Medium,Recording production and operational data on specified forms;
8211,Mechanical machinery assemblers,0.22,Very Low,Inspecting and testing completed components and assemblies;
8211,Mechanical machinery assemblers,0.1425,Very Low,Rejecting faulty assemblies and components;
8212,Electrical and electronic equipment assemblers,0.145,Very Low,"Assembling component parts and electrical and electronic systems and positioning, aligning and fastening units to assemblies, subassemblies or frames using hand or power tools, soldering and micro-welding equipment;"
8212,Electrical and electronic equipment assemblers,0.265,Low,"Reviewing work orders, specifications, diagrams and drawings to determine materials needed and assembly instructions;"
8212,Electrical and electronic equipment assemblers,0.6,Medium,Recording production and operational data on specified forms;
8212,Electrical and electronic equipment assemblers,0.1175,Very Low,"Operating wire-coiling machines to wind wire coils used in electrical equipment and components such as registers, transformers, armature wires, electric motors and generators;"
8212,Electrical and electronic equipment assemblers,0.25625,Low,"Inspecting and testing completed components and assemblies, wiring installations and circuits and rejecting faulty assembly components;"
8219,Assemblers not elsewhere classified,0.135,Very Low,"Assembling component parts and positioning, aligning and fastening units to assemblies, subassemblies or frames using hand or power tools, soldering and micro-welding equipment;"
8219,Assemblers not elsewhere classified,0.285,Low,"Reviewing work orders, specifications, diagrams and drawings to determine materials needed and assembly instructions;"
8219,Assemblers not elsewhere classified,0.59,Medium,Recording production and operational data on specified forms;
8219,Assemblers not elsewhere classified,0.265,Low,Inspecting and testing components and completed assemblies;
8219,Assemblers not elsewhere classified,0.32,Low,Rejecting faulty products.
8311,Locomotive engine drivers,0.165,Very Low,"Driving or assisting in driving a steam, electric or diesel-electric locomotive engine;"
8311,Locomotive engine drivers,0.16,Very Low,Driving an underground or elevated passenger train;
8311,Locomotive engine drivers,0.1625,Very Low,Driving a locomotive to haul carriages underground or on the surface of a mine or quarry;
8311,Locomotive engine drivers,0.17,Very Low,"Watching for track hazards, observing signals and indicator gauges;"
8311,Locomotive engine drivers,0.335,Low,Operating communications systems to communicate with train crews and traffic controllers to ensure safe operation and scheduling of trains.
8312,"Railway brake, signal and switch operators",0.15,Very Low,Taking charge of and safeguarding freight train during run;
8312,"Railway brake, signal and switch operators",0.235,Very Low,Controlling flow of railway traffic over section of line by operating signals and switches from control panel or signal box;
8312,"Railway brake, signal and switch operators",0.165,Very Low,"Switching and coupling rolling stock in railway yards and sidings in accordance with orders about loading, unloading and make-up of trains;"
8312,"Railway brake, signal and switch operators",0.19,Very Low,Making up trains for hauling by locomotive or cable and directing their movement along haulage ways in a mine or quarry;
8312,"Railway brake, signal and switch operators",0.135,Very Low,"Checking train systems and equipment such as air conditioning and heating systems, brakes and brake hoses prior to train run."
8321,Motorcycle drivers,0.1775,Very Low,"Driving and tending motorcycles or motorized tricycles to transport materials, goods and passengers;"
8321,Motorcycle drivers,0.1775,Very Low,Observing traffic rules and signals;
8321,Motorcycle drivers,0.12,Very Low,Cleaning and washing vehicles as well as performing maintenance and minor repairs;
8321,Motorcycle drivers,0.55,Medium,Keeping a record of journeys;
8321,Motorcycle drivers,0.22375,Very Low,Delivering messages.
8322,"Car, taxi and van drivers",0.1725,Very Low,"Driving and tending passenger, vans, cars or taxis;"
8322,"Car, taxi and van drivers",0.165,Very Low,"Driving and tending cars, vans or small trucks to deliver mail or goods;"
8322,"Car, taxi and van drivers",0.1,Very Low,Assisting passengers with handling of luggage;
8322,"Car, taxi and van drivers",0.35,Low,"Collecting fares, payments for deliveries, or documents certifying deliveries;"
8322,"Car, taxi and van drivers",0.485,Low,"Operating telecommunications equipment to report location and availability, and follow directions of control centre;"
8322,"Car, taxi and van drivers",0.735,Medium,Determining most appropriate route;
8322,"Car, taxi and van drivers",0.1225,Very Low,Assisting physically challenged passengers;
8322,"Car, taxi and van drivers",0.08,Very Low,Operating equipment to facilitate the loading and unloading of physically challenged passengers.
8331,Bus and tram drivers,0.165,Very Low,"Driving and tending motor buses, trolley buses or motor coaches to transport local or long-distance passengers, mail or goods;"
8331,Bus and tram drivers,0.125,Very Low,Driving and tending street tramcars transporting passengers;
8331,Bus and tram drivers,0.085,Very Low,Opening and closing doors before or after passengers board or alight;
8331,Bus and tram drivers,0.15,Very Low,Assisting passengers with luggage;
8331,Bus and tram drivers,0.25,Low,"Controlling lighting, heating and ventilation on buses and trams;"
8331,Bus and tram drivers,0.225,Very Low,Observing traffic to ensure safe progress;
8331,Bus and tram drivers,0.25,Low,Collecting fares or verifying passenger has necessary ticket.
8332,Heavy truck and lorry drivers,0.14,Very Low,"Driving and tending a heavy motor vehicle, such as a lorry with or without trailer or a dump-truck, to transport goods, liquids or heavy materials over short or long distances;"
8332,Heavy truck and lorry drivers,0.7,Medium,Determining the most appropriate routes;
8332,Heavy truck and lorry drivers,0.18,Very Low,"Ensuring goods are stowed and securely covered, to prevent loss and damage;"
8332,Heavy truck and lorry drivers,0.1125,Very Low,"Assisting with or carrying out loading or unloading operations, using various lifting or tipping devices;"
8332,Heavy truck and lorry drivers,0.195,Very Low,"Carrying out minor maintenance to vehicles, and arranging major maintenance and repairs;"
8332,Heavy truck and lorry drivers,0.1425,Very Low,"Estimating weights to comply with load limitations, and ensuring the safe distribution of weights."
8341,Mobile farm and forestry plant operators,0.1,Very Low,"Driving and tending tractor-drawn or self-propelled special-purpose farm machinery to plough land and sow, fertilize, cultivate and harvest crops;"
8341,Mobile farm and forestry plant operators,0.15,Very Low,"Driving and tending tractor-drawn or self-propelled special-purpose forestry machinery to clear land, plant, harvest and carry trees and timber or perform other forestry operations;"
8341,Mobile farm and forestry plant operators,0.1375,Very Low,Preparing and positioning plant for operation;
8341,Mobile farm and forestry plant operators,0.13,Very Low,"Adjusting speed, height and depth of implements;"
8341,Mobile farm and forestry plant operators,0.0725,Very Low,"Operating plant to hold, lift and cut trees;"
8341,Mobile farm and forestry plant operators,0.13,Very Low,"Operating attachments to lift, swing, release and sort trees and logs, and operating auxiliary plant such as chipping machines and log splitting machines;"
8341,Mobile farm and forestry plant operators,0.1125,Very Low,Feeding felled trees into processors to strip limbs and cut into logs and loading logs onto stockpiles and into trucks;
8341,Mobile farm and forestry plant operators,0.15,Very Low,Servicing machinery and performing minor repairs.
8342,Earthmoving and related plant operators,0.1475,Very Low,"Operating and monitoring excavating machinery equipped with moveable shovel, grab-bucket or dragline bucket, to excavate and move earth, rock, sand, gravel or similar materials;"
8342,Earthmoving and related plant operators,0.1175,Very Low,"Operating and monitoring machinery for digging trenches for sewers, drainage, water, oil, gas or similar pipelines;"
8342,Earthmoving and related plant operators,0.13,Very Low,"Operating and monitoring machinery equipped with concave steel blade to move, distribute and level earth, sand, snow and other materials;"
8342,Earthmoving and related plant operators,0.15,Very Low,"Operating and monitoring equipment to remove sand, gravel and mud from bottom of body of water;"
8342,Earthmoving and related plant operators,0.1,Very Low,"Operating and monitoring machines for hammering wooden, concrete or steel piles into ground;"
8342,Earthmoving and related plant operators,0.14,Very Low,"Operating and monitoring power roller to compact and smooth layers of materials in making roads, pavements and similar work;"
8342,Earthmoving and related plant operators,0.135,Very Low,"Operating and monitoring machines which spread and smooth concrete or bituminous or tar preparations to construct roadways, roads or similar surfaces."
8343,"Crane, hoist and related plant operators",0.156,Very Low,"Operating and monitoring stationary or mobile cranes by raising and lowering jibs and booms, to lift, move, position or place equipment and materials;"
8343,"Crane, hoist and related plant operators",0.15,Very Low,"Operating and monitoring equipment for hoisting, lowering or raising workers and materials on construction sites or in mines;"
8343,"Crane, hoist and related plant operators",0.225,Very Low,Operating and monitoring ski-lifts and similar equipment;
8343,"Crane, hoist and related plant operators",0.1775,Very Low,"Operating and monitoring machinery used to haul ferry or barge with goods, passengers and vehicles across short stretches of water;"
8343,"Crane, hoist and related plant operators",0.21,Very Low,Operating and monitoring machinery to open and close bridge for the passage of road and water traffic;
8343,"Crane, hoist and related plant operators",0.1575,Very Low,Operating and monitoring cranes equipped with dredging attachments to dredge waterways and other areas;
8343,"Crane, hoist and related plant operators",0.15,Very Low,"Operating cranes mounted on boats or barges to lift, move and place equipment and materials."
8344,Lifting truck operators,0.155,Very Low,"Operating and monitoring lifting truck and similar equipment to load and unload, transport, lift and stack goods and pallets in terminals, harbours, warehouses, factories and other establishments;"
8344,Lifting truck operators,0.15,Very Low,"Positioning lifting devices under, over, or around loaded pallets, skids and boxes, and securing material or products for transport to designated areas;"
8344,Lifting truck operators,0.155,Very Low,Inspecting equipment to identify wear and damage;
8344,Lifting truck operators,0.1525,Very Low,Performing routine maintenance on vehicles and equipment;
8344,Lifting truck operators,0.3775,Low,Keeping records of work undertaken and breakdowns of vehicles.
8350,Ships' deck crews and related workers,0.1525,Very Low,Standing look-out watches at sea and when entering or leaving harbour or other narrow waters;
8350,Ships' deck crews and related workers,0.175,Very Low,Steering ship according to instructions;
8350,Ships' deck crews and related workers,0.15,Very Low,"Handling ropes and wires, and operates mooring equipment;"
8350,Ships' deck crews and related workers,0.1325,Very Low,"Maintaining and, in some cases, operating ship‚Äôs equipment, cargo gear, rigging, lifesaving and firefighting appliances;"
8350,Ships' deck crews and related workers,0.11,Very Low,"Performing deck and hull cleaning, scraping, painting and other maintenance duties as required;"
8350,Ships' deck crews and related workers,0.135,Very Low,"Breaking out, rigging and stowing cargo-handling gear, stationary rigging and running gear."
9111,Domestic cleaners and helpers,0.09,Very Low,"Sweeping, vacuum cleaning, polishing and washing floors and furniture, or washing windows and other fixtures;"
9111,Domestic cleaners and helpers,0.145,Very Low,"Washing, ironing and mending linen and other textiles;"
9111,Domestic cleaners and helpers,0.0715,Very Low,Washing dishes;
9111,Domestic cleaners and helpers,0.215,Very Low,"Helping with preparation, cooking and serving of meals and refreshments;"
9111,Domestic cleaners and helpers,0.3,Low,Purchasing food and various other household supplies;
9111,Domestic cleaners and helpers,0.095,Very Low,"Cleaning, disinfecting and deodorising kitchens, bathrooms and toilets;"
9111,Domestic cleaners and helpers,0.0875,Very Low,Cleaning windows and other glass surfaces.
9112,"Cleaners and helpers in offices, hotels and other establishments",0.0875,Very Low,"Sweeping or vacuum cleaning, washing and polishing floors, furniture and other fixtures in buildings, coaches, buses, trams, trains and aircraft;"
9112,"Cleaners and helpers in offices, hotels and other establishments",0.1375,Very Low,"Making beds, cleaning bathrooms, supplying towels, soap and related items;"
9112,"Cleaners and helpers in offices, hotels and other establishments",0.115,Very Low,"Cleaning kitchens and generally helping with kitchen work, including dishwashing;"
9112,"Cleaners and helpers in offices, hotels and other establishments",0.135,Very Low,"Picking up rubbish, emptying garbage containers and taking contents to waste areas to removal."
9121,Hand launderers and pressers,0.15,Very Low,"Laundering and pressing linen, clothing, fabrics and similar articles by hand in a laundry or other establishment;"
9121,Hand launderers and pressers,0.11,Very Low,"Cleaning, by hand and with chemical solutions, clothing, fabrics, leather goods and similar articles, in a dry-cleaning or other establishment;"
9121,Hand launderers and pressers,0.14,Very Low,Replacing buttons and making minor repairs;
9121,Hand launderers and pressers,0.175,Very Low,Placing articles on shelves and hanging articles for delivery and collection.
9122,Vehicle cleaners,0.07875,Very Low,"Cleaning, washing and polishing cars and other vehicles, by hand or using hand-held power tools;"
9122,Vehicle cleaners,0.0875,Very Low,Vacuuming vehicle interiors and dry-cleaning carpets and upholstery;
9122,Vehicle cleaners,0.1,Very Low,Applying cleaning agents to remove stains from vehicle exteriors and interiors;
9122,Vehicle cleaners,0.0775,Very Low,Washing tyres and wheel arches and blackening tyres;
9122,Vehicle cleaners,0.095,Very Low,Washing and polishing vehicle windows;
9122,Vehicle cleaners,0.095,Very Low,Emptying and cleaning compartments in vehicles.
9123,Window cleaners,0.095,Very Low,"Washing windows or other glass surfaces with water or various solutions, drying and polishing them;"
9123,Window cleaners,0.089,Very Low,"Using ladders, swinging scaffolds, bosun¬¥s chairs, hydraulic bucket trucks and other equipment to reach and clean windows in multistorey buildings;"
9123,Window cleaners,0.15,Very Low,Selecting appropriate cleaning or polishing implement.
9129,Other cleaning workers,0.09,Very Low,Cleaning carpets and upholstered furniture using cleaning machines and their attachments;.
9129,Other cleaning workers,0.1,Very Low,Selecting and applying cleaning agents to remove stains from carpets;
9129,Other cleaning workers,0.0925,Very Low,"Treating carpets with soil-repellent chemicals and deodorants, and treating for pests;"
9129,Other cleaning workers,0.09,Very Low,"Cleaning stone walls, metal surfaces and fascias using high pressure water cleaners and solvents;."
9129,Other cleaning workers,0.12,Very Low,Applying chemicals and high-pressure cleaning methods to remove micro-organisms from water and filtration systems;
9129,Other cleaning workers,0.12,Very Low,"Using wet vacuums and other suction equipment to remove scale, accumulated dirt and other deposits from swimming pools, cooling tower components and drains."
9211,Crop farm labourers,0.075,Very Low,Digging and shovelling to clear ditches or for other purposes;
9211,Crop farm labourers,0.0985,Very Low,"Loading and unloading supplies, produce and other materials;"
9211,Crop farm labourers,0.0725,Very Low,"Raking, pitching and stacking straw, hay and similar material;"
9211,Crop farm labourers,0.085,Very Low,"Watering, thinning, and weeding crops by hand or using hand tools;"
9211,Crop farm labourers,0.0925,Very Low,"Picking fruit, nuts, vegetables and other crops;"
9211,Crop farm labourers,0.063,Very Low,"Planting and harvesting field crops, such as rice, by hand;"
9211,Crop farm labourers,0.125,Very Low,"Grading, sorting, bunching and packing produce into containers;"
9211,Crop farm labourers,0.12,Very Low,"Performing minor repairs on fixtures, buildings, equipment and fences."
9212,Livestock farm labourers,0.066,Very Low,Digging and shovelling to clear ditches or for other purposes;
9212,Livestock farm labourers,0.11,Very Low,"Loading and unloading supplies, produce and other materials;"
9212,Livestock farm labourers,0.115,Very Low,"Feeding, watering and cleaning animals and keeping their quarters clean;"
9212,Livestock farm labourers,0.15,Very Low,Monitoring livestock and reporting on their condition;
9212,Livestock farm labourers,0.135,Very Low,Assisting with maintaining the health and welfare of livestock;
9212,Livestock farm labourers,0.15,Very Low,"Assisting with herding, droving and separating livestock for milking, shearing, transportation or slaughter and between pastures;"
9212,Livestock farm labourers,0.095,Very Low,Collecting eggs and placing in incubators;
9212,Livestock farm labourers,0.095,Very Low,"Raking, pitching, stacking and storing hay, straw and other types of animal feed and bedding"
9212,Livestock farm labourers,0.149,Very Low,"Grading, sorting, packing produce into containers;"
9212,Livestock farm labourers,0.12,Very Low,"Performing minor repairs on fixtures, buildings, equipment and fences."
9213,Mixed crop and livestock farm labourers,0.075,Very Low,Digging and shovelling to clear ditches or for other purposes;
9213,Mixed crop and livestock farm labourers,0.125,Very Low,"Loading and unloading supplies, produce and other materials;"
9213,Mixed crop and livestock farm labourers,0.0775,Very Low,"Raking, pitching and stacking straw, hay and similar material;"
9213,Mixed crop and livestock farm labourers,0.0975,Very Low,"Watering, thinning and weeding crops by hand or using hand tools;"
9213,Mixed crop and livestock farm labourers,0.11,Very Low,"Picking fruit, nuts, vegetables and other crops and collecting eggs;"
9213,Mixed crop and livestock farm labourers,0.0725,Very Low,"Planting and harvesting field crops, such as rice, by hand;"
9213,Mixed crop and livestock farm labourers,0.09,Very Low,"Feeding, watering, and cleaning animals and keeping their quarters clean;"
9213,Mixed crop and livestock farm labourers,0.155,Very Low,"Monitoring livestock, reporting on their condition;"
9213,Mixed crop and livestock farm labourers,0.145,Very Low,"Assisting with herding, droving and separating livestock for milking, shearing, transportation or slaughter, and between pastures;"
9213,Mixed crop and livestock farm labourers,0.15,Very Low,"Grading, sorting, bunching and packing produce into containers;"
9213,Mixed crop and livestock farm labourers,0.1425,Very Low,"Performing minor repairs on fixtures, buildings, equipment and fences."
9214,Garden and horticultural labourers,0.11,Very Low,"Loading, unloading and moving supplies, produce and equipment;"
9214,Garden and horticultural labourers,0.118,Very Low,Preparing garden sites and plots using hand tools and simple machines;
9214,Garden and horticultural labourers,0.11,Very Low,"Assisting with planting and transplanting flowers, shrubs, trees and lawns;"
9214,Garden and horticultural labourers,0.125,Very Low,"Maintaining gardens by watering, weeding and mowing lawns;"
9214,Garden and horticultural labourers,0.0875,Very Low,Cleaning gardens and removing rubbish;
9214,Garden and horticultural labourers,0.115,Very Low,"Assisting with propagating, planting and potting seeds, bulbs and cuttings;"
9214,Garden and horticultural labourers,0.094,Very Low,Tending plants by hand watering and weeding;
9214,Garden and horticultural labourers,0.1475,Very Low,Harvesting and packaging plants for sale and transport;
9214,Garden and horticultural labourers,0.135,Very Low,"Performing minor repairs on fixtures, buildings, equipment and fences."
9215,Forestry labourers,0.091,Very Low,Digging holes for tree planting;
9215,Forestry labourers,0.0835,Very Low,Stacking and loading logs and timber;
9215,Forestry labourers,0.0925,Very Low,Clearing undergrowth in forest stands and thinning young plantations;
9215,Forestry labourers,0.1075,Very Low,Maintaining look-out for fires in forests;
9215,Forestry labourers,0.07,Very Low,"Removing major branches and tree tops, trimming branches and sawing trunks into logs;"
9215,Forestry labourers,0.075,Very Low,Operating and maintaining manual and hand-held machine saws to fell trees and cut felled trees and branches into logs;
9215,Forestry labourers,0.108,Very Low,"Collecting seeds, and planting seedlings;"
9215,Forestry labourers,0.125,Very Low,"Performing minor repairs and maintenance of forest roads, buildings, facilities, and equipment."
9216,Fishery and aquaculture labourers,0.13,Very Low,Cleaning the sea-bed and feeding fish and molluscs that are being cultivated;
9216,Fishery and aquaculture labourers,0.05875,Very Low,"Gathering seaweed, sea mosses, clams and other molluscs;"
9216,Fishery and aquaculture labourers,0.1175,Very Low,"Preparing nets, lines and other fishing tackle and other deck equipment;"
9216,Fishery and aquaculture labourers,0.125,Very Low,Operating fishing gear to catch fish and other marine life;
9216,Fishery and aquaculture labourers,0.115,Very Low,"Cleaning, sorting and packing fish and seafood in ice and salt, and stowing catch in hold;"
9216,Fishery and aquaculture labourers,0.0775,Very Low,Cleaning deck surfaces and fish hold;
9216,Fishery and aquaculture labourers,0.15,Very Low,Handling mooring lines during docking.
9311,Mining and quarrying labourers,0.1375,Very Low,"Assisting miners and quarriers in maintaining machinery, equipment, and mine and quarry installations;"
9311,Mining and quarrying labourers,0.125,Very Low,Assembling and dismantling mining equipment;
9311,Mining and quarrying labourers,0.095,Very Low,Removing tunnel supports from disused workings in mines and quarries;
9311,Mining and quarrying labourers,0.082,Very Low,Removing dangerous projections from mine and quarry workings;
9311,Mining and quarrying labourers,0.11,Very Low,"Removing waste and serviceable materials and equipment from work areas after extraction activities have been completed, and clearing rock and mineral spills;"
9311,Mining and quarrying labourers,0.105,Very Low,"Cleaning machinery, equipment, tools, roadways and haulage tracks;"
9311,Mining and quarrying labourers,0.1075,Very Low,"Sorting, loading, unloading, stacking and storing tools, materials and supplies used by other mine workers."
9312,Civil engineering labourers,0.0725,Very Low,Digging and filling holes and trenches using hand held tools;
9312,Civil engineering labourers,0.085,Very Low,Shovelling and spreading gravel and related materials;
9312,Civil engineering labourers,0.08,Very Low,Trimming and cutting rocks and concrete and bitumen surfaces using jack-hammers;
9312,Civil engineering labourers,0.095,Very Low,"Loading and unloading construction materials, excavated material and equipment and transporting them around construction sites using wheelbarrows and hand trucks;"
9312,Civil engineering labourers,0.1325,Very Low,Cleaning worksites and removing obstructions.
9313,Building construction labourers,0.08,Very Low,Cleaning used building bricks and doing other simple work on demolition sites;
9313,Building construction labourers,0.12,Very Low,"Mixing, pouring and spreading materials such as concrete, plaster and mortar;"
9313,Building construction labourers,0.0725,Very Low,Digging and filling holes and trenches using hand held tools;
9313,Building construction labourers,0.086,Very Low,"Spreading sand, soil, gravel and similar materials;"
9313,Building construction labourers,0.1,Very Low,"Loading and unloading construction materials, excavated material and equipment and transporting them around construction sites using wheelbarrows, hods and hand trucks;"
9313,Building construction labourers,0.105,Very Low,Cleaning work sites and removing obstructions.
9321,Hand packers,0.18,Very Low,"Weighing, wrapping, sealing and packing material and various products by hand;"
9321,Hand packers,0.1625,Very Low,"Filling bottles, cans, boxes, bags and other containers with products by hand;"
9321,Hand packers,0.25,Low,"Labelling products, packages and various containers by hand."
9329,Manufacturing labourers not elsewhere classified,0.11,Very Low,"Conveying goods, material, equipment and other items to work areas, and removing finished pieces;"
9329,Manufacturing labourers not elsewhere classified,0.1075,Very Low,"Loading and unloading vehicles, trucks and trolleys;"
9329,Manufacturing labourers not elsewhere classified,0.12,Very Low,"Clearing machine blockages, cleaning machinery, equipment and tools;"
9329,Manufacturing labourers not elsewhere classified,0.1425,Very Low,Carrying out manual sorting of products or components.
9331,Hand and pedal vehicle drivers,0.15,Very Low,"Loading and unloading goods, or assisting passengers in getting on or off a vehicle;"
9331,Hand and pedal vehicle drivers,0.18,Very Low,Moving vehicle in the desired direction with due regard to other traffic and traffic regulations;
9331,Hand and pedal vehicle drivers,0.23,Very Low,Inspecting vehicle components to identify wear and damage;
9331,Hand and pedal vehicle drivers,0.14,Very Low,"Maintaining vehicle, making minor repairs and installing replacement parts;"
9331,Hand and pedal vehicle drivers,0.335,Low,Collecting fares or charges.
9332,Drivers of animal-drawn vehicles and machinery,0.055,Very Low,Harnessing animals and hitching them to vehicles or machinery;
9332,Drivers of animal-drawn vehicles and machinery,0.1375,Very Low,"Loading or unloading goods, or assisting passengers in getting on or off a vehicle;"
9332,Drivers of animal-drawn vehicles and machinery,0.16,Very Low,Driving animals in the desired direction with due regard to other traffic and traffic regulations;
9332,Drivers of animal-drawn vehicles and machinery,0.325,Low,Collecting fares or charges;
9332,Drivers of animal-drawn vehicles and machinery,0.048,Very Low,Driving animals to haul wagons in mines or quarries;
9332,Drivers of animal-drawn vehicles and machinery,0.099,Very Low,Driving animals hitched to farm or other machinery;
9332,Drivers of animal-drawn vehicles and machinery,0.0825,Very Low,Driving working elephants;
9332,Drivers of animal-drawn vehicles and machinery,0.15,Very Low,"Maintaining vehicle or machinery, making minor repairs and installing replacement parts;"
9332,Drivers of animal-drawn vehicles and machinery,0.135,Very Low,Grooming and feeding animals.
9333,Freight handlers,0.165,Very Low,"Packing office or household furniture, machines, appliances and related goods to be transported from one place to another;"
9333,Freight handlers,0.135,Very Low,"Carrying goods to be loaded on or unloaded from vans, trucks, wagons, ships or aircraft;"
9333,Freight handlers,0.15,Very Low,"Loading and unloading grain, coal, sand, baggage and other items by placing them on conveyor belts, pipes and other conveyances;"
9333,Freight handlers,0.095,Very Low,"Connecting hoses between main shore installation pipes and tanks of barges, tankers and other ships to load and unload petroleum, liquefied gases and other liquids;"
9333,Freight handlers,0.1625,Very Low,Carrying and stacking goods in warehouses and similar establishments;
9333,Freight handlers,0.1375,Very Low,Sorting cargo prior to loading and unloading.
9334,Shelf fillers,0.165,Very Low,"Placing goods neatly in bins and on racks, and stacking bulky goods on floors;"
9334,Shelf fillers,0.15,Very Low,Filling shelves with goods ensuring goods with the earliest use-by dates are at the front of shelves;
9334,Shelf fillers,0.15,Very Low,Removing goods with past due use-by dates;
9334,Shelf fillers,0.1525,Very Low,Maintaining shelf order by removing stock belonging in a different location;
9334,Shelf fillers,0.27,Low,Noting what has been sold and collecting goods needed from the stockroom;
9334,Shelf fillers,0.1625,Very Low,Obtaining articles for customers from shelf or stockroom;
9334,Shelf fillers,0.435,Low,Directing customers to location of articles sought;
9334,Shelf fillers,0.1525,Very Low,"Receiving, opening, unpacking, and inspecting for damage merchandise from manufacturer or distributor."
9411,Fast food preparers,0.155,Very Low,"Preparing simple or pre-prepared foods and beverages such as sandwiches, hamburgers, pizzas, fish and chips, salads and coffee;"
9411,Fast food preparers,0.145,Very Low,"Washing, cutting, measuring and mixing foods for cooking;"
9411,Fast food preparers,0.17,Very Low,"Operating large-volume single-process cooking equipment such as grills, deep-fat fryers or griddles;"
9411,Fast food preparers,0.1275,Very Low,Re-heating pre-prepared food;
9411,Fast food preparers,0.135,Very Low,"Cleaning food preparation areas, cooking surfaces and utensils;"
9411,Fast food preparers,0.25,Low,Taking and serving food and beverage orders in eating places that specialize in fast service and carry-out food;
9411,Fast food preparers,0.235,Very Low,Ordering and taking delivery of fast food ingredients;
9411,Fast food preparers,0.225,Very Low,"Maintaining sanitation, health, and safety standards in work areas;"
9411,Fast food preparers,0.205,Very Low,Verifying that prepared food meets requirements for quality and quantity.
9412,Kitchen helpers,0.115,Very Low,"Cleaning kitchens, food preparation areas and service areas;"
9412,Kitchen helpers,0.1425,Very Low,"Assisting cooks and chefs in preparation of food by washing, peeling, chopping, cutting, measuring and mixing ingredients;"
9412,Kitchen helpers,0.145,Very Low,Assembling dishes for service;
9412,Kitchen helpers,0.15,Very Low,"Unpacking checking, transferring, weighing and storing supplies in refrigerators, cupboards and other storage areas;"
9412,Kitchen helpers,0.125,Very Low,Washing dishes and cooking utensils and putting them away;
9412,Kitchen helpers,0.1,Very Low,"Preparing, cooking, toasting and heating simple food items."
9510,Street and related service workers,0.195,Very Low,Obtaining the materials necessary to perform services;
9510,Street and related service workers,0.155,Very Low,Approaching people on the street to offer services;
9510,Street and related service workers,0.135,Very Low,Cleaning and polishing shoes;
9510,Street and related service workers,0.0825,Very Low,Cleaning and polishing car windows;
9510,Street and related service workers,0.185,Very Low,Running errands;
9510,Street and related service workers,0.26,Low,Assisting car drivers to find a parking place and ensuring that the car is not damaged during driver‚Äôs absence;
9510,Street and related service workers,0.0825,Very Low,Handing out leaflets and free newspapers;
9510,Street and related service workers,0.335,Low,Receiving immediate payment.
9520,Street vendors (excluding food),0.24,Very Low,"Buying or receiving items for sale, or making simple items;"
9520,Street vendors (excluding food),0.0975,Very Low,"Loading and unloading baskets, trays, push-carts, bicycles, hand-trucks or other vehicles, to transport goods to the streets or public places such as stations or cinemas;"
9520,Street vendors (excluding food),0.2125,Very Low,Displaying goods or calling out to attract customer‚Äôs attention;
9520,Street vendors (excluding food),0.1175,Very Low,"Approaching potential customers on streets, or by going from house to house, to offer goods for sale;"
9520,Street vendors (excluding food),0.355,Low,Receiving immediate payment.
9611,Garbage and recycling collectors,0.075,Very Low,Collecting rubbish and recyclable materials and locating it into bins and garbage and recycling trucks;
9611,Garbage and recycling collectors,0.1125,Very Low,Riding on or in garbage and recycling trucks;
9611,Garbage and recycling collectors,0.1,Very Low,Lifting garbage bins and emptying contents into trucks and larger containers;
9611,Garbage and recycling collectors,0.08,Very Low,Unloading garbage and recycling trucks.
9612,Refuse sorters,0.135,Very Low,"Searching through refuse and collecting items for recycling from dump sites, domestic, commercial and industrial premises or from public places such as streets;"
9612,Refuse sorters,0.15,Very Low,"Sorting cardboard, paper, glass, plastic, aluminium or other recyclable materials by type;"
9612,Refuse sorters,0.15,Very Low,Placing recyclable items and materials in designated compartments and containers for storage or transportation;
9612,Refuse sorters,0.155,Very Low,"Identifying and setting aside items of furniture, equipment, machinery or components that are suitable for repair or re-use;"
9612,Refuse sorters,0.0925,Very Low,Transporting recyclable items by hand or using non-motorized vehicles;
9612,Refuse sorters,0.405,Low,Selling recyclable or reusable materials.
9613,Sweepers and related labourers,0.105,Very Low,"Sweeping streets, parks, airports, stations and similar public places;"
9613,Sweepers and related labourers,0.06,Very Low,Shovelling snow;
9613,Sweepers and related labourers,0.0875,Very Low,Beating dust out of carpets by using a carpet-beater;
9613,Sweepers and related labourers,0.125,Very Low,"Cleaning rubbish, leaves and snow from driveways and grounds."
9621,"Messengers, package deliverers and luggage porters",0.24,Very Low,"Delivering messages, packages and other items within an establishment or between establishments, or elsewhere;"
9621,"Messengers, package deliverers and luggage porters",0.25,Low,"Delivering various goods to and from enterprises, shops, households and other places;"
9621,"Messengers, package deliverers and luggage porters",0.2,Very Low,"Carrying and delivering luggage at hotels, stations, airports, and elsewhere;"
9621,"Messengers, package deliverers and luggage porters",0.405,Low,Receiving and marking baggage by completing and attaching claim checks;
9621,"Messengers, package deliverers and luggage porters",0.7,Medium,Planning and following the most efficient route;
9621,"Messengers, package deliverers and luggage porters",0.425,Low,Sorting items to be delivered according to the delivery route.
9622,Odd job persons,0.1,Very Low,"Repairing broken windows, screens, doors, fences, barbecues, picnic tables, shelves, cupboards and other items;"
9622,Odd job persons,0.13875,Very Low,Replacing defective items such as light bulbs;
9622,Odd job persons,0.1225,Very Low,"Repairing and painting interior and exterior surfaces such as walls, ceilings and fences;"
9622,Odd job persons,0.15,Very Low,Adjusting doors and windows;
9622,Odd job persons,0.08,Very Low,Replacing tap washers;
9622,Odd job persons,0.08,Very Low,Putting up handrails and grab rails;
9622,Odd job persons,0.1,Very Low,Unloading coal or wood and putting it into cellars of private households or establishments.
9623,Meter readers and vending-machine collectors,0.18,Very Low,Filling storage areas of vending machines and collecting money from their containers;
9623,Meter readers and vending-machine collectors,0.19,Very Low,Collecting money from parking meters and similar coinboxes;
9623,Meter readers and vending-machine collectors,0.75,High,"Reading electricity, gas or water meters and recording consumption;"
9623,Meter readers and vending-machine collectors,0.58,Medium,Keeping records of merchandise distributed and money collected;
9623,Meter readers and vending-machine collectors,0.315,Low,Proceeding along established routes to take readings of meter dials;
9623,Meter readers and vending-machine collectors,0.35,Low,"Verifying readings in cases where consumption appears to be abnormal, and record possible reasons for fluctuations;"
9623,Meter readers and vending-machine collectors,0.2725,Low,"Inspecting meters for unauthorized connections, defects and damage such as broken seals."
9624,Water and firewood collectors,0.09,Very Low,Cutting and collecting wood from forests for sale in market or as fuel or for own consumption;
9624,Water and firewood collectors,0.07,Very Low,Visiting forests or fields to pick pieces of dried wood from ground and arranging them in heaps;
9624,Water and firewood collectors,0.0725,Very Low,Cutting decayed branches and trunks of trees using axes and hand-saws;
9624,Water and firewood collectors,0.0725,Very Low,Tying collected wood into small faggots and carrying them or transporting them on a cart to the market for sale or to village or household for use;
9624,Water and firewood collectors,0.08,Very Low,"Drawing water from wells, rivers or ponds, etc. for domestic use;"
9624,Water and firewood collectors,0.15,Very Low,"Collecting water in leather bags, buckets or other containers from taps, rivers, ponds or wells, and delivering the water to work sites, the houses of clients or to own household for drinking, cleaning of drains or storage in tanks."
9629,Elementary workers not elsewhere classified,0.485,Low,"Selling admission tickets and passes to patrons at entertainment events or collecting tickets, passes and tags from patrons;"
9629,Elementary workers not elsewhere classified,0.45,Low,"Examining tickets or passes to verify authenticity, using criteria such as colour and date issued;"
9629,Elementary workers not elsewhere classified,0.135,Very Low,Guiding patrons to exits or providing other instructions or assistance in case of emergency;
9629,Elementary workers not elsewhere classified,0.33,Low,"Directing patrons to restrooms, concession stands and telephones;"
9629,Elementary workers not elsewhere classified,0.205,Very Low,Directing vehicle drivers to parking spaces;
9629,Elementary workers not elsewhere classified,0.19,Very Low,Patrolling parking areas in order to prevent vehicle damage and vehicle property thefts;
9629,Elementary workers not elsewhere classified,0.375,Low,Calculating parking charges and collecting fees from customers;
9629,Elementary workers not elsewhere classified,0.1675,Very Low,"Assigning dressing room facilities, locker space or clothing containers to patrons of athletic or bathing establishments."
